entity_id,state,district,constituency_number,constituency,constituency_wiki_url,alliance,party,party_wiki_url,candidate_name,candidate_wiki_url,has_wiki_page,remarks,reservation,infobox_json
KL-001-LDF,Kerala,Kasaragod,1,Manjeshwaram,https://en.wikipedia.org/wiki/Manjeshwaram_Assembly_constituency,LDF,CPI(M),https://en.wikipedia.org/wiki/Communist_Party_of_India_(Marxist),K. R. Jayanandan,,False,,,
KL-001-UDF,Kerala,Kasaragod,1,Manjeshwaram,https://en.wikipedia.org/wiki/Manjeshwaram_Assembly_constituency,UDF,IUML,https://en.wikipedia.org/wiki/Indian_Union_Muslim_League,A. K. M. Ashraf,https://en.wikipedia.org/wiki/A._K._M._Ashraf,True,,,
KL-001-NDA,Kerala,Kasaragod,1,Manjeshwaram,https://en.wikipedia.org/wiki/Manjeshwaram_Assembly_constituency,NDA,BJP,https://en.wikipedia.org/wiki/Bharatiya_Janata_Party,K. Surendran,https://en.wikipedia.org/wiki/K._Surendran_(politician),True,,,
KL-002-LDF,Kerala,Kasaragod,2,Kasaragod,https://en.wikipedia.org/wiki/Kasaragod_Assembly_constituency,LDF,IND,https://en.wikipedia.org/wiki/Independent_politician,Shanavas Padhoor,,False,,,
KL-002-UDF,Kerala,Kasaragod,2,Kasaragod,https://en.wikipedia.org/wiki/Kasaragod_Assembly_constituency,UDF,IUML,https://en.wikipedia.org/wiki/Indian_Union_Muslim_League,Kallatra Mahin Haji,,False,,,
KL-002-NDA,Kerala,Kasaragod,2,Kasaragod,https://en.wikipedia.org/wiki/Kasaragod_Assembly_constituency,NDA,BJP,https://en.wikipedia.org/wiki/Bharatiya_Janata_Party,M. L. Ashwini,,False,,,
KL-003-LDF,Kerala,Kasaragod,3,Udma,https://en.wikipedia.org/wiki/Udma_Assembly_constituency,LDF,CPI(M),https://en.wikipedia.org/wiki/Communist_Party_of_India_(Marxist),C. H. Kunhambu,https://en.wikipedia.org/wiki/C._H._Kunhambu,True,,,
KL-003-UDF,Kerala,Kasaragod,3,Udma,https://en.wikipedia.org/wiki/Udma_Assembly_constituency,UDF,INC,https://en.wikipedia.org/wiki/Indian_National_Congress,K. Neelakandan,,False,,,
KL-003-NDA,Kerala,Kasaragod,3,Udma,https://en.wikipedia.org/wiki/Udma_Assembly_constituency,NDA,BJP,https://en.wikipedia.org/wiki/Bharatiya_Janata_Party,Manulal Meloth,,False,,,
KL-004-LDF,Kerala,Kasaragod,4,Kanhangad,https://en.wikipedia.org/wiki/Kanhangad_Assembly_constituency,LDF,CPI,https://en.wikipedia.org/wiki/Communist_Party_of_India,Govindan Pallikkappil,,False,,,
KL-004-UDF,Kerala,Kasaragod,4,Kanhangad,https://en.wikipedia.org/wiki/Kanhangad_Assembly_constituency,UDF,KEC,https://en.wikipedia.org/wiki/Kerala_Congress,Shyji Ottapalli,,False,,,
KL-004-NDA,Kerala,Kasaragod,4,Kanhangad,https://en.wikipedia.org/wiki/Kanhangad_Assembly_constituency,NDA,BJP,https://en.wikipedia.org/wiki/Bharatiya_Janata_Party,M. Balraj,,False,,,
KL-005-LDF,Kerala,Kasaragod,5,Thrikaripur,https://en.wikipedia.org/wiki/Thrikaripur_Assembly_constituency,LDF,CPI(M),https://en.wikipedia.org/wiki/Communist_Party_of_India_(Marxist),V. P. P. Mustafa,,False,,,
KL-005-UDF,Kerala,Kasaragod,5,Thrikaripur,https://en.wikipedia.org/wiki/Thrikaripur_Assembly_constituency,UDF,INC,https://en.wikipedia.org/wiki/Indian_National_Congress,Sandeep Varier,,False,,,
KL-005-NDA,Kerala,Kasaragod,5,Thrikaripur,https://en.wikipedia.org/wiki/Thrikaripur_Assembly_constituency,NDA,TTP,https://en.wikipedia.org/wiki/Twenty20_Party,Ravi Kulangara,,False,,,
KL-006-LDF,Kerala,Kannur,6,Payyanur,https://en.wikipedia.org/wiki/Payyanur_Assembly_constituency,LDF,CPI(M),https://en.wikipedia.org/wiki/Communist_Party_of_India_(Marxist),T. I. Madhusoodanan,https://en.wikipedia.org/wiki/T._I._Madhusoodanan,True,,,
KL-006-UDF,Kerala,Kannur,6,Payyanur,https://en.wikipedia.org/wiki/Payyanur_Assembly_constituency,UDF,IND,https://en.wikipedia.org/wiki/Independent_politician,V. Kunjikrishnan,,False,,,
KL-006-NDA,Kerala,Kannur,6,Payyanur,https://en.wikipedia.org/wiki/Payyanur_Assembly_constituency,NDA,BJP,https://en.wikipedia.org/wiki/Bharatiya_Janata_Party,A. P. Gangadharan,,False,,,
KL-007-LDF,Kerala,Kannur,7,Kalliasseri,https://en.wikipedia.org/wiki/Kalliasseri_Assembly_constituency,LDF,CPI(M),https://en.wikipedia.org/wiki/Communist_Party_of_India_(Marxist),M. Vijin,https://en.wikipedia.org/wiki/M._Vijin,True,,,
KL-007-UDF,Kerala,Kannur,7,Kalliasseri,https://en.wikipedia.org/wiki/Kalliasseri_Assembly_constituency,UDF,INC,https://en.wikipedia.org/wiki/Indian_National_Congress,Rajeevan Kappachery,,False,,,
KL-007-NDA,Kerala,Kannur,7,Kalliasseri,https://en.wikipedia.org/wiki/Kalliasseri_Assembly_constituency,NDA,BJP,https://en.wikipedia.org/wiki/Bharatiya_Janata_Party,A. V. Anilkumar,,False,,,
KL-008-LDF,Kerala,Kannur,8,Taliparamba,https://en.wikipedia.org/wiki/Taliparamba_Assembly_constituency,LDF,CPI(M),https://en.wikipedia.org/wiki/Communist_Party_of_India_(Marxist),P. K. Shyamala,,False,,,
KL-008-UDF,Kerala,Kannur,8,Taliparamba,https://en.wikipedia.org/wiki/Taliparamba_Assembly_constituency,UDF,IND,https://en.wikipedia.org/wiki/Independent_politician,T. K. Govindan,,False,,,
KL-008-NDA,Kerala,Kannur,8,Taliparamba,https://en.wikipedia.org/wiki/Taliparamba_Assembly_constituency,NDA,BJP,https://en.wikipedia.org/wiki/Bharatiya_Janata_Party,N. Haridas,,False,,,
KL-009-LDF,Kerala,Kannur,9,Irikkur,https://en.wikipedia.org/wiki/Irikkur_Assembly_constituency,LDF,KC(M),https://en.wikipedia.org/wiki/Kerala_Congress_(M),Mathew Kunnapally,,False,,,
KL-009-UDF,Kerala,Kannur,9,Irikkur,https://en.wikipedia.org/wiki/Irikkur_Assembly_constituency,UDF,INC,https://en.wikipedia.org/wiki/Indian_National_Congress,Sajeev Joseph,https://en.wikipedia.org/wiki/Sajeev_Joseph,True,,,
KL-009-NDA,Kerala,Kannur,9,Irikkur,https://en.wikipedia.org/wiki/Irikkur_Assembly_constituency,NDA,TTP,https://en.wikipedia.org/wiki/Twenty20_Party,Srinath Padmanabhan,,False,,,
KL-010-LDF,Kerala,Kannur,10,Azhikode,https://en.wikipedia.org/wiki/Azhikode_Assembly_constituency,LDF,CPI(M),https://en.wikipedia.org/wiki/Communist_Party_of_India_(Marxist),K. V. Sumesh,https://en.wikipedia.org/wiki/K._V._Sumesh,True,,,
KL-010-UDF,Kerala,Kannur,10,Azhikode,https://en.wikipedia.org/wiki/Azhikode_Assembly_constituency,UDF,IUML,https://en.wikipedia.org/wiki/Indian_Union_Muslim_League,Kareem Cheleri,,False,,,
KL-010-NDA,Kerala,Kannur,10,Azhikode,https://en.wikipedia.org/wiki/Azhikode_Assembly_constituency,NDA,BJP,https://en.wikipedia.org/wiki/Bharatiya_Janata_Party,K. K. Vinod Kumar,,False,,,
KL-011-LDF,Kerala,Kannur,11,Kannur,https://en.wikipedia.org/wiki/Kannur_Assembly_constituency,LDF,Cong(S),https://en.wikipedia.org/wiki/Congress_(Secular),Kadanappalli Ramachandran,,False,,,
KL-011-UDF,Kerala,Kannur,11,Kannur,https://en.wikipedia.org/wiki/Kannur_Assembly_constituency,UDF,INC,https://en.wikipedia.org/wiki/Indian_National_Congress,T. O. Mohanan,,False,,,
KL-011-NDA,Kerala,Kannur,11,Kannur,https://en.wikipedia.org/wiki/Kannur_Assembly_constituency,NDA,BJP,https://en.wikipedia.org/wiki/Bharatiya_Janata_Party,C. Raghunath,,False,,,
KL-012-LDF,Kerala,Kannur,12,Dharmadom,https://en.wikipedia.org/wiki/Dharmadam_Assembly_constituency,LDF,CPI(M),https://en.wikipedia.org/wiki/Communist_Party_of_India_(Marxist),Pinarayi Vijayan,https://en.wikipedia.org/wiki/Pinarayi_Vijayan,True,,,
KL-012-UDF,Kerala,Kannur,12,Dharmadom,https://en.wikipedia.org/wiki/Dharmadam_Assembly_constituency,UDF,INC,https://en.wikipedia.org/wiki/Indian_National_Congress,Abdul Rasheed,,False,,,
KL-012-NDA,Kerala,Kannur,12,Dharmadom,https://en.wikipedia.org/wiki/Dharmadam_Assembly_constituency,NDA,BJP,https://en.wikipedia.org/wiki/Bharatiya_Janata_Party,K. Ranjith,,False,,,
KL-013-LDF,Kerala,Kannur,13,Thalassery,https://en.wikipedia.org/wiki/Thalassery_Assembly_constituency,LDF,CPI(M),https://en.wikipedia.org/wiki/Communist_Party_of_India_(Marxist),Karayi Rajan,,False,,,
KL-013-UDF,Kerala,Kannur,13,Thalassery,https://en.wikipedia.org/wiki/Thalassery_Assembly_constituency,UDF,INC,https://en.wikipedia.org/wiki/Indian_National_Congress,K. P. Saju,,False,,,
KL-013-NDA,Kerala,Kannur,13,Thalassery,https://en.wikipedia.org/wiki/Thalassery_Assembly_constituency,NDA,BJP,https://en.wikipedia.org/wiki/Bharatiya_Janata_Party,O. Nidheesh,,False,,,
KL-014-LDF,Kerala,Kannur,14,Kuthuparamba,https://en.wikipedia.org/wiki/Kuthuparamba_Assembly_constituency,LDF,RJD,https://en.wikipedia.org/wiki/Rashtriya_Janata_Dal,P. K. Praveen,,False,,,
KL-014-UDF,Kerala,Kannur,14,Kuthuparamba,https://en.wikipedia.org/wiki/Kuthuparamba_Assembly_constituency,UDF,IUML,https://en.wikipedia.org/wiki/Indian_Union_Muslim_League,Jayanthi Rajan,,False,,,
KL-014-NDA,Kerala,Kannur,14,Kuthuparamba,https://en.wikipedia.org/wiki/Kuthuparamba_Assembly_constituency,NDA,BJP,https://en.wikipedia.org/wiki/Bharatiya_Janata_Party,Shijilal,,False,,,
KL-015-LDF,Kerala,Kannur,15,Mattanur,https://en.wikipedia.org/wiki/Mattanur_Assembly_constituency,LDF,CPI(M),https://en.wikipedia.org/wiki/Communist_Party_of_India_(Marxist),V. K. Sanoj,,False,,,
KL-015-UDF,Kerala,Kannur,15,Mattanur,https://en.wikipedia.org/wiki/Mattanur_Assembly_constituency,UDF,INC,https://en.wikipedia.org/wiki/Indian_National_Congress,Chandran Thillenkeri,,False,,,
KL-015-NDA,Kerala,Kannur,15,Mattanur,https://en.wikipedia.org/wiki/Mattanur_Assembly_constituency,NDA,BJP,https://en.wikipedia.org/wiki/Bharatiya_Janata_Party,Biju Elakkuzhi,,False,,,
KL-016-LDF,Kerala,Kannur,16,Peravoor,https://en.wikipedia.org/wiki/Peravoor_Assembly_constituency,LDF,CPI(M),https://en.wikipedia.org/wiki/Communist_Party_of_India_(Marxist),K. K. Shailaja,https://en.wikipedia.org/wiki/K._K._Shailaja,True,,,
KL-016-UDF,Kerala,Kannur,16,Peravoor,https://en.wikipedia.org/wiki/Peravoor_Assembly_constituency,UDF,INC,https://en.wikipedia.org/wiki/Indian_National_Congress,Sunny Joseph,https://en.wikipedia.org/wiki/Sunny_Joseph_(politician),True,,,
KL-016-NDA,Kerala,Kannur,16,Peravoor,https://en.wikipedia.org/wiki/Peravoor_Assembly_constituency,NDA,BDJS,https://en.wikipedia.org/wiki/Bharath_Dharma_Jana_Sena,Paily Vathiatt,,False,,,
KL-017-LDF,Kerala,Wayanad,17,Mananthavady(ST),https://en.wikipedia.org/wiki/Mananthavady_Assembly_constituency,LDF,CPI(M),https://en.wikipedia.org/wiki/Communist_Party_of_India_(Marxist),O. R. Kelu,https://en.wikipedia.org/wiki/O._R._Kelu,True,,,
KL-017-UDF,Kerala,Wayanad,17,Mananthavady(ST),https://en.wikipedia.org/wiki/Mananthavady_Assembly_constituency,UDF,INC,https://en.wikipedia.org/wiki/Indian_National_Congress,Usha Vijayan,,False,,,
KL-017-NDA,Kerala,Wayanad,17,Mananthavady(ST),https://en.wikipedia.org/wiki/Mananthavady_Assembly_constituency,NDA,BJP,https://en.wikipedia.org/wiki/Bharatiya_Janata_Party,P. Shyam Raj,,False,,,
KL-018-LDF,Kerala,Wayanad,18,Sulthan Bathery(ST),https://en.wikipedia.org/wiki/Sulthan_Bathery_Assembly_constituency,LDF,CPI(M),https://en.wikipedia.org/wiki/Communist_Party_of_India_(Marxist),M. S. Viswanathan,,False,,,
KL-018-UDF,Kerala,Wayanad,18,Sulthan Bathery(ST),https://en.wikipedia.org/wiki/Sulthan_Bathery_Assembly_constituency,UDF,INC,https://en.wikipedia.org/wiki/Indian_National_Congress,I. C. Balakrishnan,https://en.wikipedia.org/wiki/I._C._Balakrishnan,True,,,
KL-018-NDA,Kerala,Wayanad,18,Sulthan Bathery(ST),https://en.wikipedia.org/wiki/Sulthan_Bathery_Assembly_constituency,NDA,BJP,https://en.wikipedia.org/wiki/Bharatiya_Janata_Party,A. S. Kavitha,,False,,,
KL-019-LDF,Kerala,Wayanad,19,Kalpetta,https://en.wikipedia.org/wiki/Kalpetta_Assembly_constituency,LDF,RJD,https://en.wikipedia.org/wiki/Rashtriya_Janata_Dal,P. K. Anil Kumar,,False,,,
KL-019-UDF,Kerala,Wayanad,19,Kalpetta,https://en.wikipedia.org/wiki/Kalpetta_Assembly_constituency,UDF,INC,https://en.wikipedia.org/wiki/Indian_National_Congress,T. Siddique,https://en.wikipedia.org/wiki/T._Siddique,True,,,
KL-019-NDA,Kerala,Wayanad,19,Kalpetta,https://en.wikipedia.org/wiki/Kalpetta_Assembly_constituency,NDA,BJP,https://en.wikipedia.org/wiki/Bharatiya_Janata_Party,Prashanth Malavayal,,False,,,
KL-020-LDF,Kerala,Kozhikode,20,Vatakara,https://en.wikipedia.org/wiki/Vadakara_Assembly_constituency,LDF,RJD,https://en.wikipedia.org/wiki/Rashtriya_Janata_Dal,M. K. Bhaskaran,,False,,,
KL-020-UDF,Kerala,Kozhikode,20,Vatakara,https://en.wikipedia.org/wiki/Vadakara_Assembly_constituency,UDF,RMPI,https://en.wikipedia.org/wiki/Revolutionary_Marxist_Party_of_India,K. K. Rema,https://en.wikipedia.org/wiki/K._K._Rema,True,,,
KL-020-NDA,Kerala,Kozhikode,20,Vatakara,https://en.wikipedia.org/wiki/Vadakara_Assembly_constituency,NDA,BJP,https://en.wikipedia.org/wiki/Bharatiya_Janata_Party,K. Dileep,,False,,,
KL-021-LDF,Kerala,Kozhikode,21,Kuttiady,https://en.wikipedia.org/wiki/Kuttiady_Assembly_constituency,LDF,CPI(M),https://en.wikipedia.org/wiki/Communist_Party_of_India_(Marxist),K. P. Kunhammadkutty,https://en.wikipedia.org/wiki/K._P._Kunhammadkutty,True,,,
KL-021-UDF,Kerala,Kozhikode,21,Kuttiady,https://en.wikipedia.org/wiki/Kuttiady_Assembly_constituency,UDF,IUML,https://en.wikipedia.org/wiki/Indian_Union_Muslim_League,Parakkal Abdulla,https://en.wikipedia.org/wiki/Parakkal_Abdulla,True,,,
KL-021-NDA,Kerala,Kozhikode,21,Kuttiady,https://en.wikipedia.org/wiki/Kuttiady_Assembly_constituency,NDA,BJP,https://en.wikipedia.org/wiki/Bharatiya_Janata_Party,Ramadas Manaleri,,False,,,
KL-022-LDF,Kerala,Kozhikode,22,Nadapuram,https://en.wikipedia.org/wiki/Nadapuram_Assembly_constituency,LDF,CPI,https://en.wikipedia.org/wiki/Communist_Party_of_India,P. Vasantham,,False,,,
KL-022-UDF,Kerala,Kozhikode,22,Nadapuram,https://en.wikipedia.org/wiki/Nadapuram_Assembly_constituency,UDF,INC,https://en.wikipedia.org/wiki/Indian_National_Congress,K. M. Abhijith,,False,,,
KL-022-NDA,Kerala,Kozhikode,22,Nadapuram,https://en.wikipedia.org/wiki/Nadapuram_Assembly_constituency,NDA,BJP,https://en.wikipedia.org/wiki/Bharatiya_Janata_Party,C. P. Vipin Chandran,,False,,,
KL-023-LDF,Kerala,Kozhikode,23,Koyilandy,https://en.wikipedia.org/wiki/Quilandy_Assembly_constituency,LDF,CPI(M),https://en.wikipedia.org/wiki/Communist_Party_of_India_(Marxist),K. Dasan,https://en.wikipedia.org/wiki/K._Dasan,True,,,
KL-023-UDF,Kerala,Kozhikode,23,Koyilandy,https://en.wikipedia.org/wiki/Quilandy_Assembly_constituency,UDF,INC,https://en.wikipedia.org/wiki/Indian_National_Congress,K. Praveen Kumar,,False,,,
KL-023-NDA,Kerala,Kozhikode,23,Koyilandy,https://en.wikipedia.org/wiki/Quilandy_Assembly_constituency,NDA,BJP,https://en.wikipedia.org/wiki/Bharatiya_Janata_Party,C. R. Praphul Krishnan,,False,,,
KL-024-LDF,Kerala,Kozhikode,24,Perambra,https://en.wikipedia.org/wiki/Perambra_Assembly_constituency,LDF,CPI(M),https://en.wikipedia.org/wiki/Communist_Party_of_India_(Marxist),T. P. Ramakrishnan,https://en.wikipedia.org/wiki/T._P._Ramakrishnan,True,,,
KL-024-UDF,Kerala,Kozhikode,24,Perambra,https://en.wikipedia.org/wiki/Perambra_Assembly_constituency,UDF,IUML,https://en.wikipedia.org/wiki/Indian_Union_Muslim_League,Fathima Thahiliya,,False,,,
KL-024-NDA,Kerala,Kozhikode,24,Perambra,https://en.wikipedia.org/wiki/Perambra_Assembly_constituency,NDA,BJP,https://en.wikipedia.org/wiki/Bharatiya_Janata_Party,M. Mohanan Master,,False,,,
KL-025-LDF,Kerala,Kozhikode,25,Balussery(SC),https://en.wikipedia.org/wiki/Balussery_Assembly_constituency,LDF,CPI(M),https://en.wikipedia.org/wiki/Communist_Party_of_India_(Marxist),K. M. Sachin Dev,https://en.wikipedia.org/wiki/K._M._Sachin_Dev,True,,,
KL-025-UDF,Kerala,Kozhikode,25,Balussery(SC),https://en.wikipedia.org/wiki/Balussery_Assembly_constituency,UDF,INC,https://en.wikipedia.org/wiki/Indian_National_Congress,V. T. Sooraj,,False,,,
KL-025-NDA,Kerala,Kozhikode,25,Balussery(SC),https://en.wikipedia.org/wiki/Balussery_Assembly_constituency,NDA,BJP,https://en.wikipedia.org/wiki/Bharatiya_Janata_Party,C. P. Sateeshan,,False,,,
KL-026-LDF,Kerala,Kozhikode,26,Elathur,https://en.wikipedia.org/wiki/Elathur_Assembly_constituency,LDF,NCP-SP,https://en.wikipedia.org/wiki/Nationalist_Congress_Party_(Sharadchandra_Pawar),A. K. Saseendran,https://en.wikipedia.org/wiki/A._K._Saseendran,True,,,
KL-026-UDF,Kerala,Kozhikode,26,Elathur,https://en.wikipedia.org/wiki/Elathur_Assembly_constituency,UDF,INC,https://en.wikipedia.org/wiki/Indian_National_Congress,Vidya Balakrishnan,,False,,,
KL-026-NDA,Kerala,Kozhikode,26,Elathur,https://en.wikipedia.org/wiki/Elathur_Assembly_constituency,NDA,BJP,https://en.wikipedia.org/wiki/Bharatiya_Janata_Party,T. Devadas,,False,,,
KL-027-LDF,Kerala,Kozhikode,27,Kozhikode North,https://en.wikipedia.org/wiki/Kozhikode_North_Assembly_constituency,LDF,CPI(M),https://en.wikipedia.org/wiki/Communist_Party_of_India_(Marxist),Thottathil Ravindran,https://en.wikipedia.org/wiki/Thottathil_Ravindran,True,,,
KL-027-UDF,Kerala,Kozhikode,27,Kozhikode North,https://en.wikipedia.org/wiki/Kozhikode_North_Assembly_constituency,UDF,INC,https://en.wikipedia.org/wiki/Indian_National_Congress,K. Jayanth,,False,,,
KL-027-NDA,Kerala,Kozhikode,27,Kozhikode North,https://en.wikipedia.org/wiki/Kozhikode_North_Assembly_constituency,NDA,BJP,https://en.wikipedia.org/wiki/Bharatiya_Janata_Party,Navya Haridas,,False,,,
KL-028-LDF,Kerala,Kozhikode,28,Kozhikode South,https://en.wikipedia.org/wiki/Kozhikode_South_Assembly_constituency,LDF,INL,https://en.wikipedia.org/wiki/Indian_National_League,Ahamed Devarkovil,https://en.wikipedia.org/wiki/Ahamed_Devarkovil,True,,,
KL-028-UDF,Kerala,Kozhikode,28,Kozhikode South,https://en.wikipedia.org/wiki/Kozhikode_South_Assembly_constituency,UDF,IUML,https://en.wikipedia.org/wiki/Indian_Union_Muslim_League,Faisal Babu,,False,,,
KL-028-NDA,Kerala,Kozhikode,28,Kozhikode South,https://en.wikipedia.org/wiki/Kozhikode_South_Assembly_constituency,NDA,BJP,https://en.wikipedia.org/wiki/Bharatiya_Janata_Party,T. Reneesh,,False,,,
KL-029-LDF,Kerala,Kozhikode,29,Beypore,https://en.wikipedia.org/wiki/Beypore_Assembly_constituency,LDF,CPI(M),https://en.wikipedia.org/wiki/Communist_Party_of_India_(Marxist),P. A. Mohammed Riyas,https://en.wikipedia.org/wiki/P._A._Mohammed_Riyas,True,,,
KL-029-UDF,Kerala,Kozhikode,29,Beypore,https://en.wikipedia.org/wiki/Beypore_Assembly_constituency,UDF,IND,https://en.wikipedia.org/wiki/Independent_politician,P. V. Anvar,https://en.wikipedia.org/wiki/P._V._Anvar,True,,,
KL-029-NDA,Kerala,Kozhikode,29,Beypore,https://en.wikipedia.org/wiki/Beypore_Assembly_constituency,NDA,BJP,https://en.wikipedia.org/wiki/Bharatiya_Janata_Party,K. P. Prakash Babu,,False,,,
KL-030-LDF,Kerala,Kozhikode,30,Kunnamangalam,https://en.wikipedia.org/wiki/Kunnamangalam_Assembly_constituency,LDF,IND,https://en.wikipedia.org/wiki/Independent_politician,P. T. A. Rahim,https://en.wikipedia.org/wiki/P._T._A._Rahim,True,,,
KL-030-UDF,Kerala,Kozhikode,30,Kunnamangalam,https://en.wikipedia.org/wiki/Kunnamangalam_Assembly_constituency,UDF,IUML,https://en.wikipedia.org/wiki/Indian_Union_Muslim_League,M. A. Razak Master,,False,,,
KL-030-NDA,Kerala,Kozhikode,30,Kunnamangalam,https://en.wikipedia.org/wiki/Kunnamangalam_Assembly_constituency,NDA,BJP,https://en.wikipedia.org/wiki/Bharatiya_Janata_Party,V. K. Sajeevan,,False,,,
KL-031-LDF,Kerala,Kozhikode,31,Koduvally,https://en.wikipedia.org/wiki/Koduvally_Assembly_constituency,LDF,IND,https://en.wikipedia.org/wiki/Independent_politician,Saleem Madavoor,,False,,,
KL-031-UDF,Kerala,Kozhikode,31,Koduvally,https://en.wikipedia.org/wiki/Koduvally_Assembly_constituency,UDF,IUML,https://en.wikipedia.org/wiki/Indian_Union_Muslim_League,P. K. Firos,,False,,,
KL-031-NDA,Kerala,Kozhikode,31,Koduvally,https://en.wikipedia.org/wiki/Koduvally_Assembly_constituency,NDA,BDJS,https://en.wikipedia.org/wiki/Bharath_Dharma_Jana_Sena,Giri Pambanal,,False,,,
KL-032-LDF,Kerala,Kozhikode,32,Thiruvambady,https://en.wikipedia.org/wiki/Thiruvambady_Assembly_constituency,LDF,CPI(M),https://en.wikipedia.org/wiki/Communist_Party_of_India_(Marxist),Linto Joseph,https://en.wikipedia.org/wiki/Linto_Joseph,True,,,
KL-032-UDF,Kerala,Kozhikode,32,Thiruvambady,https://en.wikipedia.org/wiki/Thiruvambady_Assembly_constituency,UDF,IUML,https://en.wikipedia.org/wiki/Indian_Union_Muslim_League,C. K. Kasim,,False,,,
KL-032-NDA,Kerala,Kozhikode,32,Thiruvambady,https://en.wikipedia.org/wiki/Thiruvambady_Assembly_constituency,NDA,TTP,https://en.wikipedia.org/wiki/Twenty20_Party,Sunny Thomas,,False,,,
KL-033-LDF,Kerala,Malappuram,33,Kondotty,https://en.wikipedia.org/wiki/Kondotty_Assembly_constituency,LDF,CPI(M),https://en.wikipedia.org/wiki/Communist_Party_of_India_(Marxist),P. Jiji,,False,,,
KL-033-UDF,Kerala,Malappuram,33,Kondotty,https://en.wikipedia.org/wiki/Kondotty_Assembly_constituency,UDF,IUML,https://en.wikipedia.org/wiki/Indian_Union_Muslim_League,T. P. Ashrafali,,False,,,
KL-033-NDA,Kerala,Malappuram,33,Kondotty,https://en.wikipedia.org/wiki/Kondotty_Assembly_constituency,NDA,BJP,https://en.wikipedia.org/wiki/Bharatiya_Janata_Party,P. Subhramanyan,,False,,,
KL-034-LDF,Kerala,Malappuram,34,Eranad,https://en.wikipedia.org/wiki/Eranad_Assembly_constituency,LDF,CPI,https://en.wikipedia.org/wiki/Communist_Party_of_India,Shafeer Kizhisery,,False,,,
KL-034-UDF,Kerala,Malappuram,34,Eranad,https://en.wikipedia.org/wiki/Eranad_Assembly_constituency,UDF,IUML,https://en.wikipedia.org/wiki/Indian_Union_Muslim_League,P. K. Basheer,https://en.wikipedia.org/wiki/P._K._Basheer,True,,,
KL-034-NDA,Kerala,Malappuram,34,Eranad,https://en.wikipedia.org/wiki/Eranad_Assembly_constituency,NDA,BJP,https://en.wikipedia.org/wiki/Bharatiya_Janata_Party,N. Sreeprakash,,False,,,
KL-035-LDF,Kerala,Malappuram,35,Nilambur,https://en.wikipedia.org/wiki/Nilambur_Assembly_constituency,LDF,IND,https://en.wikipedia.org/wiki/Independent_politician,U. Sharafali,https://en.wikipedia.org/wiki/U._Sharafali,True,,,
KL-035-UDF,Kerala,Malappuram,35,Nilambur,https://en.wikipedia.org/wiki/Nilambur_Assembly_constituency,UDF,INC,https://en.wikipedia.org/wiki/Indian_National_Congress,Aryadan Shoukath,https://en.wikipedia.org/wiki/Aryadan_Shoukath,True,,,
KL-035-NDA,Kerala,Malappuram,35,Nilambur,https://en.wikipedia.org/wiki/Nilambur_Assembly_constituency,NDA,BDJS,https://en.wikipedia.org/wiki/Bharath_Dharma_Jana_Sena,Gireesh Mekkad,,False,,,
KL-036-LDF,Kerala,Malappuram,36,Wandoor(SC),https://en.wikipedia.org/wiki/Wandoor_Assembly_constituency,LDF,CPI(M),https://en.wikipedia.org/wiki/Communist_Party_of_India_(Marxist),K. K. Damodaran,,False,,,
KL-036-UDF,Kerala,Malappuram,36,Wandoor(SC),https://en.wikipedia.org/wiki/Wandoor_Assembly_constituency,UDF,INC,https://en.wikipedia.org/wiki/Indian_National_Congress,A. P. Anil Kumar,https://en.wikipedia.org/wiki/A._P._Anil_Kumar,True,,,
KL-036-NDA,Kerala,Malappuram,36,Wandoor(SC),https://en.wikipedia.org/wiki/Wandoor_Assembly_constituency,NDA,IND,https://en.wikipedia.org/wiki/Independent_politician,E. P. Kumaradas,,False,,,
KL-037-LDF,Kerala,Malappuram,37,Manjeri,https://en.wikipedia.org/wiki/Manjeri_Assembly_constituency,LDF,IND,https://en.wikipedia.org/wiki/Independent_politician,M. Mustafa,,False,,,
KL-037-UDF,Kerala,Malappuram,37,Manjeri,https://en.wikipedia.org/wiki/Manjeri_Assembly_constituency,UDF,IUML,https://en.wikipedia.org/wiki/Indian_Union_Muslim_League,M. Rahmathulla,,False,,,
KL-037-NDA,Kerala,Malappuram,37,Manjeri,https://en.wikipedia.org/wiki/Manjeri_Assembly_constituency,NDA,BJP,https://en.wikipedia.org/wiki/Bharatiya_Janata_Party,Pathmasree M.,,False,,,
KL-038-LDF,Kerala,Malappuram,38,Perinthalmanna,https://en.wikipedia.org/wiki/Perinthalmanna_Assembly_constituency,LDF,CPI(M),https://en.wikipedia.org/wiki/Communist_Party_of_India_(Marxist),V. P. Muhammad Haneefa,,False,,,
KL-038-UDF,Kerala,Malappuram,38,Perinthalmanna,https://en.wikipedia.org/wiki/Perinthalmanna_Assembly_constituency,UDF,IUML,https://en.wikipedia.org/wiki/Indian_Union_Muslim_League,Najeeb Kanthapuram,https://en.wikipedia.org/wiki/Najeeb_Kanthapuram,True,,,
KL-038-NDA,Kerala,Malappuram,38,Perinthalmanna,https://en.wikipedia.org/wiki/Perinthalmanna_Assembly_constituency,NDA,BJP,https://en.wikipedia.org/wiki/Bharatiya_Janata_Party,K. P. Baburaj,,False,,,
KL-039-LDF,Kerala,Malappuram,39,Mankada,https://en.wikipedia.org/wiki/Mankada_Assembly_constituency,LDF,IND,https://en.wikipedia.org/wiki/Independent_politician,Kunnath Muhammed,,False,,,
KL-039-UDF,Kerala,Malappuram,39,Mankada,https://en.wikipedia.org/wiki/Mankada_Assembly_constituency,UDF,IUML,https://en.wikipedia.org/wiki/Indian_Union_Muslim_League,Manjalamkuzhi Ali,https://en.wikipedia.org/wiki/Manjalamkuzhi_Ali,True,,,
KL-039-NDA,Kerala,Malappuram,39,Mankada,https://en.wikipedia.org/wiki/Mankada_Assembly_constituency,NDA,BJP,https://en.wikipedia.org/wiki/Bharatiya_Janata_Party,Lijoy Paul,,False,,,
KL-040-LDF,Kerala,Malappuram,40,Malappuram,https://en.wikipedia.org/wiki/Malappuram_Assembly_constituency,LDF,NCP-SP,https://en.wikipedia.org/wiki/Nationalist_Congress_Party_(Sharadchandra_Pawar),T. Mujeeb,,False,,,
KL-040-UDF,Kerala,Malappuram,40,Malappuram,https://en.wikipedia.org/wiki/Malappuram_Assembly_constituency,UDF,IUML,https://en.wikipedia.org/wiki/Indian_Union_Muslim_League,P. K. Kunhalikutty,https://en.wikipedia.org/wiki/P._K._Kunhalikutty,True,,,
KL-040-NDA,Kerala,Malappuram,40,Malappuram,https://en.wikipedia.org/wiki/Malappuram_Assembly_constituency,NDA,BJP,https://en.wikipedia.org/wiki/Bharatiya_Janata_Party,Aswathy Gupthakumar,,False,,,
KL-041-LDF,Kerala,Malappuram,41,Vengara,https://en.wikipedia.org/wiki/Vengara_Assembly_constituency,LDF,IND,https://en.wikipedia.org/wiki/Independent_politician,Muhammad Sabah Kundukuzhikkal,,False,,,
KL-041-UDF,Kerala,Malappuram,41,Vengara,https://en.wikipedia.org/wiki/Vengara_Assembly_constituency,UDF,IUML,https://en.wikipedia.org/wiki/Indian_Union_Muslim_League,K. M. Shaji,https://en.wikipedia.org/wiki/K._M._Shaji,True,,,
KL-041-NDA,Kerala,Malappuram,41,Vengara,https://en.wikipedia.org/wiki/Vengara_Assembly_constituency,NDA,BJP,https://en.wikipedia.org/wiki/Bharatiya_Janata_Party,Jayakrishnan V. N.,,False,,,
KL-042-LDF,Kerala,Malappuram,42,Vallikkunnu,https://en.wikipedia.org/wiki/Vallikunnu_Assembly_constituency,LDF,IND,https://en.wikipedia.org/wiki/Independent_politician,C. P. Musthafa,,False,,,
KL-042-UDF,Kerala,Malappuram,42,Vallikkunnu,https://en.wikipedia.org/wiki/Vallikunnu_Assembly_constituency,UDF,IUML,https://en.wikipedia.org/wiki/Indian_Union_Muslim_League,T. V. Ibrahim,https://en.wikipedia.org/wiki/T._V._Ibrahim,True,,,
KL-042-NDA,Kerala,Malappuram,42,Vallikkunnu,https://en.wikipedia.org/wiki/Vallikunnu_Assembly_constituency,NDA,BJP,https://en.wikipedia.org/wiki/Bharatiya_Janata_Party,M. Preman Master,,False,,,
KL-043-LDF,Kerala,Malappuram,43,Tirurangadi,https://en.wikipedia.org/wiki/Tirurangadi_Assembly_constituency,LDF,CPI,https://en.wikipedia.org/wiki/Communist_Party_of_India,Ajit Koladi,,False,,,
KL-043-UDF,Kerala,Malappuram,43,Tirurangadi,https://en.wikipedia.org/wiki/Tirurangadi_Assembly_constituency,UDF,IUML,https://en.wikipedia.org/wiki/Indian_Union_Muslim_League,P. M. A. Sameer,,False,,,
KL-043-NDA,Kerala,Malappuram,43,Tirurangadi,https://en.wikipedia.org/wiki/Tirurangadi_Assembly_constituency,NDA,BJP,https://en.wikipedia.org/wiki/Bharatiya_Janata_Party,Riju C. Raghav,,False,,,
KL-044-LDF,Kerala,Malappuram,44,Tanur,https://en.wikipedia.org/wiki/Tanur_Assembly_constituency,LDF,IND,https://en.wikipedia.org/wiki/Independent_politician,P. Mohammed Sameer,,False,,,
KL-044-UDF,Kerala,Malappuram,44,Tanur,https://en.wikipedia.org/wiki/Tanur_Assembly_constituency,UDF,IUML,https://en.wikipedia.org/wiki/Indian_Union_Muslim_League,P. K. Navas,,False,,,
KL-044-NDA,Kerala,Malappuram,44,Tanur,https://en.wikipedia.org/wiki/Tanur_Assembly_constituency,NDA,BJP,https://en.wikipedia.org/wiki/Bharatiya_Janata_Party,Deepa Puzhakkal,,False,,,
KL-045-LDF,Kerala,Malappuram,45,Tirur,https://en.wikipedia.org/wiki/Tirur_Assembly_constituency,LDF,CPI(M),https://en.wikipedia.org/wiki/Communist_Party_of_India_(Marxist),V. Abdurahiman,https://en.wikipedia.org/wiki/V._Abdurahiman,True,,,
KL-045-UDF,Kerala,Malappuram,45,Tirur,https://en.wikipedia.org/wiki/Tirur_Assembly_constituency,UDF,IUML,https://en.wikipedia.org/wiki/Indian_Union_Muslim_League,Kurukkoli Moideen,https://en.wikipedia.org/wiki/Kurukkoli_Moideen,True,,,
KL-045-NDA,Kerala,Malappuram,45,Tirur,https://en.wikipedia.org/wiki/Tirur_Assembly_constituency,NDA,BJP,https://en.wikipedia.org/wiki/Bharatiya_Janata_Party,K. Narayanan Master,,False,,,
KL-046-LDF,Kerala,Malappuram,46,Kottakkal,https://en.wikipedia.org/wiki/Kottakkal_Assembly_constituency,LDF,CPI(M),https://en.wikipedia.org/wiki/Communist_Party_of_India_(Marxist),Preethi Konchath,,False,,,
KL-046-UDF,Kerala,Malappuram,46,Kottakkal,https://en.wikipedia.org/wiki/Kottakkal_Assembly_constituency,UDF,IUML,https://en.wikipedia.org/wiki/Indian_Union_Muslim_League,K. K. Abid Hussain Thangal,https://en.wikipedia.org/wiki/K._K._Abid_Hussain_Thangal,True,,,
KL-046-NDA,Kerala,Malappuram,46,Kottakkal,https://en.wikipedia.org/wiki/Kottakkal_Assembly_constituency,NDA,BDJS,https://en.wikipedia.org/wiki/Bharath_Dharma_Jana_Sena,Subrahmanian Chunkapally,,False,,,
KL-047-LDF,Kerala,Malappuram,47,Thavanur,https://en.wikipedia.org/wiki/Thavanur_Assembly_constituency,LDF,IND,https://en.wikipedia.org/wiki/Independent_politician,K. T. Jaleel,https://en.wikipedia.org/wiki/K._T._Jaleel,True,,,
KL-047-UDF,Kerala,Malappuram,47,Thavanur,https://en.wikipedia.org/wiki/Thavanur_Assembly_constituency,UDF,INC,https://en.wikipedia.org/wiki/Indian_National_Congress,V. S. Joy,,False,,,
KL-047-NDA,Kerala,Malappuram,47,Thavanur,https://en.wikipedia.org/wiki/Thavanur_Assembly_constituency,NDA,BJP,https://en.wikipedia.org/wiki/Bharatiya_Janata_Party,Ravi Thelath,,False,,,
KL-048-LDF,Kerala,Malappuram,48,Ponnani,https://en.wikipedia.org/wiki/Ponnani_Assembly_constituency,LDF,CPI(M),https://en.wikipedia.org/wiki/Communist_Party_of_India_(Marxist),M. K. Sakeer,,False,,,
KL-048-UDF,Kerala,Malappuram,48,Ponnani,https://en.wikipedia.org/wiki/Ponnani_Assembly_constituency,UDF,INC,https://en.wikipedia.org/wiki/Indian_National_Congress,K. P. Noushad Ali,,False,,,
KL-048-NDA,Kerala,Malappuram,48,Ponnani,https://en.wikipedia.org/wiki/Ponnani_Assembly_constituency,NDA,BDJS,https://en.wikipedia.org/wiki/Bharath_Dharma_Jana_Sena,E. Maneesh,,False,,,
KL-049-LDF,Kerala,Palakkad,49,Thrithala,https://en.wikipedia.org/wiki/Thrithala_Assembly_constituency,LDF,CPI(M),https://en.wikipedia.org/wiki/Communist_Party_of_India_(Marxist),M. B. Rajesh,https://en.wikipedia.org/wiki/M._B._Rajesh,True,,,
KL-049-UDF,Kerala,Palakkad,49,Thrithala,https://en.wikipedia.org/wiki/Thrithala_Assembly_constituency,UDF,INC,https://en.wikipedia.org/wiki/Indian_National_Congress,V. T. Balram,https://en.wikipedia.org/wiki/V._T._Balram,True,,,
KL-049-NDA,Kerala,Palakkad,49,Thrithala,https://en.wikipedia.org/wiki/Thrithala_Assembly_constituency,NDA,BJP,https://en.wikipedia.org/wiki/Bharatiya_Janata_Party,V. Unnikrishnan Master,,False,,,
KL-050-LDF,Kerala,Palakkad,50,Pattambi,https://en.wikipedia.org/wiki/Pattambi_Assembly_constituency,LDF,CPI,https://en.wikipedia.org/wiki/Communist_Party_of_India,Muhammed Muhsin,https://en.wikipedia.org/wiki/Muhammed_Muhsin,True,,,
KL-050-UDF,Kerala,Palakkad,50,Pattambi,https://en.wikipedia.org/wiki/Pattambi_Assembly_constituency,UDF,INC,https://en.wikipedia.org/wiki/Indian_National_Congress,T. P. Shaji,,False,,,
KL-050-NDA,Kerala,Palakkad,50,Pattambi,https://en.wikipedia.org/wiki/Pattambi_Assembly_constituency,NDA,BJP,https://en.wikipedia.org/wiki/Bharatiya_Janata_Party,P. Manoj,,False,,,
KL-051-LDF,Kerala,Palakkad,51,Shornur,https://en.wikipedia.org/wiki/Shornur_Assembly_constituency,LDF,CPI(M),https://en.wikipedia.org/wiki/Communist_Party_of_India_(Marxist),P. Mammikutty,https://en.wikipedia.org/wiki/P._Mammikutty,True,,,
KL-051-UDF,Kerala,Palakkad,51,Shornur,https://en.wikipedia.org/wiki/Shornur_Assembly_constituency,UDF,INC,https://en.wikipedia.org/wiki/Indian_National_Congress,P. Harigovindan Master,,False,,,
KL-051-NDA,Kerala,Palakkad,51,Shornur,https://en.wikipedia.org/wiki/Shornur_Assembly_constituency,NDA,BJP,https://en.wikipedia.org/wiki/Bharatiya_Janata_Party,Sanku T. Das,,False,,,
KL-052-LDF,Kerala,Palakkad,52,Ottapalam,https://en.wikipedia.org/wiki/Ottapalam_Assembly_constituency,LDF,CPI(M),https://en.wikipedia.org/wiki/Communist_Party_of_India_(Marxist),K. Premkumar,https://en.wikipedia.org/wiki/K._Premkumar,True,,,
KL-052-UDF,Kerala,Palakkad,52,Ottapalam,https://en.wikipedia.org/wiki/Ottapalam_Assembly_constituency,UDF,IND,https://en.wikipedia.org/wiki/Independent_politician,P. K. Sasi,https://en.wikipedia.org/wiki/P._K._Sasi,True,,,
KL-052-NDA,Kerala,Palakkad,52,Ottapalam,https://en.wikipedia.org/wiki/Ottapalam_Assembly_constituency,NDA,BJP,https://en.wikipedia.org/wiki/Bharatiya_Janata_Party,Major Ravi,https://en.wikipedia.org/wiki/Major_Ravi,True,,,
KL-053-LDF,Kerala,Palakkad,53,Kongad(SC),https://en.wikipedia.org/wiki/Kongad_Assembly_constituency,LDF,CPI(M),https://en.wikipedia.org/wiki/Communist_Party_of_India_(Marxist),K. Shanthakumari,https://en.wikipedia.org/wiki/K._Shanthakumari,True,,,
KL-053-UDF,Kerala,Palakkad,53,Kongad(SC),https://en.wikipedia.org/wiki/Kongad_Assembly_constituency,UDF,INC,https://en.wikipedia.org/wiki/Indian_National_Congress,K. A. Thulasi,,False,,,
KL-053-NDA,Kerala,Palakkad,53,Kongad(SC),https://en.wikipedia.org/wiki/Kongad_Assembly_constituency,NDA,BJP,https://en.wikipedia.org/wiki/Bharatiya_Janata_Party,Renu Suresh,,False,,,
KL-054-LDF,Kerala,Palakkad,54,Mannarkkad,https://en.wikipedia.org/wiki/Mannarkkad_Assembly_constituency,LDF,CPI,https://en.wikipedia.org/wiki/Communist_Party_of_India,Mansil Abubacker,,False,,,
KL-054-UDF,Kerala,Palakkad,54,Mannarkkad,https://en.wikipedia.org/wiki/Mannarkkad_Assembly_constituency,UDF,IUML,https://en.wikipedia.org/wiki/Indian_Union_Muslim_League,N. Samsudheen,https://en.wikipedia.org/wiki/N._Samsudheen,True,,,
KL-054-NDA,Kerala,Palakkad,54,Mannarkkad,https://en.wikipedia.org/wiki/Mannarkkad_Assembly_constituency,NDA,BDJS,https://en.wikipedia.org/wiki/Bharath_Dharma_Jana_Sena,Issac Varghese,,False,,,
KL-055-LDF,Kerala,Palakkad,55,Malampuzha,https://en.wikipedia.org/wiki/Malampuzha_Assembly_constituency,LDF,CPI(M),https://en.wikipedia.org/wiki/Communist_Party_of_India_(Marxist),A. Prabhakaran,,False,,,
KL-055-UDF,Kerala,Palakkad,55,Malampuzha,https://en.wikipedia.org/wiki/Malampuzha_Assembly_constituency,UDF,INC,https://en.wikipedia.org/wiki/Indian_National_Congress,A. Suresh,,False,,,
KL-055-NDA,Kerala,Palakkad,55,Malampuzha,https://en.wikipedia.org/wiki/Malampuzha_Assembly_constituency,NDA,BJP,https://en.wikipedia.org/wiki/Bharatiya_Janata_Party,C. Krishnakumar,,False,,,
KL-056-LDF,Kerala,Palakkad,56,Palakkad,https://en.wikipedia.org/wiki/Palakkad_Assembly_constituency,LDF,IND,https://en.wikipedia.org/wiki/Independent_politician,N. M. R. Rasakh,,False,,,
KL-056-UDF,Kerala,Palakkad,56,Palakkad,https://en.wikipedia.org/wiki/Palakkad_Assembly_constituency,UDF,INC,https://en.wikipedia.org/wiki/Indian_National_Congress,Ramesh Pisharody,https://en.wikipedia.org/wiki/Ramesh_Pisharody,True,,,
KL-056-NDA,Kerala,Palakkad,56,Palakkad,https://en.wikipedia.org/wiki/Palakkad_Assembly_constituency,NDA,BJP,https://en.wikipedia.org/wiki/Bharatiya_Janata_Party,Sobha Surendran,https://en.wikipedia.org/wiki/Sobha_Surendran,True,,,
KL-057-LDF,Kerala,Palakkad,57,Tarur(SC),https://en.wikipedia.org/wiki/Tarur_Assembly_constituency,LDF,CPI(M),https://en.wikipedia.org/wiki/Communist_Party_of_India_(Marxist),P. P. Sumod,https://en.wikipedia.org/wiki/P._P._Sumod,True,,,
KL-057-UDF,Kerala,Palakkad,57,Tarur(SC),https://en.wikipedia.org/wiki/Tarur_Assembly_constituency,UDF,INC,https://en.wikipedia.org/wiki/Indian_National_Congress,K. C. Subramanian,,False,,,
KL-057-NDA,Kerala,Palakkad,57,Tarur(SC),https://en.wikipedia.org/wiki/Tarur_Assembly_constituency,NDA,BJP,https://en.wikipedia.org/wiki/Bharatiya_Janata_Party,Suresh Babu,,False,,,
KL-058-LDF,Kerala,Palakkad,58,Chittur,https://en.wikipedia.org/wiki/Chittur_Assembly_constituency,LDF,ISJD,https://en.wikipedia.org/wiki/Indian_Socialist_Janata_Dal,V. Murugadas,,False,,,
KL-058-UDF,Kerala,Palakkad,58,Chittur,https://en.wikipedia.org/wiki/Chittur_Assembly_constituency,UDF,INC,https://en.wikipedia.org/wiki/Indian_National_Congress,Sumesh Achuthan,,False,,,
KL-058-NDA,Kerala,Palakkad,58,Chittur,https://en.wikipedia.org/wiki/Chittur_Assembly_constituency,NDA,BJP,https://en.wikipedia.org/wiki/Bharatiya_Janata_Party,Pranesh Rajendran,,False,,,
KL-059-LDF,Kerala,Palakkad,59,Nenmara,https://en.wikipedia.org/wiki/Nenmara_Assembly_constituency,LDF,CPI(M),https://en.wikipedia.org/wiki/Communist_Party_of_India_(Marxist),K. Preman,,False,,,
KL-059-UDF,Kerala,Palakkad,59,Nenmara,https://en.wikipedia.org/wiki/Nenmara_Assembly_constituency,UDF,INC,https://en.wikipedia.org/wiki/Indian_National_Congress,A. Thankappan,,False,,,
KL-059-NDA,Kerala,Palakkad,59,Nenmara,https://en.wikipedia.org/wiki/Nenmara_Assembly_constituency,NDA,BDJS,https://en.wikipedia.org/wiki/Bharath_Dharma_Jana_Sena,A. N. Anurag,,False,,,
KL-060-LDF,Kerala,Palakkad,60,Alathur,https://en.wikipedia.org/wiki/Alathur_Assembly_constituency,LDF,CPI(M),https://en.wikipedia.org/wiki/Communist_Party_of_India_(Marxist),T. M. Sasi,,False,,,
KL-060-UDF,Kerala,Palakkad,60,Alathur,https://en.wikipedia.org/wiki/Alathur_Assembly_constituency,UDF,INC,https://en.wikipedia.org/wiki/Indian_National_Congress,K. N. Febin,,False,,,
KL-060-NDA,Kerala,Palakkad,60,Alathur,https://en.wikipedia.org/wiki/Alathur_Assembly_constituency,NDA,BJP,https://en.wikipedia.org/wiki/Bharatiya_Janata_Party,K. V. Prasanna Kumar,,False,,,
KL-061-LDF,Kerala,Thrissur,61,Chelakkara(SC),https://en.wikipedia.org/wiki/Chelakkara_Assembly_constituency,LDF,CPI(M),https://en.wikipedia.org/wiki/Communist_Party_of_India_(Marxist),U. R. Pradeep,https://en.wikipedia.org/wiki/U._R._Pradeep,True,,,
KL-061-UDF,Kerala,Thrissur,61,Chelakkara(SC),https://en.wikipedia.org/wiki/Chelakkara_Assembly_constituency,UDF,IND,https://en.wikipedia.org/wiki/Independent_politician,Sivan Veettikkunnu,,False,,,
KL-061-NDA,Kerala,Thrissur,61,Chelakkara(SC),https://en.wikipedia.org/wiki/Chelakkara_Assembly_constituency,NDA,BJP,https://en.wikipedia.org/wiki/Bharatiya_Janata_Party,K. Balakrishnan,https://en.wikipedia.org/wiki/K._Balakrishnan,True,,,
KL-062-LDF,Kerala,Thrissur,62,Kunnamkulam,https://en.wikipedia.org/wiki/Kunnamkulam_Assembly_constituency,LDF,CPI(M),https://en.wikipedia.org/wiki/Communist_Party_of_India_(Marxist),A. C. Moideen,https://en.wikipedia.org/wiki/A._C._Moideen,True,,,
KL-062-UDF,Kerala,Thrissur,62,Kunnamkulam,https://en.wikipedia.org/wiki/Kunnamkulam_Assembly_constituency,UDF,INC,https://en.wikipedia.org/wiki/Indian_National_Congress,P. T. Ajay Mohan,https://en.wikipedia.org/wiki/P._T._Ajay_Mohan,True,,,
KL-062-NDA,Kerala,Thrissur,62,Kunnamkulam,https://en.wikipedia.org/wiki/Kunnamkulam_Assembly_constituency,NDA,BDJS,https://en.wikipedia.org/wiki/Bharath_Dharma_Jana_Sena,Rijil K. R.,,False,,,
KL-063-LDF,Kerala,Thrissur,63,Guruvayur,https://en.wikipedia.org/wiki/Guruvayur_Assembly_constituency,LDF,CPI(M),https://en.wikipedia.org/wiki/Communist_Party_of_India_(Marxist),N. K. Akbar,https://en.wikipedia.org/wiki/N._K._Akbar,True,,,
KL-063-UDF,Kerala,Thrissur,63,Guruvayur,https://en.wikipedia.org/wiki/Guruvayur_Assembly_constituency,UDF,IUML,https://en.wikipedia.org/wiki/Indian_Union_Muslim_League,C. H. Rasheed,,False,,,
KL-063-NDA,Kerala,Thrissur,63,Guruvayur,https://en.wikipedia.org/wiki/Guruvayur_Assembly_constituency,NDA,BJP,https://en.wikipedia.org/wiki/Bharatiya_Janata_Party,B. Gopalakrishnan,,False,,,
KL-064-LDF,Kerala,Thrissur,64,Manalur,https://en.wikipedia.org/wiki/Manalur_Assembly_constituency,LDF,CPI(M),https://en.wikipedia.org/wiki/Communist_Party_of_India_(Marxist),C. Raveendranath,https://en.wikipedia.org/wiki/C._Raveendranath,True,,,
KL-064-UDF,Kerala,Thrissur,64,Manalur,https://en.wikipedia.org/wiki/Manalur_Assembly_constituency,UDF,INC,https://en.wikipedia.org/wiki/Indian_National_Congress,T. N. Prathapan,https://en.wikipedia.org/wiki/T._N._Prathapan,True,,,
KL-064-NDA,Kerala,Thrissur,64,Manalur,https://en.wikipedia.org/wiki/Manalur_Assembly_constituency,NDA,BJP,https://en.wikipedia.org/wiki/Bharatiya_Janata_Party,K. K. Aneesh Kumar,,False,,,
KL-065-LDF,Kerala,Thrissur,65,Wadakkanchery,https://en.wikipedia.org/wiki/Wadakkanchery_Assembly_constituency,LDF,CPI(M),https://en.wikipedia.org/wiki/Communist_Party_of_India_(Marxist),Xavier Chittilappilly,https://en.wikipedia.org/wiki/Xavier_Chittilappilly,True,,,
KL-065-UDF,Kerala,Thrissur,65,Wadakkanchery,https://en.wikipedia.org/wiki/Wadakkanchery_Assembly_constituency,UDF,INC,https://en.wikipedia.org/wiki/Indian_National_Congress,Vyshak Narayanaswami,,False,,,
KL-065-NDA,Kerala,Thrissur,65,Wadakkanchery,https://en.wikipedia.org/wiki/Wadakkanchery_Assembly_constituency,NDA,BJP,https://en.wikipedia.org/wiki/Bharatiya_Janata_Party,T. S. Ullas Babu,,False,,,
KL-066-LDF,Kerala,Thrissur,66,Ollur,https://en.wikipedia.org/wiki/Ollur_Assembly_constituency,LDF,CPI,https://en.wikipedia.org/wiki/Communist_Party_of_India,K. Rajan,https://en.wikipedia.org/wiki/K._Rajan_(politician),True,,,
KL-066-UDF,Kerala,Thrissur,66,Ollur,https://en.wikipedia.org/wiki/Ollur_Assembly_constituency,UDF,INC,https://en.wikipedia.org/wiki/Indian_National_Congress,Shaji Kodankandath,,False,,,
KL-066-NDA,Kerala,Thrissur,66,Ollur,https://en.wikipedia.org/wiki/Ollur_Assembly_constituency,NDA,BJP,https://en.wikipedia.org/wiki/Bharatiya_Janata_Party,Bijoy Thomas,,False,,,
KL-067-LDF,Kerala,Thrissur,67,Thrissur,https://en.wikipedia.org/wiki/Thrissur_Assembly_constituency,LDF,CPI,https://en.wikipedia.org/wiki/Communist_Party_of_India,Alankode Leelakrishnan,,False,,,
KL-067-UDF,Kerala,Thrissur,67,Thrissur,https://en.wikipedia.org/wiki/Thrissur_Assembly_constituency,UDF,INC,https://en.wikipedia.org/wiki/Indian_National_Congress,Rajan Pallan,https://en.wikipedia.org/wiki/Rajan_Pallan,True,,,
KL-067-NDA,Kerala,Thrissur,67,Thrissur,https://en.wikipedia.org/wiki/Thrissur_Assembly_constituency,NDA,BJP,https://en.wikipedia.org/wiki/Bharatiya_Janata_Party,Padmaja Venugopal,,False,,,
KL-068-LDF,Kerala,Thrissur,68,Nattika(SC),https://en.wikipedia.org/wiki/Nattika_Assembly_constituency,LDF,CPI,https://en.wikipedia.org/wiki/Communist_Party_of_India,Geetha Gopi,https://en.wikipedia.org/wiki/Geetha_Gopi,True,,,
KL-068-UDF,Kerala,Thrissur,68,Nattika(SC),https://en.wikipedia.org/wiki/Nattika_Assembly_constituency,UDF,INC,https://en.wikipedia.org/wiki/Indian_National_Congress,Sunil Lalur,,False,,,
KL-068-NDA,Kerala,Thrissur,68,Nattika(SC),https://en.wikipedia.org/wiki/Nattika_Assembly_constituency,NDA,BJP,https://en.wikipedia.org/wiki/Bharatiya_Janata_Party,C. C. Mukundan,https://en.wikipedia.org/wiki/C._C._Mukundan,True,,,
KL-069-LDF,Kerala,Thrissur,69,Kaipamangalam,https://en.wikipedia.org/wiki/Kaipamangalam_Assembly_constituency,LDF,CPI,https://en.wikipedia.org/wiki/Communist_Party_of_India,K. K. Valsaraj,,False,,,
KL-069-UDF,Kerala,Thrissur,69,Kaipamangalam,https://en.wikipedia.org/wiki/Kaipamangalam_Assembly_constituency,UDF,INC,https://en.wikipedia.org/wiki/Indian_National_Congress,T. M. Nazar,,False,,,
KL-069-NDA,Kerala,Thrissur,69,Kaipamangalam,https://en.wikipedia.org/wiki/Kaipamangalam_Assembly_constituency,NDA,BDJS,https://en.wikipedia.org/wiki/Bharath_Dharma_Jana_Sena,Athulya Ghosh,,False,,,
KL-070-LDF,Kerala,Thrissur,70,Irinjalakuda,https://en.wikipedia.org/wiki/Irinjalakuda_Assembly_constituency,LDF,CPI(M),https://en.wikipedia.org/wiki/Communist_Party_of_India_(Marxist),R. Bindu,https://en.wikipedia.org/wiki/R._Bindu,True,,,
KL-070-UDF,Kerala,Thrissur,70,Irinjalakuda,https://en.wikipedia.org/wiki/Irinjalakuda_Assembly_constituency,UDF,KEC,https://en.wikipedia.org/wiki/Kerala_Congress,Thomas Unniyadan,https://en.wikipedia.org/wiki/Thomas_Unniyadan,True,,,
KL-070-NDA,Kerala,Thrissur,70,Irinjalakuda,https://en.wikipedia.org/wiki/Irinjalakuda_Assembly_constituency,NDA,BJP,https://en.wikipedia.org/wiki/Bharatiya_Janata_Party,Santhosh Cherkalam,,False,,,
KL-071-LDF,Kerala,Thrissur,71,Puthukkad,https://en.wikipedia.org/wiki/Puthukkad_Assembly_constituency,LDF,CPI(M),https://en.wikipedia.org/wiki/Communist_Party_of_India_(Marxist),K. K. Ramachandran,https://en.wikipedia.org/wiki/K._K._Ramachandran,True,,,
KL-071-UDF,Kerala,Thrissur,71,Puthukkad,https://en.wikipedia.org/wiki/Puthukkad_Assembly_constituency,UDF,INC,https://en.wikipedia.org/wiki/Indian_National_Congress,K. M. Babu Raj,,False,,,
KL-071-NDA,Kerala,Thrissur,71,Puthukkad,https://en.wikipedia.org/wiki/Puthukkad_Assembly_constituency,NDA,BJP,https://en.wikipedia.org/wiki/Bharatiya_Janata_Party,A. Nagesh,,False,,,
KL-072-LDF,Kerala,Thrissur,72,Chalakudy,https://en.wikipedia.org/wiki/Chalakudy_Assembly_constituency,LDF,KC(M),https://en.wikipedia.org/wiki/Kerala_Congress_(M),Biju Chirayath,,False,,,
KL-072-UDF,Kerala,Thrissur,72,Chalakudy,https://en.wikipedia.org/wiki/Chalakudy_Assembly_constituency,UDF,INC,https://en.wikipedia.org/wiki/Indian_National_Congress,T. J. Saneesh Kumar Joseph,https://en.wikipedia.org/wiki/T._J._Saneesh_Kumar_Joseph,True,,,
KL-072-NDA,Kerala,Thrissur,72,Chalakudy,https://en.wikipedia.org/wiki/Chalakudy_Assembly_constituency,NDA,TTP,https://en.wikipedia.org/wiki/Twenty20_Party,Charly Paul,,False,,,
KL-073-LDF,Kerala,Thrissur,73,Kodungallur,https://en.wikipedia.org/wiki/Kodungallur_Assembly_constituency,LDF,CPI,https://en.wikipedia.org/wiki/Communist_Party_of_India,V. R. Sunil,,False,,,
KL-073-UDF,Kerala,Thrissur,73,Kodungallur,https://en.wikipedia.org/wiki/Kodungallur_Assembly_constituency,UDF,INC,https://en.wikipedia.org/wiki/Indian_National_Congress,O. J. Janeesh,,False,,,
KL-073-NDA,Kerala,Thrissur,73,Kodungallur,https://en.wikipedia.org/wiki/Kodungallur_Assembly_constituency,NDA,TTP,https://en.wikipedia.org/wiki/Twenty20_Party,Varghese George,,False,,,
KL-074-LDF,Kerala,Ernakulam,74,Perumbavoor,https://en.wikipedia.org/wiki/Perumbavoor_Assembly_constituency,LDF,KC(M),https://en.wikipedia.org/wiki/Kerala_Congress_(M),Basil Paul,,False,,,
KL-074-UDF,Kerala,Ernakulam,74,Perumbavoor,https://en.wikipedia.org/wiki/Perumbavoor_Assembly_constituency,UDF,INC,https://en.wikipedia.org/wiki/Indian_National_Congress,Manoj Moothedan,,False,,,
KL-074-NDA,Kerala,Ernakulam,74,Perumbavoor,https://en.wikipedia.org/wiki/Perumbavoor_Assembly_constituency,NDA,TTP,https://en.wikipedia.org/wiki/Twenty20_Party,Jibi Pathickal,,False,,,
KL-075-LDF,Kerala,Ernakulam,75,Angamaly,https://en.wikipedia.org/wiki/Angamaly_Assembly_constituency,LDF,CPI(M),https://en.wikipedia.org/wiki/Communist_Party_of_India_(Marxist),Saju Paul,https://en.wikipedia.org/wiki/Saju_Paul,True,,,
KL-075-UDF,Kerala,Ernakulam,75,Angamaly,https://en.wikipedia.org/wiki/Angamaly_Assembly_constituency,UDF,INC,https://en.wikipedia.org/wiki/Indian_National_Congress,Roji M. John,https://en.wikipedia.org/wiki/Roji_M._John,True,,,
KL-075-NDA,Kerala,Ernakulam,75,Angamaly,https://en.wikipedia.org/wiki/Angamaly_Assembly_constituency,NDA,TTP,https://en.wikipedia.org/wiki/Twenty20_Party,Promy Kuriakose,,False,,,
KL-076-LDF,Kerala,Ernakulam,76,Aluva,https://en.wikipedia.org/wiki/Aluva_Assembly_constituency,LDF,CPI(M),https://en.wikipedia.org/wiki/Communist_Party_of_India_(Marxist),A. M. Ariff,https://en.wikipedia.org/wiki/A._M._Ariff,True,,,
KL-076-UDF,Kerala,Ernakulam,76,Aluva,https://en.wikipedia.org/wiki/Aluva_Assembly_constituency,UDF,INC,https://en.wikipedia.org/wiki/Indian_National_Congress,Anwar Sadath,https://en.wikipedia.org/wiki/Anwar_Sadath,True,,,
KL-076-NDA,Kerala,Ernakulam,76,Aluva,https://en.wikipedia.org/wiki/Aluva_Assembly_constituency,NDA,BJP,https://en.wikipedia.org/wiki/Bharatiya_Janata_Party,M. A. Brahmaraj,,False,,,
KL-077-LDF,Kerala,Ernakulam,77,Kalamassery,https://en.wikipedia.org/wiki/Kalamassery_Assembly_constituency,LDF,CPI(M),https://en.wikipedia.org/wiki/Communist_Party_of_India_(Marxist),P. Rajeeve,https://en.wikipedia.org/wiki/P._Rajeeve,True,,,
KL-077-UDF,Kerala,Ernakulam,77,Kalamassery,https://en.wikipedia.org/wiki/Kalamassery_Assembly_constituency,UDF,IUML,https://en.wikipedia.org/wiki/Indian_Union_Muslim_League,V. E. Abdul Gafoor,,False,,,
KL-077-NDA,Kerala,Ernakulam,77,Kalamassery,https://en.wikipedia.org/wiki/Kalamassery_Assembly_constituency,NDA,BDJS,https://en.wikipedia.org/wiki/Bharath_Dharma_Jana_Sena,M. P. Binu,,False,,,
KL-078-LDF,Kerala,Ernakulam,78,Paravur,https://en.wikipedia.org/wiki/Paravur_Assembly_constituency,LDF,CPI,https://en.wikipedia.org/wiki/Communist_Party_of_India,E. T. Taison,https://en.wikipedia.org/wiki/E._T._Taison,True,,,
KL-078-UDF,Kerala,Ernakulam,78,Paravur,https://en.wikipedia.org/wiki/Paravur_Assembly_constituency,UDF,INC,https://en.wikipedia.org/wiki/Indian_National_Congress,V. D. Satheesan,https://en.wikipedia.org/wiki/V._D._Satheesan,True,,,
KL-078-NDA,Kerala,Ernakulam,78,Paravur,https://en.wikipedia.org/wiki/Paravur_Assembly_constituency,NDA,BJP,https://en.wikipedia.org/wiki/Bharatiya_Janata_Party,Vathsala Prasanna Kumar,,False,,,
KL-079-LDF,Kerala,Ernakulam,79,Vypin,https://en.wikipedia.org/wiki/Vypen_Assembly_constituency,LDF,CPI(M),https://en.wikipedia.org/wiki/Communist_Party_of_India_(Marxist),M. B. Shaini,,False,,,
KL-079-UDF,Kerala,Ernakulam,79,Vypin,https://en.wikipedia.org/wiki/Vypen_Assembly_constituency,UDF,INC,https://en.wikipedia.org/wiki/Indian_National_Congress,Tony Chammany,,False,,,
KL-079-NDA,Kerala,Ernakulam,79,Vypin,https://en.wikipedia.org/wiki/Vypen_Assembly_constituency,NDA,TTP,https://en.wikipedia.org/wiki/Twenty20_Party,Anitha Thomas,,False,,,
KL-080-LDF,Kerala,Ernakulam,80,Kochi,https://en.wikipedia.org/wiki/Kochi_Assembly_constituency,LDF,CPI(M),https://en.wikipedia.org/wiki/Communist_Party_of_India_(Marxist),K. J. Maxi,https://en.wikipedia.org/wiki/K._J._Maxi,True,,,
KL-080-UDF,Kerala,Ernakulam,80,Kochi,https://en.wikipedia.org/wiki/Kochi_Assembly_constituency,UDF,INC,https://en.wikipedia.org/wiki/Indian_National_Congress,Mohammad Shiyas,,False,,,
KL-080-NDA,Kerala,Ernakulam,80,Kochi,https://en.wikipedia.org/wiki/Kochi_Assembly_constituency,NDA,TTP,https://en.wikipedia.org/wiki/Twenty20_Party,Xavier Joolappan,,False,,,
KL-081-LDF,Kerala,Ernakulam,81,Thrippunithura,https://en.wikipedia.org/wiki/Thrippunithura_Assembly_constituency,LDF,CPI(M),https://en.wikipedia.org/wiki/Communist_Party_of_India_(Marxist),K. N. Unnikrishnan,https://en.wikipedia.org/wiki/K._N._Unnikrishnan,True,,,
KL-081-UDF,Kerala,Ernakulam,81,Thrippunithura,https://en.wikipedia.org/wiki/Thrippunithura_Assembly_constituency,UDF,INC,https://en.wikipedia.org/wiki/Indian_National_Congress,Deepak Joy,,False,,,
KL-081-NDA,Kerala,Ernakulam,81,Thrippunithura,https://en.wikipedia.org/wiki/Thrippunithura_Assembly_constituency,NDA,TTP,https://en.wikipedia.org/wiki/Twenty20_Party,Anjali Nair,"https://en.wikipedia.org/wiki/Anjali_Nair_(actress,_born_1988)",True,,,
KL-082-LDF,Kerala,Ernakulam,82,Ernakulam,https://en.wikipedia.org/wiki/Ernakulam_Assembly_constituency,LDF,IND,https://en.wikipedia.org/wiki/Independent_politician,Sabu George,,False,,,
KL-082-UDF,Kerala,Ernakulam,82,Ernakulam,https://en.wikipedia.org/wiki/Ernakulam_Assembly_constituency,UDF,INC,https://en.wikipedia.org/wiki/Indian_National_Congress,T. J. Vinod,https://en.wikipedia.org/wiki/T._J._Vinod,True,,,
KL-082-NDA,Kerala,Ernakulam,82,Ernakulam,https://en.wikipedia.org/wiki/Ernakulam_Assembly_constituency,NDA,BJP,https://en.wikipedia.org/wiki/Bharatiya_Janata_Party,P. R. Shivashankaran,,False,,,
KL-083-LDF,Kerala,Ernakulam,83,Thrikkakara,https://en.wikipedia.org/wiki/Thrikkakara_Assembly_constituency,LDF,CPI(M),https://en.wikipedia.org/wiki/Communist_Party_of_India_(Marxist),Pushpa Das,,False,,,
KL-083-UDF,Kerala,Ernakulam,83,Thrikkakara,https://en.wikipedia.org/wiki/Thrikkakara_Assembly_constituency,UDF,INC,https://en.wikipedia.org/wiki/Indian_National_Congress,Uma Thomas,https://en.wikipedia.org/wiki/Uma_Thomas,True,,,
KL-083-NDA,Kerala,Ernakulam,83,Thrikkakara,https://en.wikipedia.org/wiki/Thrikkakara_Assembly_constituency,NDA,TTP,https://en.wikipedia.org/wiki/Twenty20_Party,Akhil Marar,,False,,,
KL-084-LDF,Kerala,Ernakulam,84,Kunnathunad(SC),https://en.wikipedia.org/wiki/Kunnathunad_Assembly_constituency,LDF,CPI(M),https://en.wikipedia.org/wiki/Communist_Party_of_India_(Marxist),P. V. Srinijin,https://en.wikipedia.org/wiki/P._V._Srinijin,True,,,
KL-084-UDF,Kerala,Ernakulam,84,Kunnathunad(SC),https://en.wikipedia.org/wiki/Kunnathunad_Assembly_constituency,UDF,INC,https://en.wikipedia.org/wiki/Indian_National_Congress,V. P. Sajeendran,https://en.wikipedia.org/wiki/V._P._Sajeendran,True,,,
KL-084-NDA,Kerala,Ernakulam,84,Kunnathunad(SC),https://en.wikipedia.org/wiki/Kunnathunad_Assembly_constituency,NDA,TTP,https://en.wikipedia.org/wiki/Twenty20_Party,Babu Divakaran,,False,,,
KL-085-LDF,Kerala,Ernakulam,85,Piravom,https://en.wikipedia.org/wiki/Piravom_Assembly_constituency,LDF,KC(M),https://en.wikipedia.org/wiki/Kerala_Congress_(M),Sabu K. Jacob,,False,,,
KL-085-UDF,Kerala,Ernakulam,85,Piravom,https://en.wikipedia.org/wiki/Piravom_Assembly_constituency,UDF,KC(J),https://en.wikipedia.org/wiki/Kerala_Congress_(Jacob),Anoop Jacob,https://en.wikipedia.org/wiki/Anoop_Jacob,True,,,
KL-085-NDA,Kerala,Ernakulam,85,Piravom,https://en.wikipedia.org/wiki/Piravom_Assembly_constituency,NDA,TTP,https://en.wikipedia.org/wiki/Twenty20_Party,Jibi Abraham,,False,,,
KL-086-LDF,Kerala,Ernakulam,86,Muvattupuzha,https://en.wikipedia.org/wiki/Muvattupuzha_Assembly_constituency,LDF,CPI,https://en.wikipedia.org/wiki/Communist_Party_of_India,N. Arun,,False,,,
KL-086-UDF,Kerala,Ernakulam,86,Muvattupuzha,https://en.wikipedia.org/wiki/Muvattupuzha_Assembly_constituency,UDF,INC,https://en.wikipedia.org/wiki/Indian_National_Congress,Mathew Kuzhalnadan,https://en.wikipedia.org/wiki/Mathew_Kuzhalnadan,True,,,
KL-086-NDA,Kerala,Ernakulam,86,Muvattupuzha,https://en.wikipedia.org/wiki/Muvattupuzha_Assembly_constituency,NDA,TTP,https://en.wikipedia.org/wiki/Twenty20_Party,Sunny Kadoothazhe,,False,,,
KL-087-LDF,Kerala,Ernakulam,87,Kothamangalam,https://en.wikipedia.org/wiki/Kothamangalam_Assembly_constituency,LDF,CPI(M),https://en.wikipedia.org/wiki/Communist_Party_of_India_(Marxist),Antony John,https://en.wikipedia.org/wiki/Antony_John,True,,,
KL-087-UDF,Kerala,Ernakulam,87,Kothamangalam,https://en.wikipedia.org/wiki/Kothamangalam_Assembly_constituency,UDF,KEC,https://en.wikipedia.org/wiki/Kerala_Congress,Shibu Thekkumpuram,,False,,,
KL-087-NDA,Kerala,Ernakulam,87,Kothamangalam,https://en.wikipedia.org/wiki/Kothamangalam_Assembly_constituency,NDA,BDJS,https://en.wikipedia.org/wiki/Bharath_Dharma_Jana_Sena,Aji Narayanan,,False,,,
KL-088-LDF,Kerala,Idukki,88,Devikulam(SC),https://en.wikipedia.org/wiki/Devikulam_Assembly_constituency,LDF,CPI(M),https://en.wikipedia.org/wiki/Communist_Party_of_India_(Marxist),A. Raja,,False,,,
KL-088-UDF,Kerala,Idukki,88,Devikulam(SC),https://en.wikipedia.org/wiki/Devikulam_Assembly_constituency,UDF,INC,https://en.wikipedia.org/wiki/Indian_National_Congress,F. Raja,,False,,,
KL-088-NDA,Kerala,Idukki,88,Devikulam(SC),https://en.wikipedia.org/wiki/Devikulam_Assembly_constituency,NDA,BJP,https://en.wikipedia.org/wiki/Bharatiya_Janata_Party,S. Rajendran,https://en.wikipedia.org/wiki/S._Rajendran_(Keralite_politician),True,,,
KL-089-LDF,Kerala,Idukki,89,Udumbanchola,https://en.wikipedia.org/wiki/Udumbanchola_Assembly_constituency,LDF,CPI(M),https://en.wikipedia.org/wiki/Communist_Party_of_India_(Marxist),K. K. Jayachandran,https://en.wikipedia.org/wiki/K._K._Jayachandran,True,,,
KL-089-UDF,Kerala,Idukki,89,Udumbanchola,https://en.wikipedia.org/wiki/Udumbanchola_Assembly_constituency,UDF,INC,https://en.wikipedia.org/wiki/Indian_National_Congress,Senapathy Venu,,False,,,
KL-089-NDA,Kerala,Idukki,89,Udumbanchola,https://en.wikipedia.org/wiki/Udumbanchola_Assembly_constituency,NDA,BDJS,https://en.wikipedia.org/wiki/Bharath_Dharma_Jana_Sena,Sangeetha Viswanathan,,False,,,
KL-090-LDF,Kerala,Idukki,90,Thodupuzha,https://en.wikipedia.org/wiki/Thodupuzha_Assembly_constituency,LDF,KC(M),https://en.wikipedia.org/wiki/Kerala_Congress_(M),Cyriac Chazhikaadan,,False,,,
KL-090-UDF,Kerala,Idukki,90,Thodupuzha,https://en.wikipedia.org/wiki/Thodupuzha_Assembly_constituency,UDF,KEC,https://en.wikipedia.org/wiki/Kerala_Congress,Apu John Joseph,,False,,,
KL-090-NDA,Kerala,Idukki,90,Thodupuzha,https://en.wikipedia.org/wiki/Thodupuzha_Assembly_constituency,NDA,TTP,https://en.wikipedia.org/wiki/Twenty20_Party,Roy A. Varikkadu,,False,,,
KL-091-LDF,Kerala,Idukki,91,Idukki,https://en.wikipedia.org/wiki/Idukki_Assembly_constituency,LDF,KC(M),https://en.wikipedia.org/wiki/Kerala_Congress_(M),Roshy Augustine,https://en.wikipedia.org/wiki/Roshy_Augustine,True,,,
KL-091-UDF,Kerala,Idukki,91,Idukki,https://en.wikipedia.org/wiki/Idukki_Assembly_constituency,UDF,INC,https://en.wikipedia.org/wiki/Indian_National_Congress,Roy K. Paulose,,False,,,
KL-091-NDA,Kerala,Idukki,91,Idukki,https://en.wikipedia.org/wiki/Idukki_Assembly_constituency,NDA,BDJS,https://en.wikipedia.org/wiki/Bharath_Dharma_Jana_Sena,Pratheesh Prabha,,False,,,
KL-092-LDF,Kerala,Idukki,92,Peerumade,https://en.wikipedia.org/wiki/Peerumade_Assembly_constituency,LDF,CPI,https://en.wikipedia.org/wiki/Communist_Party_of_India,K. Salim Kumar,,False,,,
KL-092-UDF,Kerala,Idukki,92,Peerumade,https://en.wikipedia.org/wiki/Peerumade_Assembly_constituency,UDF,INC,https://en.wikipedia.org/wiki/Indian_National_Congress,Cyriac Thomas,,False,,,
KL-092-NDA,Kerala,Idukki,92,Peerumade,https://en.wikipedia.org/wiki/Peerumade_Assembly_constituency,NDA,BJP,https://en.wikipedia.org/wiki/Bharatiya_Janata_Party,V. Ratheesh,,False,,,
KL-093-LDF,Kerala,Kottayam,93,Pala,https://en.wikipedia.org/wiki/Pala_Assembly_constituency,LDF,KC(M),https://en.wikipedia.org/wiki/Kerala_Congress_(M),Jose K. Mani,https://en.wikipedia.org/wiki/Jose_K._Mani,True,,,
KL-093-UDF,Kerala,Kottayam,93,Pala,https://en.wikipedia.org/wiki/Pala_Assembly_constituency,UDF,DCK,https://en.wikipedia.org/wiki/Kerala_Democratic_Party,Mani C. Kappan,https://en.wikipedia.org/wiki/Mani_C._Kappan,True,,,
KL-093-NDA,Kerala,Kottayam,93,Pala,https://en.wikipedia.org/wiki/Pala_Assembly_constituency,NDA,BJP,https://en.wikipedia.org/wiki/Bharatiya_Janata_Party,Shone George,,False,,,
KL-094-LDF,Kerala,Kottayam,94,Kaduthuruthy,https://en.wikipedia.org/wiki/Kaduthuruthy_Assembly_constituency,LDF,KC(M),https://en.wikipedia.org/wiki/Kerala_Congress_(M),Nirmala Jimmy,,False,,,
KL-094-UDF,Kerala,Kottayam,94,Kaduthuruthy,https://en.wikipedia.org/wiki/Kaduthuruthy_Assembly_constituency,UDF,KEC,https://en.wikipedia.org/wiki/Kerala_Congress,Mons Joseph,https://en.wikipedia.org/wiki/Mons_Joseph,True,,,
KL-094-NDA,Kerala,Kottayam,94,Kaduthuruthy,https://en.wikipedia.org/wiki/Kaduthuruthy_Assembly_constituency,NDA,BDJS,https://en.wikipedia.org/wiki/Bharath_Dharma_Jana_Sena,Suresh Ettikunnel,,False,,,
KL-095-LDF,Kerala,Kottayam,95,Vaikom(SC),https://en.wikipedia.org/wiki/Vaikom_Assembly_constituency,LDF,CPI,https://en.wikipedia.org/wiki/Communist_Party_of_India,P. Pradeep,,False,,,
KL-095-UDF,Kerala,Kottayam,95,Vaikom(SC),https://en.wikipedia.org/wiki/Vaikom_Assembly_constituency,UDF,INC,https://en.wikipedia.org/wiki/Indian_National_Congress,K. Binimon,,False,,,
KL-095-NDA,Kerala,Kottayam,95,Vaikom(SC),https://en.wikipedia.org/wiki/Vaikom_Assembly_constituency,NDA,BJP,https://en.wikipedia.org/wiki/Bharatiya_Janata_Party,K. Ajith,https://en.wikipedia.org/wiki/K._Ajith,True,,,
KL-096-LDF,Kerala,Kottayam,96,Ettumanoor,https://en.wikipedia.org/wiki/Ettumanoor_Assembly_constituency,LDF,CPI(M),https://en.wikipedia.org/wiki/Communist_Party_of_India_(Marxist),V. N. Vasavan,https://en.wikipedia.org/wiki/V._N._Vasavan,True,,,
KL-096-UDF,Kerala,Kottayam,96,Ettumanoor,https://en.wikipedia.org/wiki/Ettumanoor_Assembly_constituency,UDF,INC,https://en.wikipedia.org/wiki/Indian_National_Congress,Nattakom Suresh,,False,,,
KL-096-NDA,Kerala,Kottayam,96,Ettumanoor,https://en.wikipedia.org/wiki/Ettumanoor_Assembly_constituency,NDA,TTP,https://en.wikipedia.org/wiki/Twenty20_Party,Athira D. Nair,,False,,,
KL-097-LDF,Kerala,Kottayam,97,Kottayam,https://en.wikipedia.org/wiki/Kottayam_Assembly_constituency,LDF,CPI(M),https://en.wikipedia.org/wiki/Communist_Party_of_India_(Marxist),K. Anilkumar,,False,,,
KL-097-UDF,Kerala,Kottayam,97,Kottayam,https://en.wikipedia.org/wiki/Kottayam_Assembly_constituency,UDF,INC,https://en.wikipedia.org/wiki/Indian_National_Congress,Thiruvanchoor Radhakrishnan,https://en.wikipedia.org/wiki/Thiruvanchoor_Radhakrishnan,True,,,
KL-097-NDA,Kerala,Kottayam,97,Kottayam,https://en.wikipedia.org/wiki/Kottayam_Assembly_constituency,NDA,BDJS,https://en.wikipedia.org/wiki/Bharath_Dharma_Jana_Sena,P. Anilkumar,,False,,,
KL-098-LDF,Kerala,Kottayam,98,Puthuppally,https://en.wikipedia.org/wiki/Puthuppally_Assembly_constituency,LDF,CPI(M),https://en.wikipedia.org/wiki/Communist_Party_of_India_(Marxist),K. M. Radhakrishnan,,False,,,
KL-098-UDF,Kerala,Kottayam,98,Puthuppally,https://en.wikipedia.org/wiki/Puthuppally_Assembly_constituency,UDF,INC,https://en.wikipedia.org/wiki/Indian_National_Congress,Chandy Oommen,https://en.wikipedia.org/wiki/Chandy_Oommen,True,,,
KL-098-NDA,Kerala,Kottayam,98,Puthuppally,https://en.wikipedia.org/wiki/Puthuppally_Assembly_constituency,NDA,BJP,https://en.wikipedia.org/wiki/Bharatiya_Janata_Party,Ravindranath Vakathanam,,False,,,
KL-099-LDF,Kerala,Kottayam,99,Changanassery,https://en.wikipedia.org/wiki/Changanassery_Assembly_constituency,LDF,KC(M),https://en.wikipedia.org/wiki/Kerala_Congress_(M),Job Michael,https://en.wikipedia.org/wiki/Job_Maichil,True,,,
KL-099-UDF,Kerala,Kottayam,99,Changanassery,https://en.wikipedia.org/wiki/Changanassery_Assembly_constituency,UDF,KEC,https://en.wikipedia.org/wiki/Kerala_Congress,Vinu Job,,False,,,
KL-099-NDA,Kerala,Kottayam,99,Changanassery,https://en.wikipedia.org/wiki/Changanassery_Assembly_constituency,NDA,BJP,https://en.wikipedia.org/wiki/Bharatiya_Janata_Party,B. Radhakrishna Menon,,False,,,
KL-100-LDF,Kerala,Kottayam,100,Kanjirappally,https://en.wikipedia.org/wiki/Kanjirappally_Assembly_constituency,LDF,KC(M),https://en.wikipedia.org/wiki/Kerala_Congress_(M),N. Jayaraj,https://en.wikipedia.org/wiki/N._Jayaraj,True,,,
KL-100-UDF,Kerala,Kottayam,100,Kanjirappally,https://en.wikipedia.org/wiki/Kanjirappally_Assembly_constituency,UDF,INC,https://en.wikipedia.org/wiki/Indian_National_Congress,Rony K Baby,,False,,,
KL-100-NDA,Kerala,Kottayam,100,Kanjirappally,https://en.wikipedia.org/wiki/Kanjirappally_Assembly_constituency,NDA,BJP,https://en.wikipedia.org/wiki/Bharatiya_Janata_Party,George Kurian,https://en.wikipedia.org/wiki/George_Kurian_(politician),True,,,
KL-101-LDF,Kerala,Kottayam,101,Poonjar,https://en.wikipedia.org/wiki/Poonjar_Assembly_constituency,LDF,KC(M),https://en.wikipedia.org/wiki/Kerala_Congress_(M),Sebastian Kulathunkal,https://en.wikipedia.org/wiki/Sebastian_Kulathunkal,True,,,
KL-101-UDF,Kerala,Kottayam,101,Poonjar,https://en.wikipedia.org/wiki/Poonjar_Assembly_constituency,UDF,INC,https://en.wikipedia.org/wiki/Indian_National_Congress,Sebastian M. J.,,False,,,
KL-101-NDA,Kerala,Kottayam,101,Poonjar,https://en.wikipedia.org/wiki/Poonjar_Assembly_constituency,NDA,BJP,https://en.wikipedia.org/wiki/Bharatiya_Janata_Party,P. C. George,https://en.wikipedia.org/wiki/P._C._George,True,,,
KL-102-LDF,Kerala,Alappuzha,102,Aroor,https://en.wikipedia.org/wiki/Aroor_Assembly_constituency,LDF,CPI(M),https://en.wikipedia.org/wiki/Communist_Party_of_India_(Marxist),Daleema,https://en.wikipedia.org/wiki/Daleema,True,,,
KL-102-UDF,Kerala,Alappuzha,102,Aroor,https://en.wikipedia.org/wiki/Aroor_Assembly_constituency,UDF,INC,https://en.wikipedia.org/wiki/Indian_National_Congress,Shanimol Usman,https://en.wikipedia.org/wiki/Shanimol_Usman,True,,,
KL-102-NDA,Kerala,Alappuzha,102,Aroor,https://en.wikipedia.org/wiki/Aroor_Assembly_constituency,NDA,BDJS,https://en.wikipedia.org/wiki/Bharath_Dharma_Jana_Sena,P. S. Jyothis,,False,,,
KL-103-LDF,Kerala,Alappuzha,103,Cherthala,https://en.wikipedia.org/wiki/Cherthala_Assembly_constituency,LDF,CPI,https://en.wikipedia.org/wiki/Communist_Party_of_India,P. Prasad,https://en.wikipedia.org/wiki/P._Prasad,True,,,
KL-103-UDF,Kerala,Alappuzha,103,Cherthala,https://en.wikipedia.org/wiki/Cherthala_Assembly_constituency,UDF,INC,https://en.wikipedia.org/wiki/Indian_National_Congress,K. R. Rajendra Prasad,,False,,,
KL-103-NDA,Kerala,Alappuzha,103,Cherthala,https://en.wikipedia.org/wiki/Cherthala_Assembly_constituency,NDA,BDJS,https://en.wikipedia.org/wiki/Bharath_Dharma_Jana_Sena,T. P. Anantharaj,,False,,,
KL-104-LDF,Kerala,Alappuzha,104,Alappuzha,https://en.wikipedia.org/wiki/Alappuzha_Assembly_constituency,LDF,CPI(M),https://en.wikipedia.org/wiki/Communist_Party_of_India_(Marxist),P. P. Chitharanjan,https://en.wikipedia.org/wiki/P._P._Chitharanjan,True,,,
KL-104-UDF,Kerala,Alappuzha,104,Alappuzha,https://en.wikipedia.org/wiki/Alappuzha_Assembly_constituency,UDF,INC,https://en.wikipedia.org/wiki/Indian_National_Congress,A.D. Thomas,,False,,,
KL-104-NDA,Kerala,Alappuzha,104,Alappuzha,https://en.wikipedia.org/wiki/Alappuzha_Assembly_constituency,NDA,BJP,https://en.wikipedia.org/wiki/Bharatiya_Janata_Party,M. J. Job,,False,,,
KL-105-LDF,Kerala,Alappuzha,105,Ambalappuzha,https://en.wikipedia.org/wiki/Ambalappuzha_Assembly_constituency,LDF,CPI(M),https://en.wikipedia.org/wiki/Communist_Party_of_India_(Marxist),H. Salam,https://en.wikipedia.org/wiki/H._Salam,True,,,
KL-105-UDF,Kerala,Alappuzha,105,Ambalappuzha,https://en.wikipedia.org/wiki/Ambalappuzha_Assembly_constituency,UDF,IND,https://en.wikipedia.org/wiki/Independent_politician,G. Sudhakaran,https://en.wikipedia.org/wiki/G._Sudhakaran,True,,,
KL-105-NDA,Kerala,Alappuzha,105,Ambalappuzha,https://en.wikipedia.org/wiki/Ambalappuzha_Assembly_constituency,NDA,BJP,https://en.wikipedia.org/wiki/Bharatiya_Janata_Party,Arun Anirudhan,,False,,,
KL-106-LDF,Kerala,Alappuzha,106,Kuttanad,https://en.wikipedia.org/wiki/Kuttanad_Assembly_constituency,LDF,NCP-SP,https://en.wikipedia.org/wiki/Nationalist_Congress_Party_(Sharadchandra_Pawar),Thomas K. Thomas,https://en.wikipedia.org/wiki/Thomas_K._Thomas,True,,,
KL-106-UDF,Kerala,Alappuzha,106,Kuttanad,https://en.wikipedia.org/wiki/Kuttanad_Assembly_constituency,UDF,KEC,https://en.wikipedia.org/wiki/Kerala_Congress,Reji Cheriyan,,False,,,
KL-106-NDA,Kerala,Alappuzha,106,Kuttanad,https://en.wikipedia.org/wiki/Kuttanad_Assembly_constituency,NDA,BDJS,https://en.wikipedia.org/wiki/Bharath_Dharma_Jana_Sena,Santhosh Santhy,,False,,,
KL-107-LDF,Kerala,Alappuzha,107,Haripad,https://en.wikipedia.org/wiki/Haripad_Assembly_constituency,LDF,CPI,https://en.wikipedia.org/wiki/Communist_Party_of_India,T. T. Jismon,,False,,,
KL-107-UDF,Kerala,Alappuzha,107,Haripad,https://en.wikipedia.org/wiki/Haripad_Assembly_constituency,UDF,INC,https://en.wikipedia.org/wiki/Indian_National_Congress,Ramesh Chennithala,https://en.wikipedia.org/wiki/Ramesh_Chennithala,True,,,
KL-107-NDA,Kerala,Alappuzha,107,Haripad,https://en.wikipedia.org/wiki/Haripad_Assembly_constituency,NDA,BJP,https://en.wikipedia.org/wiki/Bharatiya_Janata_Party,Sandeep Vachaspati,,False,,,
KL-108-LDF,Kerala,Alappuzha,108,Kayamkulam,https://en.wikipedia.org/wiki/Kayamkulam_Assembly_constituency,LDF,CPI(M),https://en.wikipedia.org/wiki/Communist_Party_of_India_(Marxist),U. Prathibha,https://en.wikipedia.org/wiki/U._Prathibha,True,,,
KL-108-UDF,Kerala,Alappuzha,108,Kayamkulam,https://en.wikipedia.org/wiki/Kayamkulam_Assembly_constituency,UDF,INC,https://en.wikipedia.org/wiki/Indian_National_Congress,M. Liju,,False,,,
KL-108-NDA,Kerala,Alappuzha,108,Kayamkulam,https://en.wikipedia.org/wiki/Kayamkulam_Assembly_constituency,NDA,BDJS,https://en.wikipedia.org/wiki/Bharath_Dharma_Jana_Sena,Thambi Mettuthara,,False,,,
KL-109-LDF,Kerala,Alappuzha,109,Mavelikara(SC),https://en.wikipedia.org/wiki/Mavelikara_Assembly_constituency,LDF,CPI(M),https://en.wikipedia.org/wiki/Communist_Party_of_India_(Marxist),M. S. Arun Kumar,https://en.wikipedia.org/wiki/M._S._Arun_Kumar,True,,,
KL-109-UDF,Kerala,Alappuzha,109,Mavelikara(SC),https://en.wikipedia.org/wiki/Mavelikara_Assembly_constituency,UDF,INC,https://en.wikipedia.org/wiki/Indian_National_Congress,Muthara Raj,,False,,,
KL-109-NDA,Kerala,Alappuzha,109,Mavelikara(SC),https://en.wikipedia.org/wiki/Mavelikara_Assembly_constituency,NDA,BJP,https://en.wikipedia.org/wiki/Bharatiya_Janata_Party,K. Ajimon,,False,,,
KL-110-LDF,Kerala,Alappuzha,110,Chengannur,https://en.wikipedia.org/wiki/Chengannur_Assembly_constituency,LDF,CPI(M),https://en.wikipedia.org/wiki/Communist_Party_of_India_(Marxist),Saji Cherian,https://en.wikipedia.org/wiki/Saji_Cherian,True,,,
KL-110-UDF,Kerala,Alappuzha,110,Chengannur,https://en.wikipedia.org/wiki/Chengannur_Assembly_constituency,UDF,INC,https://en.wikipedia.org/wiki/Indian_National_Congress,Aby Kuriakose,,False,,,
KL-110-NDA,Kerala,Alappuzha,110,Chengannur,https://en.wikipedia.org/wiki/Chengannur_Assembly_constituency,NDA,BJP,https://en.wikipedia.org/wiki/Bharatiya_Janata_Party,M. V. Gopakumar,,False,,,
KL-111-LDF,Kerala,Pathanamthitta,111,Thiruvalla,https://en.wikipedia.org/wiki/Thiruvalla_Assembly_constituency,LDF,IND,https://en.wikipedia.org/wiki/Independent_politician,Mathew T. Thomas,https://en.wikipedia.org/wiki/Mathew_T._Thomas,True,,,
KL-111-UDF,Kerala,Pathanamthitta,111,Thiruvalla,https://en.wikipedia.org/wiki/Thiruvalla_Assembly_constituency,UDF,KEC,https://en.wikipedia.org/wiki/Kerala_Congress,Varghese Mammen,,False,,,
KL-111-NDA,Kerala,Pathanamthitta,111,Thiruvalla,https://en.wikipedia.org/wiki/Thiruvalla_Assembly_constituency,NDA,BJP,https://en.wikipedia.org/wiki/Bharatiya_Janata_Party,Anoop Antony,,False,,,
KL-112-LDF,Kerala,Pathanamthitta,112,Ranni,https://en.wikipedia.org/wiki/Ranni_Assembly_constituency,LDF,KC(M),https://en.wikipedia.org/wiki/Kerala_Congress_(M),Pramod Narayanan,https://en.wikipedia.org/wiki/Pramod_Narayan,True,,,
KL-112-UDF,Kerala,Pathanamthitta,112,Ranni,https://en.wikipedia.org/wiki/Ranni_Assembly_constituency,UDF,INC,https://en.wikipedia.org/wiki/Indian_National_Congress,Pazhakulam Madhu,,False,,,
KL-112-NDA,Kerala,Pathanamthitta,112,Ranni,https://en.wikipedia.org/wiki/Ranni_Assembly_constituency,NDA,TTP,https://en.wikipedia.org/wiki/Twenty20_Party,Thomas K. Samuel,,False,,,
KL-113-LDF,Kerala,Pathanamthitta,113,Aranmula,https://en.wikipedia.org/wiki/Aranmula_Assembly_constituency,LDF,CPI(M),https://en.wikipedia.org/wiki/Communist_Party_of_India_(Marxist),Veena George,https://en.wikipedia.org/wiki/Veena_George,True,,,
KL-113-UDF,Kerala,Pathanamthitta,113,Aranmula,https://en.wikipedia.org/wiki/Aranmula_Assembly_constituency,UDF,INC,https://en.wikipedia.org/wiki/Indian_National_Congress,Abin Varkey,,False,,,
KL-113-NDA,Kerala,Pathanamthitta,113,Aranmula,https://en.wikipedia.org/wiki/Aranmula_Assembly_constituency,NDA,BJP,https://en.wikipedia.org/wiki/Bharatiya_Janata_Party,Kummanam Rajasekharan,https://en.wikipedia.org/wiki/Kummanam_Rajasekharan,True,,,
KL-114-LDF,Kerala,Pathanamthitta,114,Konni,https://en.wikipedia.org/wiki/Konni_Assembly_constituency,LDF,CPI(M),https://en.wikipedia.org/wiki/Communist_Party_of_India_(Marxist),K. U. Jenish Kumar,https://en.wikipedia.org/wiki/K._U._Jenish_Kumar,True,,,
KL-114-UDF,Kerala,Pathanamthitta,114,Konni,https://en.wikipedia.org/wiki/Konni_Assembly_constituency,UDF,INC,https://en.wikipedia.org/wiki/Indian_National_Congress,Satheesh Kochuparambil,,False,,,
KL-114-NDA,Kerala,Pathanamthitta,114,Konni,https://en.wikipedia.org/wiki/Konni_Assembly_constituency,NDA,BDJS,https://en.wikipedia.org/wiki/Bharath_Dharma_Jana_Sena,T. P. Sundareshan,,False,,,
KL-115-LDF,Kerala,Pathanamthitta,115,Adoor(SC),https://en.wikipedia.org/wiki/Adoor_Assembly_constituency,LDF,CPI,https://en.wikipedia.org/wiki/Communist_Party_of_India,Praji Sashidharan,,False,,,
KL-115-UDF,Kerala,Pathanamthitta,115,Adoor(SC),https://en.wikipedia.org/wiki/Adoor_Assembly_constituency,UDF,INC,https://en.wikipedia.org/wiki/Indian_National_Congress,C. V. Santhakumar,,False,,,
KL-115-NDA,Kerala,Pathanamthitta,115,Adoor(SC),https://en.wikipedia.org/wiki/Adoor_Assembly_constituency,NDA,BJP,https://en.wikipedia.org/wiki/Bharatiya_Janata_Party,Pandalam Prathapan,,False,,,
KL-116-LDF,Kerala,Kollam,116,Karunagappally,https://en.wikipedia.org/wiki/Karunagappally_Assembly_constituency,LDF,CPI,https://en.wikipedia.org/wiki/Communist_Party_of_India,M. S. Thara,,False,,,
KL-116-UDF,Kerala,Kollam,116,Karunagappally,https://en.wikipedia.org/wiki/Karunagappally_Assembly_constituency,UDF,INC,https://en.wikipedia.org/wiki/Indian_National_Congress,C. R. Mahesh,https://en.wikipedia.org/wiki/C._R._Mahesh,True,,,
KL-116-NDA,Kerala,Kollam,116,Karunagappally,https://en.wikipedia.org/wiki/Karunagappally_Assembly_constituency,NDA,BJP,https://en.wikipedia.org/wiki/Bharatiya_Janata_Party,V. S. Jithin Dev,,False,,,
KL-117-LDF,Kerala,Kollam,117,Chavara,https://en.wikipedia.org/wiki/Chavara_Assembly_constituency,LDF,IND,https://en.wikipedia.org/wiki/Independent_politician,Sujith Vijayanpillai,https://en.wikipedia.org/wiki/Sujith_Vijayanpillai,True,,,
KL-117-UDF,Kerala,Kollam,117,Chavara,https://en.wikipedia.org/wiki/Chavara_Assembly_constituency,UDF,RSP,https://en.wikipedia.org/wiki/Revolutionary_Socialist_Party_(India),Shibu Baby John,https://en.wikipedia.org/wiki/Shibu_Baby_John,True,,,
KL-117-NDA,Kerala,Kollam,117,Chavara,https://en.wikipedia.org/wiki/Chavara_Assembly_constituency,NDA,BJP,https://en.wikipedia.org/wiki/Bharatiya_Janata_Party,K. R. Rajesh,,False,,,
KL-118-LDF,Kerala,Kollam,118,Kunnathur(SC),"https://en.wikipedia.org/wiki/Kunnathur,_Kerala_Assembly_constituency",LDF,RSP(L),https://en.wikipedia.org/wiki/Revolutionary_Socialist_Party_(Leninist),Kovoor Kunjumon,https://en.wikipedia.org/wiki/Kovoor_Kunjumon,True,,,
KL-118-UDF,Kerala,Kollam,118,Kunnathur(SC),"https://en.wikipedia.org/wiki/Kunnathur,_Kerala_Assembly_constituency",UDF,RSP,https://en.wikipedia.org/wiki/Revolutionary_Socialist_Party_(India),Ullas Kovoor,,False,,,
KL-118-NDA,Kerala,Kollam,118,Kunnathur(SC),"https://en.wikipedia.org/wiki/Kunnathur,_Kerala_Assembly_constituency",NDA,BJP,https://en.wikipedia.org/wiki/Bharatiya_Janata_Party,Raji Prasad,,False,,,
KL-119-LDF,Kerala,Kollam,119,Kottarakkara,https://en.wikipedia.org/wiki/Kottarakkara_Assembly_constituency,LDF,CPI(M),https://en.wikipedia.org/wiki/Communist_Party_of_India_(Marxist),K. N. Balagopal,https://en.wikipedia.org/wiki/K._N._Balagopal,True,,,
KL-119-UDF,Kerala,Kollam,119,Kottarakkara,https://en.wikipedia.org/wiki/Kottarakkara_Assembly_constituency,UDF,INC,https://en.wikipedia.org/wiki/Indian_National_Congress,P. Aisha Potty,https://en.wikipedia.org/wiki/P._Aisha_Potty,True,,,
KL-119-NDA,Kerala,Kollam,119,Kottarakkara,https://en.wikipedia.org/wiki/Kottarakkara_Assembly_constituency,NDA,BJP,https://en.wikipedia.org/wiki/Bharatiya_Janata_Party,R. Reshmi,,False,,,
KL-120-LDF,Kerala,Kollam,120,Pathanapuram,https://en.wikipedia.org/wiki/Pathanapuram_Assembly_constituency,LDF,KC(B),https://en.wikipedia.org/wiki/Kerala_Congress_(B),K. B. Ganesh Kumar,https://en.wikipedia.org/wiki/K._B._Ganesh_Kumar,True,,,
KL-120-UDF,Kerala,Kollam,120,Pathanapuram,https://en.wikipedia.org/wiki/Pathanapuram_Assembly_constituency,UDF,INC,https://en.wikipedia.org/wiki/Indian_National_Congress,Jyothikumar Chamakkala,,False,,,
KL-120-NDA,Kerala,Kollam,120,Pathanapuram,https://en.wikipedia.org/wiki/Pathanapuram_Assembly_constituency,NDA,TTP,https://en.wikipedia.org/wiki/Twenty20_Party,Anil Kumar S.,,False,,,
KL-121-LDF,Kerala,Kollam,121,Punalur,https://en.wikipedia.org/wiki/Punalur_Assembly_constituency,LDF,CPI,https://en.wikipedia.org/wiki/Communist_Party_of_India,C. Ajaya Prasad,,False,,,
KL-121-UDF,Kerala,Kollam,121,Punalur,https://en.wikipedia.org/wiki/Punalur_Assembly_constituency,UDF,IUML,https://en.wikipedia.org/wiki/Indian_Union_Muslim_League,Noushad Yunus,,False,,,
KL-121-NDA,Kerala,Kollam,121,Punalur,https://en.wikipedia.org/wiki/Punalur_Assembly_constituency,NDA,TTP,https://en.wikipedia.org/wiki/Twenty20_Party,B. Raghunathan Pillai,,False,,,
KL-122-LDF,Kerala,Kollam,122,Chadayamangalam,https://en.wikipedia.org/wiki/Chadayamangalam_Assembly_constituency,LDF,CPI,https://en.wikipedia.org/wiki/Communist_Party_of_India,J. Chinchu Rani,https://en.wikipedia.org/wiki/J._Chinchu_Rani,True,,,
KL-122-UDF,Kerala,Kollam,122,Chadayamangalam,https://en.wikipedia.org/wiki/Chadayamangalam_Assembly_constituency,UDF,INC,https://en.wikipedia.org/wiki/Indian_National_Congress,M. M. Nazeer,,False,,,
KL-122-NDA,Kerala,Kollam,122,Chadayamangalam,https://en.wikipedia.org/wiki/Chadayamangalam_Assembly_constituency,NDA,BJP,https://en.wikipedia.org/wiki/Bharatiya_Janata_Party,R. S. Arun Raj,,False,,,
KL-123-LDF,Kerala,Kollam,123,Kundara,https://en.wikipedia.org/wiki/Kundara_Assembly_constituency,LDF,CPI(M),https://en.wikipedia.org/wiki/Communist_Party_of_India_(Marxist),S. L. Sajikumar,,False,,,
KL-123-UDF,Kerala,Kollam,123,Kundara,https://en.wikipedia.org/wiki/Kundara_Assembly_constituency,UDF,INC,https://en.wikipedia.org/wiki/Indian_National_Congress,P. C. Vishnunadh,https://en.wikipedia.org/wiki/P._C._Vishnunadh,True,,,
KL-123-NDA,Kerala,Kollam,123,Kundara,https://en.wikipedia.org/wiki/Kundara_Assembly_constituency,NDA,BJP,https://en.wikipedia.org/wiki/Bharatiya_Janata_Party,Robin Radhakrishnan,,False,,,
KL-124-LDF,Kerala,Kollam,124,Kollam,https://en.wikipedia.org/wiki/Kollam_Assembly_constituency,LDF,CPI(M),https://en.wikipedia.org/wiki/Communist_Party_of_India_(Marxist),S. Jayamohan,,False,,,
KL-124-UDF,Kerala,Kollam,124,Kollam,https://en.wikipedia.org/wiki/Kollam_Assembly_constituency,UDF,INC,https://en.wikipedia.org/wiki/Indian_National_Congress,Bindhu Krishna,,False,,,
KL-124-NDA,Kerala,Kollam,124,Kollam,https://en.wikipedia.org/wiki/Kollam_Assembly_constituency,NDA,BJP,https://en.wikipedia.org/wiki/Bharatiya_Janata_Party,N. Prathap Kumar,,False,,,
KL-125-LDF,Kerala,Kollam,125,Eravipuram,https://en.wikipedia.org/wiki/Eravipuram_Assembly_constituency,LDF,CPI(M),https://en.wikipedia.org/wiki/Communist_Party_of_India_(Marxist),M. Noushad,https://en.wikipedia.org/wiki/M._Noushad,True,,,
KL-125-UDF,Kerala,Kollam,125,Eravipuram,https://en.wikipedia.org/wiki/Eravipuram_Assembly_constituency,UDF,RSP,https://en.wikipedia.org/wiki/Revolutionary_Socialist_Party_(India),Vishnu Mohan,,False,,,
KL-125-NDA,Kerala,Kollam,125,Eravipuram,https://en.wikipedia.org/wiki/Eravipuram_Assembly_constituency,NDA,BDJS,https://en.wikipedia.org/wiki/Bharath_Dharma_Jana_Sena,Saji D. Anand,,False,,,
KL-126-LDF,Kerala,Kollam,126,Chathannoor,https://en.wikipedia.org/wiki/Chathannoor_Assembly_constituency,LDF,CPI,https://en.wikipedia.org/wiki/Communist_Party_of_India,R. Rajendran,,False,,,
KL-126-UDF,Kerala,Kollam,126,Chathannoor,https://en.wikipedia.org/wiki/Chathannoor_Assembly_constituency,UDF,INC,https://en.wikipedia.org/wiki/Indian_National_Congress,Sooraj Ravi,,False,,,
KL-126-NDA,Kerala,Kollam,126,Chathannoor,https://en.wikipedia.org/wiki/Chathannoor_Assembly_constituency,NDA,BJP,https://en.wikipedia.org/wiki/Bharatiya_Janata_Party,B. B. Gopakumar,,False,,,
KL-127-LDF,Kerala,Thiruvananthapuram,127,Varkala,https://en.wikipedia.org/wiki/Varkala_Assembly_constituency,LDF,CPI(M),https://en.wikipedia.org/wiki/Communist_Party_of_India_(Marxist),V. Joy,https://en.wikipedia.org/wiki/V._Joy,True,,,
KL-127-UDF,Kerala,Thiruvananthapuram,127,Varkala,https://en.wikipedia.org/wiki/Varkala_Assembly_constituency,UDF,INC,https://en.wikipedia.org/wiki/Indian_National_Congress,Varkala Kahar,https://en.wikipedia.org/wiki/Varkala_Kahar,True,,,
KL-127-NDA,Kerala,Thiruvananthapuram,127,Varkala,https://en.wikipedia.org/wiki/Varkala_Assembly_constituency,NDA,BJP,https://en.wikipedia.org/wiki/BJP,S. Smitha,,False,,,
KL-128-LDF,Kerala,Thiruvananthapuram,128,Attingal(SC),https://en.wikipedia.org/wiki/Attingal_Assembly_constituency,LDF,CPI(M),https://en.wikipedia.org/wiki/Communist_Party_of_India_(Marxist),O. S. Ambika,https://en.wikipedia.org/wiki/O._S._Ambika,True,,,
KL-128-UDF,Kerala,Thiruvananthapuram,128,Attingal(SC),https://en.wikipedia.org/wiki/Attingal_Assembly_constituency,UDF,RSP,https://en.wikipedia.org/wiki/Revolutionary_Socialist_Party_(India),Santhosh Bhadran,,False,,,
KL-128-NDA,Kerala,Thiruvananthapuram,128,Attingal(SC),https://en.wikipedia.org/wiki/Attingal_Assembly_constituency,NDA,BJP,https://en.wikipedia.org/wiki/Bharatiya_Janata_Party,P. Sudheer,,False,,,
KL-129-LDF,Kerala,Thiruvananthapuram,129,Chirayinkeezhu(SC),https://en.wikipedia.org/wiki/Chirayinkeezhu_Assembly_constituency,LDF,CPI,https://en.wikipedia.org/wiki/Communist_Party_of_India,Manoj Edamana,,False,,,
KL-129-UDF,Kerala,Thiruvananthapuram,129,Chirayinkeezhu(SC),https://en.wikipedia.org/wiki/Chirayinkeezhu_Assembly_constituency,UDF,INC,https://en.wikipedia.org/wiki/Indian_National_Congress,Ramya Haridas,https://en.wikipedia.org/wiki/Ramya_Haridas,True,,,
KL-129-NDA,Kerala,Thiruvananthapuram,129,Chirayinkeezhu(SC),https://en.wikipedia.org/wiki/Chirayinkeezhu_Assembly_constituency,NDA,BJP,https://en.wikipedia.org/wiki/Bharatiya_Janata_Party,B. S. Anoop,,False,,,
KL-130-LDF,Kerala,Thiruvananthapuram,130,Nedumangad,https://en.wikipedia.org/wiki/Nedumangad_Assembly_constituency,LDF,CPI,https://en.wikipedia.org/wiki/Communist_Party_of_India,G. R. Anil,https://en.wikipedia.org/wiki/G._R._Anil,True,,,
KL-130-UDF,Kerala,Thiruvananthapuram,130,Nedumangad,https://en.wikipedia.org/wiki/Nedumangad_Assembly_constituency,UDF,INC,https://en.wikipedia.org/wiki/Indian_National_Congress,Meenankal Kumar,,False,,,
KL-130-NDA,Kerala,Thiruvananthapuram,130,Nedumangad,https://en.wikipedia.org/wiki/Nedumangad_Assembly_constituency,NDA,BJP,https://en.wikipedia.org/wiki/Bharatiya_Janata_Party,Yuvaraj Gokul,,False,,,
KL-131-LDF,Kerala,Thiruvananthapuram,131,Vamanapuram,https://en.wikipedia.org/wiki/Vamanapuram_Assembly_constituency,LDF,CPI(M),https://en.wikipedia.org/wiki/Communist_Party_of_India_(Marxist),D. K. Murali,https://en.wikipedia.org/wiki/D._K._Murali,True,,,
KL-131-UDF,Kerala,Thiruvananthapuram,131,Vamanapuram,https://en.wikipedia.org/wiki/Vamanapuram_Assembly_constituency,UDF,INC,https://en.wikipedia.org/wiki/Indian_National_Congress,Sudheersha Palode,,False,,,
KL-131-NDA,Kerala,Thiruvananthapuram,131,Vamanapuram,https://en.wikipedia.org/wiki/Vamanapuram_Assembly_constituency,NDA,BDJS,https://en.wikipedia.org/wiki/Bharath_Dharma_Jana_Sena,Venu Karanavar,,False,,,
KL-132-LDF,Kerala,Thiruvananthapuram,132,Kazhakkoottam,https://en.wikipedia.org/wiki/Kazhakootam_Assembly_constituency,LDF,CPI(M),https://en.wikipedia.org/wiki/Communist_Party_of_India_(Marxist),Kadakampally Surendran,https://en.wikipedia.org/wiki/Kadakampally_Surendran,True,,,
KL-132-UDF,Kerala,Thiruvananthapuram,132,Kazhakkoottam,https://en.wikipedia.org/wiki/Kazhakootam_Assembly_constituency,UDF,INC,https://en.wikipedia.org/wiki/Indian_National_Congress,Sarathchandra Prasad,,False,,,
KL-132-NDA,Kerala,Thiruvananthapuram,132,Kazhakkoottam,https://en.wikipedia.org/wiki/Kazhakootam_Assembly_constituency,NDA,BJP,https://en.wikipedia.org/wiki/Bharatiya_Janata_Party,V. Muraleedharan,https://en.wikipedia.org/wiki/V._Muraleedharan,True,,,
KL-133-LDF,Kerala,Thiruvananthapuram,133,Vattiyoorkavu,https://en.wikipedia.org/wiki/Vattiyoorkavu_Assembly_constituency,LDF,CPI(M),https://en.wikipedia.org/wiki/Communist_Party_of_India_(Marxist),V. K. Prasanth,https://en.wikipedia.org/wiki/V._K._Prasanth,True,,,
KL-133-UDF,Kerala,Thiruvananthapuram,133,Vattiyoorkavu,https://en.wikipedia.org/wiki/Vattiyoorkavu_Assembly_constituency,UDF,INC,https://en.wikipedia.org/wiki/Indian_National_Congress,K. Muraleedharan,https://en.wikipedia.org/wiki/K._Muraleedharan,True,,,
KL-133-NDA,Kerala,Thiruvananthapuram,133,Vattiyoorkavu,https://en.wikipedia.org/wiki/Vattiyoorkavu_Assembly_constituency,NDA,BJP,https://en.wikipedia.org/wiki/Bharatiya_Janata_Party,R. Sreelekha,https://en.wikipedia.org/wiki/R._Sreelekha,True,,,
KL-134-LDF,Kerala,Thiruvananthapuram,134,Thiruvananthapuram,https://en.wikipedia.org/wiki/Thiruvananthapuram_Assembly_constituency,LDF,IND,https://en.wikipedia.org/wiki/Independent_politician,Sudheer Karamana,https://en.wikipedia.org/wiki/Sudheer_Karamana,True,,,
KL-134-UDF,Kerala,Thiruvananthapuram,134,Thiruvananthapuram,https://en.wikipedia.org/wiki/Thiruvananthapuram_Assembly_constituency,UDF,CMP,https://en.wikipedia.org/wiki/Communist_Marxist_Party,C. P. John,https://en.wikipedia.org/wiki/C._P._John,True,,,
KL-134-NDA,Kerala,Thiruvananthapuram,134,Thiruvananthapuram,https://en.wikipedia.org/wiki/Thiruvananthapuram_Assembly_constituency,NDA,BJP,https://en.wikipedia.org/wiki/Bharatiya_Janata_Party,Karamana Jayan,,False,,,
KL-135-LDF,Kerala,Thiruvananthapuram,135,Nemom,https://en.wikipedia.org/wiki/Nemom_Assembly_constituency,LDF,CPI(M),https://en.wikipedia.org/wiki/Communist_Party_of_India_(Marxist),V. Sivankutty,https://en.wikipedia.org/wiki/V._Sivankutty,True,,,
KL-135-UDF,Kerala,Thiruvananthapuram,135,Nemom,https://en.wikipedia.org/wiki/Nemom_Assembly_constituency,UDF,INC,https://en.wikipedia.org/wiki/Indian_National_Congress,K. S. Sabarinadhan,https://en.wikipedia.org/wiki/K._S._Sabarinadhan,True,,,
KL-135-NDA,Kerala,Thiruvananthapuram,135,Nemom,https://en.wikipedia.org/wiki/Nemom_Assembly_constituency,NDA,BJP,https://en.wikipedia.org/wiki/Bharatiya_Janata_Party,Rajeev Chandrasekhar,https://en.wikipedia.org/wiki/Rajeev_Chandrasekhar,True,,,
KL-136-LDF,Kerala,Thiruvananthapuram,136,Aruvikkara,https://en.wikipedia.org/wiki/Aruvikkara_Assembly_constituency,LDF,CPI(M),https://en.wikipedia.org/wiki/Communist_Party_of_India_(Marxist),G. Steephen,https://en.wikipedia.org/wiki/G._Steephen,True,,,
KL-136-UDF,Kerala,Thiruvananthapuram,136,Aruvikkara,https://en.wikipedia.org/wiki/Aruvikkara_Assembly_constituency,UDF,INC,https://en.wikipedia.org/wiki/Indian_National_Congress,V. S. Sivakumar,https://en.wikipedia.org/wiki/V._S._Sivakumar,True,,,
KL-136-NDA,Kerala,Thiruvananthapuram,136,Aruvikkara,https://en.wikipedia.org/wiki/Aruvikkara_Assembly_constituency,NDA,BJP,https://en.wikipedia.org/wiki/Bharatiya_Janata_Party,Vivek Gopan,https://en.wikipedia.org/wiki/Vivek_Gopan,True,,,
KL-137-LDF,Kerala,Thiruvananthapuram,137,Parassala,https://en.wikipedia.org/wiki/Parassala_Assembly_constituency,LDF,CPI(M),https://en.wikipedia.org/wiki/Communist_Party_of_India_(Marxist),C. K. Hareendran,https://en.wikipedia.org/wiki/C._K._Hareendran,True,,,
KL-137-UDF,Kerala,Thiruvananthapuram,137,Parassala,https://en.wikipedia.org/wiki/Parassala_Assembly_constituency,UDF,INC,https://en.wikipedia.org/wiki/Indian_National_Congress,Neyyattinkara Sanal,,False,,,
KL-137-NDA,Kerala,Thiruvananthapuram,137,Parassala,https://en.wikipedia.org/wiki/Parassala_Assembly_constituency,NDA,BJP,https://en.wikipedia.org/wiki/Bharatiya_Janata_Party,Gireesh Neyyar,,False,,,
KL-138-LDF,Kerala,Thiruvananthapuram,138,Kattakkada,https://en.wikipedia.org/wiki/Kattakada_Assembly_constituency,LDF,CPI(M),https://en.wikipedia.org/wiki/Communist_Party_of_India_(Marxist),I. B. Sathish,https://en.wikipedia.org/wiki/I._B._Sathish,True,,,
KL-138-UDF,Kerala,Thiruvananthapuram,138,Kattakkada,https://en.wikipedia.org/wiki/Kattakada_Assembly_constituency,UDF,INC,https://en.wikipedia.org/wiki/Indian_National_Congress,M. R. Baiju,,False,,,
KL-138-NDA,Kerala,Thiruvananthapuram,138,Kattakkada,https://en.wikipedia.org/wiki/Kattakada_Assembly_constituency,NDA,BJP,https://en.wikipedia.org/wiki/Bharatiya_Janata_Party,P. K. Krishnadas,,False,,,
KL-139-LDF,Kerala,Thiruvananthapuram,139,Kovalam,https://en.wikipedia.org/wiki/Kovalam_Assembly_constituency,LDF,IND,https://en.wikipedia.org/wiki/Independent_politician,Bhagat Rufus,,False,,,
KL-139-UDF,Kerala,Thiruvananthapuram,139,Kovalam,https://en.wikipedia.org/wiki/Kovalam_Assembly_constituency,UDF,INC,https://en.wikipedia.org/wiki/Indian_National_Congress,M. Vincent,https://en.wikipedia.org/wiki/M._Vincent,True,,,
KL-139-NDA,Kerala,Thiruvananthapuram,139,Kovalam,https://en.wikipedia.org/wiki/Kovalam_Assembly_constituency,NDA,BJP,https://en.wikipedia.org/wiki/Bharatiya_Janata_Party,T. N. Suresh,,False,,,
KL-140-LDF,Kerala,Thiruvananthapuram,140,Neyyattinkara,https://en.wikipedia.org/wiki/Neyyattinkara_Assembly_constituency,LDF,CPI(M),https://en.wikipedia.org/wiki/Communist_Party_of_India_(Marxist),K. Ansalan,https://en.wikipedia.org/wiki/K._Ansalan,True,,,
KL-140-UDF,Kerala,Thiruvananthapuram,140,Neyyattinkara,https://en.wikipedia.org/wiki/Neyyattinkara_Assembly_constituency,UDF,INC,https://en.wikipedia.org/wiki/Indian_National_Congress,N. Sakthan,https://en.wikipedia.org/wiki/N._Sakthan,True,,,
KL-140-NDA,Kerala,Thiruvananthapuram,140,Neyyattinkara,https://en.wikipedia.org/wiki/Neyyattinkara_Assembly_constituency,NDA,BJP,https://en.wikipedia.org/wiki/Bharatiya_Janata_Party,S. Rajasekharan Nair,,False,,,
WB-001-N/A,West Bengal,Cooch Behar,1,Mekliganj,https://en.wikipedia.org/wiki/Mekliganj_Assembly_constituency,N/A,Trinamool Congress,https://en.wikipedia.org/wiki/Trinamool_Congress,Paresh Adhikary,https://en.wikipedia.org/wiki/Paresh_Chandra_Adhikary,True,,,
WB-002-N/A,West Bengal,Cooch Behar,2,Mathabhanga,https://en.wikipedia.org/wiki/Mathabhanga_Assembly_constituency,N/A,Bharatiya Janata Party,https://en.wikipedia.org/wiki/Bharatiya_Janata_Party,Sushil Barman,https://en.wikipedia.org/wiki/Sushil_Barman,True,,,
WB-003-N/A,West Bengal,Cooch Behar,3,Cooch Behar Uttar,https://en.wikipedia.org/wiki/Cooch_Behar_Uttar,N/A,,,Sukumar Roy,https://en.wikipedia.org/wiki/Sukumar_Roy_(politician),True,,,
WB-004-N/A,West Bengal,Cooch Behar,4,Cooch Behar Dakshin,https://en.wikipedia.org/wiki/Cooch_Behar_Dakshin,N/A,,,Nikhil Ranjan Dey,https://en.wikipedia.org/wiki/Nikhil_Ranjan_Dey,True,,,
WB-005-N/A,West Bengal,Cooch Behar,5,Sitalkuchi,https://en.wikipedia.org/wiki/Sitalkuchi_Assembly_constituency,N/A,,,Baren Chandra Barman,https://en.wikipedia.org/wiki/Baren_Chandra_Barman,True,,,
WB-006-N/A,West Bengal,Cooch Behar,6,Sitai,https://en.wikipedia.org/wiki/Sitai_Assembly_constituency,N/A,Trinamool Congress,https://en.wikipedia.org/wiki/Trinamool_Congress,Jagadish Basunia,https://en.wikipedia.org/wiki/Jagadish_Chandra_Barma_Basunia,True,,,
WB-007-N/A,West Bengal,Sangita Roy,7,Dinhata,https://en.wikipedia.org/wiki/Dinhata_Assembly_constituency,N/A,Bharatiya Janata Party,https://en.wikipedia.org/wiki/Bharatiya_Janata_Party,Nisith Pramanik,https://en.wikipedia.org/wiki/Nisith_Pramanik,True,,,
WB-008-N/A,West Bengal,Udayan Guha,,Trinamool Congress,https://en.wikipedia.org/wiki/Trinamool_Congress,N/A,,,Won in October 2021 bypoll,,False,,,
WB-008-N/A,West Bengal,Udayan Guha,8,Natabari,https://en.wikipedia.org/wiki/Natabari_Assembly_constituency,N/A,Bharatiya Janata Party,https://en.wikipedia.org/wiki/Bharatiya_Janata_Party,Mihir Goswami,https://en.wikipedia.org/wiki/Mihir_Goswami,True,,,
WB-009-N/A,West Bengal,Udayan Guha,9,Tufanganj,https://en.wikipedia.org/wiki/Tufanganj_Assembly_constituency,N/A,,,Malati Rava Roy,https://en.wikipedia.org/wiki/Malati_Rava_Roy,True,,,
WB-010-N/A,West Bengal,Alipurduar,10,Kumargram,https://en.wikipedia.org/wiki/Kumargram_Assembly_constituency,N/A,,,Manoj Kumar Oraon,https://en.wikipedia.org/wiki/Manoj_Kumar_Oraon,True,,,
WB-011-N/A,West Bengal,Alipurduar,11,Kalchini,https://en.wikipedia.org/wiki/Kalchini_Assembly_constituency,N/A,,,Bishal Lama,https://en.wikipedia.org/wiki/Bishal_Lama,True,,,
WB-012-N/A,West Bengal,Alipurduar,12,Alipurduars,https://en.wikipedia.org/wiki/Alipurduars_Assembly_constituency,N/A,Trinamool Congress,https://en.wikipedia.org/wiki/Trinamool_Congress,Suman Kanjilal,https://en.wikipedia.org/wiki/Suman_Kanjilal,True,,,
WB-013-N/A,West Bengal,Alipurduar,13,Falakata,https://en.wikipedia.org/wiki/Falakata_Assembly_constituency,N/A,Bharatiya Janata Party,https://en.wikipedia.org/wiki/Bharatiya_Janata_Party,Dipak Barman,https://en.wikipedia.org/wiki/Dipak_Barman,True,,,
WB-014-N/A,West Bengal,Alipurduar,14,Madarihat,https://en.wikipedia.org/wiki/Madarihat_Assembly_constituency,N/A,Bharatiya Janata Party,https://en.wikipedia.org/wiki/Bharatiya_Janata_Party,Manoj Tigga,https://en.wikipedia.org/wiki/Manoj_Tigga,True,,,
WB-016-N/A,West Bengal,Jay Prakash Toppo,,Trinamool Congress,https://en.wikipedia.org/wiki/Trinamool_Congress,N/A,,,Won in November 2024 bypoll,,False,,,
WB-015-N/A,West Bengal,Jalpaiguri,15,Dhupguri,https://en.wikipedia.org/wiki/Dhupguri_Assembly_constituency,N/A,Bharatiya Janata Party,https://en.wikipedia.org/wiki/Bharatiya_Janata_Party,Bishnu Pada Roy,https://en.wikipedia.org/wiki/Bishnu_Pada_Roy,True,,,
WB-018-N/A,West Bengal,Nirmal Chandra Roy,,Trinamool Congress,https://en.wikipedia.org/wiki/Trinamool_Congress,N/A,,,Won in 2023 bypoll,,False,,,
WB-016-N/A,West Bengal,Nirmal Chandra Roy,16,Maynaguri,https://en.wikipedia.org/wiki/Maynaguri_Assembly_constituency,N/A,Bharatiya Janata Party,https://en.wikipedia.org/wiki/Bharatiya_Janata_Party,Kaushik Roy,https://en.wikipedia.org/wiki/Kaushik_Roy_(politician),True,,,
WB-017-N/A,West Bengal,Nirmal Chandra Roy,17,Jalpaiguri,https://en.wikipedia.org/wiki/Jalpaiguri_Assembly_constituency,N/A,Trinamool Congress,https://en.wikipedia.org/wiki/Trinamool_Congress,Pradip Kumar Barma,https://en.wikipedia.org/wiki/Pradip_Kumar_Barma,True,,,
WB-018-N/A,West Bengal,Nirmal Chandra Roy,18,Rajganj,https://en.wikipedia.org/wiki/Rajganj_Assembly_constituency,N/A,,,Khageshwar Roy,https://en.wikipedia.org/wiki/Khageswar_Roy,True,,,
WB-019-N/A,West Bengal,Nirmal Chandra Roy,19,Dabgram-Phulbari,https://en.wikipedia.org/wiki/Dabgram-Phulbari_Assembly_constituency,N/A,Bharatiya Janata Party,https://en.wikipedia.org/wiki/Bharatiya_Janata_Party,Shikha Chatterjee,https://en.wikipedia.org/wiki/Sikha_Chatterjee,True,,,
WB-020-N/A,West Bengal,Nirmal Chandra Roy,20,Mal,https://en.wikipedia.org/wiki/Mal_Assembly_constituency,N/A,Trinamool Congress,https://en.wikipedia.org/wiki/Trinamool_Congress,Bulu Chik Baraik,https://en.wikipedia.org/wiki/Bulu_Chik_Baraik,True,,,
WB-021-N/A,West Bengal,Nirmal Chandra Roy,21,Nagrakata,https://en.wikipedia.org/wiki/Nagrakata_Assembly_constituency,N/A,Bharatiya Janata Party,https://en.wikipedia.org/wiki/Bharatiya_Janata_Party,Puna Bhengra,https://en.wikipedia.org/wiki/Puna_Bhengra,True,,,
WB-022-N/A,West Bengal,Kalimpong,22,Kalimpong,https://en.wikipedia.org/wiki/Kalimpong_Assembly_constituency,N/A,Bharatiya Gorkha Prajatantrik Morcha,https://en.wikipedia.org/wiki/Bharatiya_Gorkha_Prajatantrik_Morcha,Ruden Sada Lepcha,https://en.wikipedia.org/wiki/Ruden_Sada_Lepcha,True,,,
WB-023-N/A,West Bengal,Darjeeling,23,Darjeeling,https://en.wikipedia.org/wiki/Darjeeling_Assembly_constituency,N/A,Bharatiya Janata Party,https://en.wikipedia.org/wiki/Bharatiya_Janata_Party,Neeraj Zimba,https://en.wikipedia.org/wiki/Neeraj_Zimba,True,,,
WB-024-N/A,West Bengal,Darjeeling,24,Kurseong,https://en.wikipedia.org/wiki/Kurseong_Assembly_constituency,N/A,Trinamool Congress,https://en.wikipedia.org/wiki/Trinamool_Congress,Bishnu Prasad Sharma,https://en.wikipedia.org/wiki/Bishnu_Prasad_Sharma,True,,,
WB-025-N/A,West Bengal,Darjeeling,25,Matigara-Naxalbari,https://en.wikipedia.org/wiki/Matigara-Naxalbari,N/A,Bharatiya Janata Party,https://en.wikipedia.org/wiki/Bharatiya_Janata_Party,Anandamay Barman,https://en.wikipedia.org/wiki/Anandamoy_Barman,True,,,
WB-026-N/A,West Bengal,Darjeeling,26,Siliguri,https://en.wikipedia.org/wiki/Siliguri_Assembly_constituency,N/A,,,Shankar Ghosh,https://en.wikipedia.org/wiki/Sankar_Ghosh_(politician),True,,,
WB-027-N/A,West Bengal,Darjeeling,27,Phansidewa,https://en.wikipedia.org/wiki/Phansidewa_Assembly_constituency,N/A,,,Durga Murmu,https://en.wikipedia.org/wiki/Durga_Murmu,True,,,
WB-028-N/A,West Bengal,Uttar Dinajpur,28,Chopra,https://en.wikipedia.org/wiki/Chopra_Assembly_constituency,N/A,Trinamool Congress,https://en.wikipedia.org/wiki/Trinamool_Congress,Hamidul Rahman,https://en.wikipedia.org/wiki/Hamidul_Rahman,True,,,
WB-029-N/A,West Bengal,Uttar Dinajpur,29,Islampur,"https://en.wikipedia.org/wiki/Islampur,_West_Bengal_Assembly_constituency",N/A,,,Abdul Karim Chowdhury,https://en.wikipedia.org/wiki/Abdul_Karim_Chowdhury,True,,,
WB-030-N/A,West Bengal,Uttar Dinajpur,30,Goalpokhar,https://en.wikipedia.org/wiki/Goalpokhar_Assembly_constituency,N/A,,,Md. Ghulam Rabbani,https://en.wikipedia.org/wiki/Md._Ghulam_Rabbani,True,,,
WB-031-N/A,West Bengal,Uttar Dinajpur,31,Chakulia,https://en.wikipedia.org/wiki/Chakulia_Assembly_constituency,N/A,,,Minhajul Arfin Azad,https://en.wikipedia.org/wiki/Minhajul_Arfin_Azad,True,,,
WB-032-N/A,West Bengal,Uttar Dinajpur,32,Karandighi,https://en.wikipedia.org/wiki/Karandighi_Assembly_constituency,N/A,,,Goutam Paul,https://en.wikipedia.org/wiki/Goutam_Paul,True,,,
WB-033-N/A,West Bengal,Uttar Dinajpur,33,Hemtabad,https://en.wikipedia.org/wiki/Hemtabad_Assembly_constituency,N/A,,,Satyajit Barman,https://en.wikipedia.org/wiki/Satyajit_Barman,True,,,
WB-034-N/A,West Bengal,Uttar Dinajpur,34,Kaliaganj,https://en.wikipedia.org/wiki/Kaliaganj_Assembly_constituency,N/A,Bharatiya Janata Party,https://en.wikipedia.org/wiki/Bharatiya_Janata_Party,Soumen Roy,https://en.wikipedia.org/wiki/Soumen_Roy,True,,,
WB-035-N/A,West Bengal,Uttar Dinajpur,35,Raiganj,https://en.wikipedia.org/wiki/Raiganj_Assembly_constituency,N/A,Bharatiya Janata Party,https://en.wikipedia.org/wiki/Bharatiya_Janata_Party,Krishna Kalyani,https://en.wikipedia.org/wiki/Krishna_Kalyani,True,,,
WB-039-N/A,West Bengal,Uttar Dinajpur,,Trinamool Congress,https://en.wikipedia.org/wiki/Trinamool_Congress,N/A,,,Won in July 2024 bypoll,,False,,,
WB-036-N/A,West Bengal,Uttar Dinajpur,36,Itahar,https://en.wikipedia.org/wiki/Itahar_Assembly_constituency,N/A,Trinamool Congress,https://en.wikipedia.org/wiki/Trinamool_Congress,Mosaraf Hussen,https://en.wikipedia.org/wiki/Mosaraf_Hussen,True,,,
WB-037-N/A,West Bengal,Dakshin Dinajpur,37,Kushmandi,https://en.wikipedia.org/wiki/Kushmandi_Assembly_constituency,N/A,,,Rekha Roy,https://en.wikipedia.org/wiki/Rekha_Roy,True,,,
WB-038-N/A,West Bengal,Dakshin Dinajpur,38,Kumarganj,https://en.wikipedia.org/wiki/Kumarganj_Assembly_constituency,N/A,,,Toraf Hossain Mandal,https://en.wikipedia.org/wiki/Toraf_Hossain_Mandal,True,,,
WB-039-N/A,West Bengal,Dakshin Dinajpur,39,Balurghat,https://en.wikipedia.org/wiki/Balurghat_Assembly_constituency,N/A,Bharatiya Janata Party,https://en.wikipedia.org/wiki/Bharatiya_Janata_Party,Ashok Lahiri,https://en.wikipedia.org/wiki/Ashok_Lahiri,True,,,
WB-040-N/A,West Bengal,Dakshin Dinajpur,40,Tapan,https://en.wikipedia.org/wiki/Tapan_Assembly_constituency,N/A,,,Budhrai Tudu,https://en.wikipedia.org/wiki/Budhrai_Tudu,True,,,
WB-041-N/A,West Bengal,Dakshin Dinajpur,41,Gangarampur,https://en.wikipedia.org/wiki/Gangarampur_Assembly_constituency,N/A,,,Satyendra Nath Ray,https://en.wikipedia.org/wiki/Satyendra_Nath_Ray,True,,,
WB-042-N/A,West Bengal,Dakshin Dinajpur,42,Harirampur,https://en.wikipedia.org/wiki/Harirampur_Assembly_constituency,N/A,Trinamool Congress,https://en.wikipedia.org/wiki/Trinamool_Congress,Biplab Mitra,https://en.wikipedia.org/wiki/Biplab_Mitra,True,,,
WB-043-N/A,West Bengal,Malda,43,Habibpur,https://en.wikipedia.org/wiki/Habibpur_Assembly_constituency,N/A,Bharatiya Janata Party,https://en.wikipedia.org/wiki/Bharatiya_Janata_Party,Joyel Murmu,https://en.wikipedia.org/wiki/Joyel_Murmu,True,,,
WB-044-N/A,West Bengal,Malda,44,Gazole,https://en.wikipedia.org/wiki/Gazole_Assembly_constituency,N/A,,,Chinmoy Deb Barman,https://en.wikipedia.org/wiki/Chinmoy_Deb_Barman,True,,,
WB-045-N/A,West Bengal,Malda,45,Chanchal,https://en.wikipedia.org/wiki/Chanchal_Assembly_constituency,N/A,Trinamool Congress,https://en.wikipedia.org/wiki/Trinamool_Congress,Nihar Ranjan Ghosh,https://en.wikipedia.org/wiki/Nihar_Ranjan_Ghosh,True,,,
WB-046-N/A,West Bengal,Malda,46,Harishchandrapur,https://en.wikipedia.org/wiki/Harishchandrapur_Assembly_constituency,N/A,,,Tajmul Hossain,https://en.wikipedia.org/wiki/Tajmul_Hossain,True,,,
WB-047-N/A,West Bengal,Malda,47,Malatipur,https://en.wikipedia.org/wiki/Malatipur_Assembly_constituency,N/A,,,Abdur Rahim Boxi,https://en.wikipedia.org/wiki/Abdur_Rahim_Boxi,True,,,
WB-048-N/A,West Bengal,Malda,48,Ratua,https://en.wikipedia.org/wiki/Ratua_Assembly_constituency,N/A,,,Samar Mukherjee,https://en.wikipedia.org/wiki/Samar_Mukherjee_(Malda_politician),True,,,
WB-049-N/A,West Bengal,Malda,49,Manikchak,https://en.wikipedia.org/wiki/Manikchak_Assembly_constituency,N/A,,,Sabitri Mitra,https://en.wikipedia.org/wiki/Sabitri_Mitra,True,,,
WB-050-N/A,West Bengal,Malda,50,Maldaha,https://en.wikipedia.org/wiki/Maldaha_Assembly_constituency,N/A,Bharatiya Janata Party,https://en.wikipedia.org/wiki/Bharatiya_Janata_Party,Gopal Chandra Saha,https://en.wikipedia.org/wiki/Gopal_Chandra_Saha,True,,,
WB-051-N/A,West Bengal,Malda,51,English Bazar,https://en.wikipedia.org/wiki/English_Bazar_Assembly_constituency,N/A,,,Sreerupa Mitra Chaudhury,https://en.wikipedia.org/wiki/Sreerupa_Mitra_Chaudhury,True,,,
WB-052-N/A,West Bengal,Malda,52,Mothabari,https://en.wikipedia.org/wiki/Mothabari_Assembly_constituency,N/A,Trinamool Congress,https://en.wikipedia.org/wiki/Trinamool_Congress,Sabina Yeasmin,https://en.wikipedia.org/wiki/Sabina_Yeasmin,True,,,
WB-053-N/A,West Bengal,Malda,53,Sujapur,https://en.wikipedia.org/wiki/Sujapur_Assembly_constituency,N/A,,,Muhammad Abdul Ghani,https://en.wikipedia.org/wiki/Abdul_Ghani_(Indian_politician),True,,,
WB-054-N/A,West Bengal,Malda,54,Baisnabnagar,https://en.wikipedia.org/wiki/Baisnabnagar_Assembly_constituency,N/A,,,Chandana Sarkar,https://en.wikipedia.org/wiki/Chandana_Sarkar,True,,,
WB-055-N/A,West Bengal,Murshidabad,55,Farakka,https://en.wikipedia.org/wiki/Farakka_Assembly_constituency,N/A,,,Manirul Islam,https://en.wikipedia.org/wiki/Manirul_Islam_(Indian_politician),True,,,
WB-056-N/A,West Bengal,Murshidabad,56,Samserganj,https://en.wikipedia.org/wiki/Samserganj_Assembly_constituency,N/A,,,Amirul Islam,https://en.wikipedia.org/wiki/Amirul_Islam_(politician),True,,,
WB-057-N/A,West Bengal,Murshidabad,57,Suti,https://en.wikipedia.org/wiki/Suti_Assembly_constituency,N/A,,,Emani Biswas,https://en.wikipedia.org/wiki/Emani_Biswas,True,,,
WB-058-N/A,West Bengal,Murshidabad,58,Jangipur,"https://en.wikipedia.org/wiki/Jangipur,_West_Bengal_Assembly_constituency",N/A,,,Jakir Hossain,https://en.wikipedia.org/wiki/Jakir_Hossain_(Indian_politician),True,,,
WB-059-N/A,West Bengal,Murshidabad,59,Raghunathganj,https://en.wikipedia.org/wiki/Raghunathganj_Assembly_constituency,N/A,,,Akhruzzaman,https://en.wikipedia.org/wiki/Akhruzzaman,True,,,
WB-060-N/A,West Bengal,Murshidabad,60,Sagardighi,https://en.wikipedia.org/wiki/Sagardighi_Assembly_constituency,N/A,,,Subrata Saha,https://en.wikipedia.org/wiki/Subrata_Saha,True,,,
WB-061-N/A,West Bengal,Bayron Biswas,61,Lalgola,https://en.wikipedia.org/wiki/Lalgola_Assembly_constituency,N/A,,,Ali Mohammad,https://en.wikipedia.org/wiki/Ali_Mohammad_(West_Bengal_politician),True,,,
WB-062-N/A,West Bengal,Bayron Biswas,62,Bhagabangola,https://en.wikipedia.org/wiki/Bhagabangola_Assembly_constituency,N/A,,,Reyat Hossain Sarkar,https://en.wikipedia.org/wiki/Reyat_Hossain_Sarkar,True,,,
WB-063-N/A,West Bengal,Bayron Biswas,63,Raninagar,https://en.wikipedia.org/wiki/Raninagar_Assembly_constituency,N/A,,,Abdul Soumik Hossain,https://en.wikipedia.org/wiki/Abdul_Soumik_Hossain,True,,,
WB-064-N/A,West Bengal,Bayron Biswas,64,Murshidabad,https://en.wikipedia.org/wiki/Murshidabad_Assembly_constituency,N/A,Bharatiya Janata Party,https://en.wikipedia.org/wiki/Bharatiya_Janata_Party,Gouri Sankar Ghosh,https://en.wikipedia.org/wiki/Gouri_Shankar_Ghosh,True,,,
WB-065-N/A,West Bengal,Bayron Biswas,65,Nabagram,https://en.wikipedia.org/wiki/Nabagram_Assembly_constituency,N/A,,,Kanai Chandra Mondal,https://en.wikipedia.org/wiki/Kanai_Chandra_Mondal,True,,,
WB-066-N/A,West Bengal,Bayron Biswas,66,Khargram,https://en.wikipedia.org/wiki/Khargram_Assembly_constituency,N/A,Trinamool Congress,https://en.wikipedia.org/wiki/Trinamool_Congress,Ashish Marjit,https://en.wikipedia.org/wiki/Ashis_Marjit,True,,,
WB-067-N/A,West Bengal,Bayron Biswas,67,Burwan,https://en.wikipedia.org/wiki/Burwan_Assembly_constituency,N/A,,,Jiban Krishna Saha,https://en.wikipedia.org/wiki/Jiban_Krishna_Saha,True,,,
WB-068-N/A,West Bengal,Bayron Biswas,68,Kandi,https://en.wikipedia.org/wiki/Kandi_Assembly_constituency,N/A,,,Apurba Sarkar,https://en.wikipedia.org/wiki/Apurba_Sarkar,True,,,
WB-069-N/A,West Bengal,Bayron Biswas,69,Bharatpur,"https://en.wikipedia.org/wiki/Bharatpur,_West_Bengal_Assembly_constituency",N/A,Aam Janata Unnayan Party,https://en.wikipedia.org/wiki/Aam_Janata_Unnayan_Party,Humayun Kabir,https://en.wikipedia.org/wiki/Humayun_Kabir_(Bharatpur_politician),True,,,
WB-070-N/A,West Bengal,Bayron Biswas,70,Rejinagar,https://en.wikipedia.org/wiki/Rejinagar_Assembly_constituency,N/A,Trinamool Congress,https://en.wikipedia.org/wiki/Trinamool_Congress,Rabiul Alam Chowdhury,https://en.wikipedia.org/wiki/Rabiul_Alam_Chowdhury,True,,,
WB-071-N/A,West Bengal,Bayron Biswas,71,Beldanga,https://en.wikipedia.org/wiki/Beldanga_Assembly_constituency,N/A,,,Hasanuzzaman Sheikh,https://en.wikipedia.org/wiki/Hasanuzzaman_Sk,True,,,
WB-072-N/A,West Bengal,Bayron Biswas,72,Baharampur,https://en.wikipedia.org/wiki/Baharampur_Assembly_constituency,N/A,Bharatiya Janata Party,https://en.wikipedia.org/wiki/Bharatiya_Janata_Party,Subrata Maitra,https://en.wikipedia.org/wiki/Subrata_Maitra_(politician),True,,,
WB-073-N/A,West Bengal,Bayron Biswas,73,Hariharpara,https://en.wikipedia.org/wiki/Hariharpara_Assembly_constituency,N/A,Trinamool Congress,https://en.wikipedia.org/wiki/Trinamool_Congress,Niamot Sheikh,https://en.wikipedia.org/wiki/Niamot_Sheikh,True,,,
WB-074-N/A,West Bengal,Bayron Biswas,74,Naoda,https://en.wikipedia.org/wiki/Naoda_Assembly_constituency,N/A,,,Sahina Mumtaz Begum,https://en.wikipedia.org/wiki/Sahina_Mumtaz_Begum,True,,,
WB-075-N/A,West Bengal,Bayron Biswas,75,Domkal,https://en.wikipedia.org/wiki/Domkal_Assembly_constituency,N/A,,,Jafikul Islam,https://en.wikipedia.org/wiki/Jafikul_Islam,True,,,
WB-076-N/A,West Bengal,Vacant,76,Jalangi,https://en.wikipedia.org/wiki/Jalangi_Assembly_constituency,N/A,Independent politician,https://en.wikipedia.org/wiki/Independent_politician,Abdur Razzak,https://en.wikipedia.org/wiki/Abdur_Razzak_(Murshidabad_politician),True,,,
WB-077-N/A,West Bengal,Nadia,77,Karimpur,https://en.wikipedia.org/wiki/Karimpur_Assembly_constituency,N/A,Trinamool Congress,https://en.wikipedia.org/wiki/Trinamool_Congress,Bimalendu Sinha Roy,https://en.wikipedia.org/wiki/Bimalendu_Sinha_Roy,True,,,
WB-078-N/A,West Bengal,Nadia,78,Tehatta,https://en.wikipedia.org/wiki/Tehatta_Assembly_constituency,N/A,,,Tapas Kumar Saha,https://en.wikipedia.org/wiki/Tapas_Kumar_Saha,True,,,
WB-079-N/A,West Bengal,Vacant,79,Palashipara,https://en.wikipedia.org/wiki/Palashipara_Assembly_constituency,N/A,Trinamool Congress,https://en.wikipedia.org/wiki/Trinamool_Congress,Manik Bhattacharya,https://en.wikipedia.org/wiki/Manik_Bhattacharya,True,,,
WB-080-N/A,West Bengal,Vacant,80,Kaliganj,https://en.wikipedia.org/wiki/Kaliganj_Assembly_constituency,N/A,,,Nasiruddin Ahamed,https://en.wikipedia.org/wiki/Nasiruddin_Ahamed,True,,,
WB-081-N/A,West Bengal,Alifa Ahmed,81,Nakashipara,https://en.wikipedia.org/wiki/Nakashipara_Assembly_constituency,N/A,,,Kallol Khan,https://en.wikipedia.org/wiki/Kallol_Khan,True,,,
WB-082-N/A,West Bengal,Alifa Ahmed,82,Chapra,"https://en.wikipedia.org/wiki/Chapra,_West_Bengal_Assembly_constituency",N/A,,,Rukbanur Rahman,https://en.wikipedia.org/wiki/Rukbanur_Rahman,True,,,
WB-083-N/A,West Bengal,Alifa Ahmed,83,Krishnanagar Uttar,https://en.wikipedia.org/wiki/Krishnanagar_Uttar_Assembly_constituency,N/A,,,Mukul Roy,https://en.wikipedia.org/wiki/Mukul_Roy,True,,,
WB-084-N/A,West Bengal,Vacant,84,Nabadwip,https://en.wikipedia.org/wiki/Nabadwip_Assembly_constituency,N/A,Trinamool Congress,https://en.wikipedia.org/wiki/Trinamool_Congress,Pundarikakhsa Saha,https://en.wikipedia.org/wiki/Pundarikakhsa_Saha,True,,,
WB-085-N/A,West Bengal,Vacant,85,Krishnanagar Dakshin,https://en.wikipedia.org/wiki/Krishnanagar_Dakshin_Assembly_constituency,N/A,,,Ujjal Biswas,https://en.wikipedia.org/wiki/Ujjal_Biswas,True,,,
WB-086-N/A,West Bengal,Vacant,86,Santipur,https://en.wikipedia.org/wiki/Santipur_Assembly_constituency,N/A,Bharatiya Janata Party,https://en.wikipedia.org/wiki/Bharatiya_Janata_Party,Jagannath Sarkar,https://en.wikipedia.org/wiki/Jagannath_Sarkar_(BJP_politician),True,,,
WB-091-N/A,West Bengal,Braja Kishore Goswami,,Trinamool Congress,https://en.wikipedia.org/wiki/Trinamool_Congress,N/A,,,Won in October 2021 bypoll,,False,,,
WB-087-N/A,West Bengal,Braja Kishore Goswami,87,Ranaghat Uttar Paschim,https://en.wikipedia.org/wiki/Ranaghat_Uttar_Paschim_Assembly_constituency,N/A,Bharatiya Janata Party,https://en.wikipedia.org/wiki/Bharatiya_Janata_Party,Parthasarathi Chatterjee,https://en.wikipedia.org/wiki/Parthasarathi_Chatterjee,True,,,
WB-088-N/A,West Bengal,Braja Kishore Goswami,88,Krishnaganj,https://en.wikipedia.org/wiki/Krishnaganj_Assembly_constituency,N/A,,,Ashis Kumar Biswas,https://en.wikipedia.org/wiki/Ashis_Kumar_Biswas,True,,,
WB-089-N/A,West Bengal,Braja Kishore Goswami,89,Ranaghat Uttar Purba,https://en.wikipedia.org/wiki/Ranaghat_Uttar_Purba_Assembly_constituency,N/A,,,Ashim Biswas,https://en.wikipedia.org/wiki/Ashim_Biswas_(politician),True,,,
WB-090-N/A,West Bengal,Braja Kishore Goswami,90,Ranaghat Dakshin,https://en.wikipedia.org/wiki/Ranaghat_Dakshin_Assembly_constituency,N/A,Bharatiya Janata Party,https://en.wikipedia.org/wiki/Bharatiya_Janata_Party,Mukut Mani Adhikari,https://en.wikipedia.org/wiki/Mukut_Mani_Adhikari,True,,,
WB-096-N/A,West Bengal,Braja Kishore Goswami,,Trinamool Congress,https://en.wikipedia.org/wiki/Trinamool_Congress,N/A,,,Won in July 2024 bypoll,,False,,,
WB-091-N/A,West Bengal,Braja Kishore Goswami,91,Chakdaha,https://en.wikipedia.org/wiki/Chakdaha_Assembly_constituency,N/A,Bharatiya Janata Party,https://en.wikipedia.org/wiki/Bharatiya_Janata_Party,Bankim Chandra Ghosh,https://en.wikipedia.org/wiki/Bankim_Chandra_Ghosh,True,,,
WB-092-N/A,West Bengal,Braja Kishore Goswami,92,Kalyani,https://en.wikipedia.org/wiki/Kalyani_Assembly_constituency,N/A,,,Ambika Roy,https://en.wikipedia.org/wiki/Ambika_Roy,True,,,
WB-093-N/A,West Bengal,Braja Kishore Goswami,93,Haringhata,https://en.wikipedia.org/wiki/Haringhata_Assembly_constituency,N/A,,,Ashim Kumar Sarkar,https://en.wikipedia.org/wiki/Ashim_Kumar_Sarkar,True,,,
WB-094-N/A,West Bengal,North 24 Parganas,94,Bagdah,https://en.wikipedia.org/wiki/Bagdah_Assembly_constituency,N/A,Bharatiya Janata Party,https://en.wikipedia.org/wiki/Bharatiya_Janata_Party,Biswajit Das,https://en.wikipedia.org/wiki/Biswajit_Das_(politician),True,,,
WB-101-N/A,West Bengal,Madhuparna Thakur,,Trinamool Congress,https://en.wikipedia.org/wiki/Trinamool_Congress,N/A,,,Won in July 2024 bypoll,,False,,,
WB-095-N/A,West Bengal,Madhuparna Thakur,95,Bangaon Uttar,https://en.wikipedia.org/wiki/Bangaon_Uttar_Assembly_constituency,N/A,Bharatiya Janata Party,https://en.wikipedia.org/wiki/Bharatiya_Janata_Party,Ashok Kirtania,https://en.wikipedia.org/wiki/Ashok_Kirtania,True,,,
WB-096-N/A,West Bengal,Madhuparna Thakur,96,Bangaon Dakshin,https://en.wikipedia.org/wiki/Bangaon_Dakshin_Assembly_constituency,N/A,,,Swapan Majumder,https://en.wikipedia.org/wiki/Swapan_Majumder,True,,,
WB-097-N/A,West Bengal,Madhuparna Thakur,97,Gaighata,https://en.wikipedia.org/wiki/Gaighata_Assembly_constituency,N/A,,,Subrata Thakur,https://en.wikipedia.org/wiki/Subrata_Thakur,True,,,
WB-098-N/A,West Bengal,Madhuparna Thakur,98,Swarupnagar,https://en.wikipedia.org/wiki/Swarupnagar_Assembly_constituency,N/A,Trinamool Congress,https://en.wikipedia.org/wiki/Trinamool_Congress,Bina Mondal,https://en.wikipedia.org/wiki/Bina_Mondal,True,,,
WB-099-N/A,West Bengal,Madhuparna Thakur,99,Baduria,https://en.wikipedia.org/wiki/Baduria_Assembly_constituency,N/A,Indian National Congress,https://en.wikipedia.org/wiki/Indian_National_Congress,Abdur Rahim Quazi,https://en.wikipedia.org/wiki/Abdur_Rahim_Quazi,True,,,
WB-100-N/A,West Bengal,Madhuparna Thakur,100,Habra,https://en.wikipedia.org/wiki/Habra_Assembly_constituency,N/A,Trinamool Congress,https://en.wikipedia.org/wiki/Trinamool_Congress,Jyotipriya Mallick,https://en.wikipedia.org/wiki/Jyotipriya_Mallick,True,,,
WB-101-N/A,West Bengal,Madhuparna Thakur,101,Ashokenagar,https://en.wikipedia.org/wiki/Ashoknagar_Assembly_constituency,N/A,,,Narayan Goswami,https://en.wikipedia.org/wiki/Narayan_Goswami,True,,,
WB-102-N/A,West Bengal,Madhuparna Thakur,102,Amdanga,https://en.wikipedia.org/wiki/Amdanga_Assembly_constituency,N/A,,,Rafiqur Rahaman,https://en.wikipedia.org/wiki/Rafiqur_Rahaman,True,,,
WB-103-N/A,West Bengal,Madhuparna Thakur,103,Bijpur,https://en.wikipedia.org/wiki/Bijpur_Assembly_constituency,N/A,,,Subodh Adhikary,https://en.wikipedia.org/wiki/Subodh_Adhikary,True,,,
WB-104-N/A,West Bengal,Madhuparna Thakur,104,Naihati,https://en.wikipedia.org/wiki/Naihati_Assembly_constituency,N/A,,,Partha Bhowmick,https://en.wikipedia.org/wiki/Partha_Bhowmick,True,,,
WB-105-N/A,West Bengal,Sanat Dey,105,Bhatpara,https://en.wikipedia.org/wiki/Bhatpara_Assembly_constituency,N/A,Bharatiya Janata Party,https://en.wikipedia.org/wiki/Bharatiya_Janata_Party,Pawan Singh,https://en.wikipedia.org/wiki/Pawan_Singh_(politician),True,,,
WB-106-N/A,West Bengal,Sanat Dey,106,Jagatdal,https://en.wikipedia.org/wiki/Jagatdal_Assembly_constituency,N/A,Trinamool Congress,https://en.wikipedia.org/wiki/Trinamool_Congress,Somenath Shyam Ichini,https://en.wikipedia.org/wiki/Somenath_Shyam_Ichini,True,,,
WB-107-N/A,West Bengal,Sanat Dey,107,Noapara,https://en.wikipedia.org/wiki/Noapara_Assembly_constituency,N/A,,,Manju Basu,https://en.wikipedia.org/wiki/Manju_Basu,True,,,
WB-108-N/A,West Bengal,Sanat Dey,108,Barrackpore,https://en.wikipedia.org/wiki/Barrackpore_Assembly_constituency,N/A,,,Raj Chakraborty,https://en.wikipedia.org/wiki/Raj_Chakraborty,True,,,
WB-109-N/A,West Bengal,Sanat Dey,109,Khardaha,https://en.wikipedia.org/wiki/Khardaha_Assembly_constituency,N/A,,,Kajal Sinha,https://en.wikipedia.org/wiki/Kajal_Sinha,True,,,
WB-110-N/A,West Bengal,Sovandeb Chattopadhyay,110,Dum Dum Uttar,https://en.wikipedia.org/wiki/Dum_Dum_Uttar_Assembly_constituency,N/A,,,Chandrima Bhattacharya,https://en.wikipedia.org/wiki/Chandrima_Bhattacharya,True,,,
WB-111-N/A,West Bengal,Sovandeb Chattopadhyay,111,Panihati,https://en.wikipedia.org/wiki/Panihati_Assembly_constituency,N/A,,,Nirmal Ghosh,https://en.wikipedia.org/wiki/Nirmal_Ghosh,True,,,
WB-112-N/A,West Bengal,Sovandeb Chattopadhyay,112,Kamarhati,https://en.wikipedia.org/wiki/Kamarhati_Assembly_constituency,N/A,,,Madan Mitra,https://en.wikipedia.org/wiki/Madan_Mitra,True,,,
WB-113-N/A,West Bengal,Sovandeb Chattopadhyay,113,Baranagar,https://en.wikipedia.org/wiki/Baranagar_Assembly_constituency,N/A,,,Tapas Roy,https://en.wikipedia.org/wiki/Tapas_Roy,True,,,
WB-114-N/A,West Bengal,Sayantika Banerjee,114,Dum Dum,https://en.wikipedia.org/wiki/Dum_Dum_Assembly_constituency,N/A,,,Bratya Basu,https://en.wikipedia.org/wiki/Bratya_Basu,True,,,
WB-115-N/A,West Bengal,Sayantika Banerjee,115,Rajarhat New Town,https://en.wikipedia.org/wiki/Rajarhat_New_Town_Assembly_constituency,N/A,,,Tapash Chatterjee,https://en.wikipedia.org/wiki/Tapash_Chatterjee,True,,,
WB-116-N/A,West Bengal,Sayantika Banerjee,116,Bidhannagar,https://en.wikipedia.org/wiki/Bidhannagar_Assembly_constituency,N/A,,,Sujit Bose,https://en.wikipedia.org/wiki/Sujit_Bose_(politician),True,,,
WB-117-N/A,West Bengal,Sayantika Banerjee,117,Rajarhat Gopalpur,https://en.wikipedia.org/wiki/Rajarhat_Gopalpur_Assembly_constituency,N/A,,,Aditi Munshi,https://en.wikipedia.org/wiki/Aditi_Munshi,True,,,
WB-118-N/A,West Bengal,Sayantika Banerjee,118,Madhyamgram,https://en.wikipedia.org/wiki/Madhyamgram_Assembly_constituency,N/A,,,Rathin Ghosh,https://en.wikipedia.org/wiki/Rathin_Ghosh,True,,,
WB-119-N/A,West Bengal,Sayantika Banerjee,119,Barasat,https://en.wikipedia.org/wiki/Barasat_Assembly_constituency,N/A,,,Chiranjeet Chakraborty,https://en.wikipedia.org/wiki/Chiranjeet_Chakraborty,True,,,
WB-120-N/A,West Bengal,Sayantika Banerjee,120,Deganga,https://en.wikipedia.org/wiki/Deganga_Assembly_constituency,N/A,,,Rahima Mondal,https://en.wikipedia.org/wiki/Rahima_Mondal,True,,,
WB-121-N/A,West Bengal,Sayantika Banerjee,121,Haroa,https://en.wikipedia.org/wiki/Haroa_Assembly_constituency,N/A,,,Haji Nurul Islam,https://en.wikipedia.org/wiki/Haji_Nurul_Islam,True,,,
WB-122-N/A,West Bengal,Sheikh Rabiul Islam,122,Minakhan,https://en.wikipedia.org/wiki/Minakhan_Assembly_constituency,N/A,,,Usha Rani Mondal,https://en.wikipedia.org/wiki/Usha_Rani_Mondal,True,,,
WB-123-N/A,West Bengal,Sheikh Rabiul Islam,123,Sandeshkhali,https://en.wikipedia.org/wiki/Sandeshkhali_Assembly_constituency,N/A,,,Sukumar Mahata,https://en.wikipedia.org/wiki/Sukumar_Mahata,True,,,
WB-124-N/A,West Bengal,Sheikh Rabiul Islam,124,Basirhat Dakshin,https://en.wikipedia.org/wiki/Basirhat_Dakshin_Assembly_constituency,N/A,,,Saptarshi Banerjee,https://en.wikipedia.org/wiki/Saptarshi_Banerjee,True,,,
WB-125-N/A,West Bengal,Sheikh Rabiul Islam,125,Basirhat Uttar,https://en.wikipedia.org/wiki/Basirhat_Uttar_Assembly_constituency,N/A,,,Rafikul Islam Mondal,https://en.wikipedia.org/wiki/Rafikul_Islam_Mondal,True,,,
WB-126-N/A,West Bengal,Sheikh Rabiul Islam,126,Hingalganj,https://en.wikipedia.org/wiki/Hingalganj_Assembly_constituency,N/A,,,Debesh Mondal,https://en.wikipedia.org/wiki/Debes_Mondal,True,,,
WB-127-N/A,West Bengal,South 24 Parganas,127,Gosaba,https://en.wikipedia.org/wiki/Gosaba_Assembly_constituency,N/A,,,Jayanta Naskar,https://en.wikipedia.org/wiki/Jayanta_Naskar,True,,,
WB-128-N/A,West Bengal,Subrata Mondal,128,Basanti,https://en.wikipedia.org/wiki/Basanti_Assembly_constituency,N/A,,,Shyamal Mondal,https://en.wikipedia.org/wiki/Shyamal_Mondal,True,,,
WB-129-N/A,West Bengal,Subrata Mondal,129,Kultali,https://en.wikipedia.org/wiki/Kultali_Assembly_constituency,N/A,,,Ganesh Chandra Mondal,https://en.wikipedia.org/wiki/Ganesh_Chandra_Mondal,True,,,
WB-130-N/A,West Bengal,Subrata Mondal,130,Patharpratima,https://en.wikipedia.org/wiki/Patharpratima_Assembly_constituency,N/A,,,Samir Kumar Jana,https://en.wikipedia.org/wiki/Samir_Kumar_Jana,True,,,
WB-131-N/A,West Bengal,Subrata Mondal,131,Kakdwip,https://en.wikipedia.org/wiki/Kakdwip_Assembly_constituency,N/A,,,Manturam Pakhira,https://en.wikipedia.org/wiki/Manturam_Pakhira,True,,,
WB-132-N/A,West Bengal,Subrata Mondal,132,Sagar,"https://en.wikipedia.org/wiki/Sagar,_West_Bengal_Assembly_constituency",N/A,,,Bankim Chandra Hazra,https://en.wikipedia.org/wiki/Bankim_Chandra_Hazra,True,,,
WB-133-N/A,West Bengal,Subrata Mondal,133,Kulpi,https://en.wikipedia.org/wiki/Kulpi_Assembly_constituency,N/A,,,Jogaranjan Halder,https://en.wikipedia.org/wiki/Jogaranjan_Halder,True,,,
WB-134-N/A,West Bengal,Subrata Mondal,134,Raidighi,https://en.wikipedia.org/wiki/Raidighi_Assembly_constituency,N/A,,,Aloke Jaldata,https://en.wikipedia.org/wiki/Aloke_Jaldata,True,,,
WB-135-N/A,West Bengal,Subrata Mondal,135,Mandirbazar,https://en.wikipedia.org/wiki/Mandirbazar_Assembly_constituency,N/A,,,Joydeb Halder,https://en.wikipedia.org/wiki/Joydeb_Halder,True,,,
WB-136-N/A,West Bengal,Subrata Mondal,136,Jaynagar,https://en.wikipedia.org/wiki/Jaynagar_Assembly_constituency,N/A,,,Biswanath Das,https://en.wikipedia.org/wiki/Biswanath_Das,True,,,
WB-137-N/A,West Bengal,Subrata Mondal,137,Baruipur Purba,https://en.wikipedia.org/wiki/Baruipur_Purba_Assembly_constituency,N/A,,,Bivas Sardar,https://en.wikipedia.org/wiki/Bivas_Sardar,True,,,
WB-138-N/A,West Bengal,Subrata Mondal,138,Canning Paschim,https://en.wikipedia.org/wiki/Canning_Paschim_Assembly_constituency,N/A,,,Paresh Ram Das,https://en.wikipedia.org/wiki/Paresh_Ram_Das,True,,,
WB-139-N/A,West Bengal,Subrata Mondal,139,Canning Purba,https://en.wikipedia.org/wiki/Canning_Purba_Assembly_constituency,N/A,,,Saokat Molla,https://en.wikipedia.org/wiki/Saokat_Molla,True,,,
WB-140-N/A,West Bengal,Subrata Mondal,140,Baruipur Paschim,https://en.wikipedia.org/wiki/Baruipur_Paschim_Assembly_constituency,N/A,,,Biman Banerjee,https://en.wikipedia.org/wiki/Biman_Banerjee,True,,,
WB-141-N/A,West Bengal,Subrata Mondal,141,Magrahat Purba,https://en.wikipedia.org/wiki/Magrahat_Purba_Assembly_constituency,N/A,,,Namita Saha,https://en.wikipedia.org/wiki/Namita_Saha,True,,,
WB-142-N/A,West Bengal,Subrata Mondal,142,Magrahat Paschim,https://en.wikipedia.org/wiki/Magrahat_Paschim_Assembly_constituency,N/A,,,Giasuddin Molla,https://en.wikipedia.org/wiki/Giasuddin_Molla,True,,,
WB-143-N/A,West Bengal,Subrata Mondal,143,Diamond Harbour,https://en.wikipedia.org/wiki/Diamond_Harbour_Assembly_constituency,N/A,,,Pannalal Halder,https://en.wikipedia.org/wiki/Pannalal_Halder,True,,,
WB-144-N/A,West Bengal,Subrata Mondal,144,Falta,https://en.wikipedia.org/wiki/Falta_Assembly_constituency,N/A,,,Sankar Kumar Naskar,https://en.wikipedia.org/wiki/Sankar_Kumar_Naskar,True,,,
WB-145-N/A,West Bengal,Subrata Mondal,145,Satgachia,https://en.wikipedia.org/wiki/Satgachhia_Assembly_constituency,N/A,,,Mohan Chandra Naskar,https://en.wikipedia.org/wiki/Mohan_Chandra_Naskar,True,,,
WB-146-N/A,West Bengal,Subrata Mondal,146,Bishnupur,"https://en.wikipedia.org/wiki/Bishnupur,_South_24_Parganas_Assembly_constituency",N/A,,,Dilip Mondal,https://en.wikipedia.org/wiki/Dilip_Mondal,True,,,
WB-147-N/A,West Bengal,Subrata Mondal,147,Sonarpur Dakshin,https://en.wikipedia.org/wiki/Sonarpur_Dakshin_Assembly_constituency,N/A,,,Arundhuti Maitra,https://en.wikipedia.org/wiki/Arundhuti_Maitra,True,,,
WB-148-N/A,West Bengal,Subrata Mondal,148,Bhangar,https://en.wikipedia.org/wiki/Bhangar_Assembly_constituency,N/A,Indian Secular Front,https://en.wikipedia.org/wiki/Indian_Secular_Front,Nawsad Siddique,https://en.wikipedia.org/wiki/Nawsad_Siddique,True,,,
WB-149-N/A,West Bengal,Subrata Mondal,149,Kasba,"https://en.wikipedia.org/wiki/Kasba,_West_Bengal_Assembly_constituency",N/A,Trinamool Congress,https://en.wikipedia.org/wiki/Trinamool_Congress,Javed Ahmed Khan,https://en.wikipedia.org/wiki/Javed_Ahmed_Khan,True,,,
WB-150-N/A,West Bengal,Subrata Mondal,150,Jadavpur,https://en.wikipedia.org/wiki/Jadavpur_Assembly_constituency,N/A,,,Debabrata Majumdar,https://en.wikipedia.org/wiki/Debabrata_Majumdar,True,,,
WB-151-N/A,West Bengal,Subrata Mondal,151,Sonarpur Uttar,https://en.wikipedia.org/wiki/Sonarpur_Uttar_Assembly_constituency,N/A,,,Firdousi Begum,https://en.wikipedia.org/wiki/Firdousi_Begum,True,,,
WB-152-N/A,West Bengal,Subrata Mondal,152,Tollygunge,https://en.wikipedia.org/wiki/Tollyganj_Assembly_constituency,N/A,,,Aroop Biswas,https://en.wikipedia.org/wiki/Aroop_Biswas,True,,,
WB-153-N/A,West Bengal,Subrata Mondal,153,Behala Purba,https://en.wikipedia.org/wiki/Behala_Purba_Assembly_constituency,N/A,,,Ratna Chatterjee,https://en.wikipedia.org/wiki/Ratna_Chatterjee,True,,,
WB-154-N/A,West Bengal,Subrata Mondal,154,Behala Paschim,https://en.wikipedia.org/wiki/Behala_Paschim_Assembly_constituency,N/A,Independent,https://en.wikipedia.org/wiki/Independent_politician,Partha Chatterjee,https://en.wikipedia.org/wiki/Partha_Chatterjee_(politician),True,,,
WB-155-N/A,West Bengal,Subrata Mondal,155,Maheshtala,https://en.wikipedia.org/wiki/Maheshtala_Assembly_constituency,N/A,Trinamool Congress,https://en.wikipedia.org/wiki/Trinamool_Congress,Dulal Chandra Das,https://en.wikipedia.org/wiki/Dulal_Chandra_Das,True,,,
WB-156-N/A,West Bengal,Subrata Mondal,156,Budge Budge,https://en.wikipedia.org/wiki/Budge_Budge_Assembly_constituency,N/A,,,Ashok Kumar Deb,https://en.wikipedia.org/wiki/Ashok_Kumar_Deb,True,,,
WB-157-N/A,West Bengal,Subrata Mondal,157,Metiaburuz,https://en.wikipedia.org/wiki/Metiaburuz_Assembly_constituency,N/A,,,Abdul Khaleque Molla,https://en.wikipedia.org/wiki/Abdul_Khaleque_Molla,True,,,
WB-158-N/A,West Bengal,Kolkata,158,Kolkata Port,https://en.wikipedia.org/wiki/Kolkata_Port_Assembly_constituency,N/A,,,Firhad Hakim,https://en.wikipedia.org/wiki/Firhad_Hakim,True,,,
WB-159-N/A,West Bengal,Kolkata,159,Bhabanipur,"https://en.wikipedia.org/wiki/Bhabanipur,_West_Bengal_Assembly_constituency",N/A,,,Sovandeb Chattopadhyay,https://en.wikipedia.org/wiki/Sovandeb_Chattopadhyay,True,,,
WB-160-N/A,West Bengal,Mamata Banerjee,160,Rashbehari,https://en.wikipedia.org/wiki/Rashbehari_Assembly_constituency,N/A,,,Debasish Kumar,https://en.wikipedia.org/wiki/Debasish_Kumar,True,,,
WB-161-N/A,West Bengal,Mamata Banerjee,161,Ballygunge,https://en.wikipedia.org/wiki/Ballygunge_Assembly_constituency,N/A,,,Subrata Mukherjee,https://en.wikipedia.org/wiki/Subrata_Mukherjee,True,,,
WB-162-N/A,West Bengal,Babul Supriyo,162,Chowrangee,https://en.wikipedia.org/wiki/Chowrangee_Assembly_constituency,N/A,,,Nayna Bandyopadhyay,https://en.wikipedia.org/wiki/Nayna_Bandyopadhyay,True,,,
WB-163-N/A,West Bengal,Babul Supriyo,163,Entally,https://en.wikipedia.org/wiki/Entally_Assembly_constituency,N/A,,,Swarna Kamal Saha,https://en.wikipedia.org/wiki/Swarna_Kamal_Saha,True,,,
WB-164-N/A,West Bengal,Babul Supriyo,164,Beleghata,https://en.wikipedia.org/wiki/Beleghata_Assembly_constituency,N/A,,,Paresh Paul,https://en.wikipedia.org/wiki/Paresh_Paul,True,,,
WB-165-N/A,West Bengal,Babul Supriyo,165,Jorasanko,https://en.wikipedia.org/wiki/Jorasanko_Assembly_constituency,N/A,,,Vivek Gupta,https://en.wikipedia.org/wiki/Vivek_Gupta_(politician),True,,,
WB-166-N/A,West Bengal,Babul Supriyo,166,Shyampukur,https://en.wikipedia.org/wiki/Shyampukur_Assembly_constituency,N/A,,,Shashi Panja,https://en.wikipedia.org/wiki/Shashi_Panja,True,,,
WB-167-N/A,West Bengal,Babul Supriyo,167,Maniktala,https://en.wikipedia.org/wiki/Maniktala_Assembly_constituency,N/A,,,Sadhan Pande,https://en.wikipedia.org/wiki/Sadhan_Pande,True,,,
WB-168-N/A,West Bengal,Supti Pandey,168,Kashipur-Belgachhia,https://en.wikipedia.org/wiki/Kashipur-Belgachhia,N/A,,,Atin Ghosh,https://en.wikipedia.org/wiki/Atin_Ghosh,True,,,
WB-169-N/A,West Bengal,Howrah,169,Bally,https://en.wikipedia.org/wiki/Bally_Assembly_constituency,N/A,,,Rana Chatterjee,https://en.wikipedia.org/wiki/Rana_Chatterjee,True,,,
WB-170-N/A,West Bengal,Howrah,170,Howrah Uttar,https://en.wikipedia.org/wiki/Howrah_Uttar,N/A,,,Gautam Chowdhuri,https://en.wikipedia.org/wiki/Gautam_Chowdhuri,True,,,
WB-171-N/A,West Bengal,Howrah,171,Howrah Madhya,https://en.wikipedia.org/wiki/Howrah_Madhya,N/A,,,Arup Roy,https://en.wikipedia.org/wiki/Arup_Roy,True,,,
WB-172-N/A,West Bengal,Howrah,172,Shibpur,https://en.wikipedia.org/wiki/Shibpur_Assembly_constituency,N/A,,,Manoj Tiwary,https://en.wikipedia.org/wiki/Manoj_Tiwary_(cricketer),True,,,
WB-173-N/A,West Bengal,Howrah,173,Howrah Dakshin,https://en.wikipedia.org/wiki/Howrah_Dakshin,N/A,,,Nandita Chowdhury,https://en.wikipedia.org/wiki/Nandita_Chowdhury,True,,,
WB-174-N/A,West Bengal,Howrah,174,Sankrail,https://en.wikipedia.org/wiki/Sankrail_Assembly_constituency,N/A,,,Priya Paul,https://en.wikipedia.org/wiki/Priya_Paul,True,,,
WB-175-N/A,West Bengal,Howrah,175,Panchla,https://en.wikipedia.org/wiki/Panchla_Assembly_constituency,N/A,,,Gulshan Mullick,https://en.wikipedia.org/wiki/Gulsan_Mullick,True,,,
WB-176-N/A,West Bengal,Howrah,176,Uluberia Purba,https://en.wikipedia.org/wiki/Uluberia_Purba,N/A,,,Bidesh Ranjan Bose,https://en.wikipedia.org/wiki/Bidesh_Ranjan_Bose,True,,,
WB-177-N/A,West Bengal,Howrah,177,Uluberia Uttar,https://en.wikipedia.org/wiki/Uluberia_Uttar,N/A,,,Nirmal Maji,https://en.wikipedia.org/wiki/Nirmal_Maji,True,,,
WB-178-N/A,West Bengal,Howrah,178,Uluberia Dakshin,https://en.wikipedia.org/wiki/Uluberia_Dakshin,N/A,,,Pulak Roy,https://en.wikipedia.org/wiki/Pulak_Roy,True,,,
WB-179-N/A,West Bengal,Howrah,179,Shyampur,https://en.wikipedia.org/wiki/Shyampur_Assembly_constituency,N/A,,,Kalipada Mondal,https://en.wikipedia.org/wiki/Kalipada_Mandal,True,,,
WB-180-N/A,West Bengal,Howrah,180,Bagnan,https://en.wikipedia.org/wiki/Bagnan_Assembly_constituency,N/A,,,Arunava Sen,https://en.wikipedia.org/wiki/Arunava_Sen_(politician),True,,,
WB-181-N/A,West Bengal,Howrah,181,Amta,https://en.wikipedia.org/wiki/Amta_Assembly_constituency,N/A,,,Sukanta Kumar Paul,https://en.wikipedia.org/wiki/Sukanta_Kumar_Paul,True,,,
WB-182-N/A,West Bengal,Howrah,182,Udaynarayanpur,https://en.wikipedia.org/wiki/Udaynarayanpur_Assembly_constituency,N/A,,,Samir Kumar Panja,https://en.wikipedia.org/wiki/Samir_Kumar_Panja,True,,,
WB-183-N/A,West Bengal,Howrah,183,Jagatballavpur,https://en.wikipedia.org/wiki/Jagatballavpur_Assembly_constituency,N/A,,,Sitanath Ghosh,https://en.wikipedia.org/wiki/Sitanath_Ghosh,True,,,
WB-184-N/A,West Bengal,Howrah,184,Domjur,https://en.wikipedia.org/wiki/Domjur_Assembly_constituency,N/A,,,Kalyan Ghosh,https://en.wikipedia.org/wiki/Kalyan_Ghosh_(politician),True,,,
WB-185-N/A,West Bengal,Hooghly,185,Uttarpara,https://en.wikipedia.org/wiki/Uttarpara_Assembly_constituency,N/A,,,Kanchan Mullick,https://en.wikipedia.org/wiki/Kanchan_Mullick,True,,,
WB-186-N/A,West Bengal,Hooghly,186,Sreerampur,https://en.wikipedia.org/wiki/Sreerampur_Assembly_constituency,N/A,,,Sudipto Roy,https://en.wikipedia.org/wiki/Sudipto_Roy,True,,,
WB-187-N/A,West Bengal,Hooghly,187,Champdani,https://en.wikipedia.org/wiki/Champdani_Assembly_constituency,N/A,,,Arindam Guin,https://en.wikipedia.org/wiki/Arindam_Guin,True,,,
WB-188-N/A,West Bengal,Hooghly,188,Singur,https://en.wikipedia.org/wiki/Singur_Assembly_constituency,N/A,,,Becharam Manna,https://en.wikipedia.org/wiki/Becharam_Manna,True,,,
WB-189-N/A,West Bengal,Hooghly,189,Chandannagar,https://en.wikipedia.org/wiki/Chandannagar_Assembly_constituency,N/A,,,Indranil Sen,https://en.wikipedia.org/wiki/Indranil_Sen,True,,,
WB-190-N/A,West Bengal,Hooghly,190,Chunchura,https://en.wikipedia.org/wiki/Chunchura_Assembly_constituency,N/A,,,Asit Mazumdar,https://en.wikipedia.org/wiki/Asit_Mazumdar,True,,,
WB-191-N/A,West Bengal,Hooghly,191,Balagarh,https://en.wikipedia.org/wiki/Balagarh_Assembly_constituency,N/A,,,Manoranjan Byapari,https://en.wikipedia.org/wiki/Manoranjan_Byapari,True,,,
WB-192-N/A,West Bengal,Hooghly,192,Pandua,https://en.wikipedia.org/wiki/Pandua_Assembly_constituency,N/A,,,Ratna De Nag,https://en.wikipedia.org/wiki/Ratna_De,True,,,
WB-193-N/A,West Bengal,Hooghly,193,Saptagram,https://en.wikipedia.org/wiki/Saptagram_Assembly_constituency,N/A,,,Tapan Dasgupta,https://en.wikipedia.org/wiki/Tapan_Dasgupta,True,,,
WB-194-N/A,West Bengal,Hooghly,194,Chanditala,https://en.wikipedia.org/wiki/Chanditala_Assembly_constituency,N/A,,,Swati Khandoker,https://en.wikipedia.org/wiki/Swati_Khandoker,True,,,
WB-195-N/A,West Bengal,Hooghly,195,Jangipara,https://en.wikipedia.org/wiki/Jangipara_Assembly_constituency,N/A,,,Snehasis Chakraborty,https://en.wikipedia.org/wiki/Snehasis_Chakraborty,True,,,
WB-196-N/A,West Bengal,Hooghly,196,Haripal,https://en.wikipedia.org/wiki/Haripal_Assembly_constituency,N/A,,,Karabi Manna,https://en.wikipedia.org/wiki/Karabi_Manna,True,,,
WB-197-N/A,West Bengal,Hooghly,197,Dhanekhali,https://en.wikipedia.org/wiki/Dhanekhali_Assembly_constituency,N/A,,,Ashima Patra,https://en.wikipedia.org/wiki/Ashima_Patra,True,,,
WB-198-N/A,West Bengal,Hooghly,198,Tarakeswar,https://en.wikipedia.org/wiki/Tarakeswar_Assembly_constituency,N/A,,,Ramendu Sinharay,https://en.wikipedia.org/wiki/Ramendu_Sinharay,True,,,
WB-199-N/A,West Bengal,Hooghly,199,Pursurah,https://en.wikipedia.org/wiki/Pursurah_Assembly_constituency,N/A,Bharatiya Janata Party,https://en.wikipedia.org/wiki/Bharatiya_Janata_Party,Biman Ghosh,https://en.wikipedia.org/wiki/Bimal_Ghosh_(politician),True,,,
WB-200-N/A,West Bengal,Hooghly,200,Arambagh,https://en.wikipedia.org/wiki/Arambag_Assembly_constituency,N/A,,,Madhusudan Bag,https://en.wikipedia.org/wiki/Madhusudan_Bag,True,,,
WB-201-N/A,West Bengal,Hooghly,201,Goghat,https://en.wikipedia.org/wiki/Goghat_Assembly_constituency,N/A,,,Biswanath Karak,https://en.wikipedia.org/wiki/Biswanath_Karak,True,,,
WB-202-N/A,West Bengal,Hooghly,202,Khanakul,https://en.wikipedia.org/wiki/Khanakul_Assembly_constituency,N/A,,,Susanta Ghosh,https://en.wikipedia.org/wiki/Susanta_Ghosh_(politician),True,,,
WB-203-N/A,West Bengal,Purba Medinipur,203,Tamluk,https://en.wikipedia.org/wiki/Tamluk_Assembly_constituency,N/A,Trinamool Congress,https://en.wikipedia.org/wiki/Trinamool_Congress,Soumen Mahapatra,https://en.wikipedia.org/wiki/Soumen_Mahapatra,True,,,
WB-204-N/A,West Bengal,Purba Medinipur,204,Panskura Purba,https://en.wikipedia.org/wiki/Panskura_Purba,N/A,,,Biplab Roy Chowdhury,https://en.wikipedia.org/wiki/Biplab_Roy_Chowdhury,True,,,
WB-205-N/A,West Bengal,Purba Medinipur,205,Panskura Paschim,https://en.wikipedia.org/wiki/Panskura_Paschim,N/A,,,Firoja Bibi,https://en.wikipedia.org/wiki/Firoja_Bibi,True,,,
WB-206-N/A,West Bengal,Purba Medinipur,206,Moyna,https://en.wikipedia.org/wiki/Moyna_Assembly_constituency,N/A,Bharatiya Janata Party,https://en.wikipedia.org/wiki/Bharatiya_Janata_Party,Ashoke Dinda,https://en.wikipedia.org/wiki/Ashoke_Dinda,True,,,
WB-207-N/A,West Bengal,Purba Medinipur,207,Nandakumar,https://en.wikipedia.org/wiki/Nandakumar_Assembly_constituency,N/A,Trinamool Congress,https://en.wikipedia.org/wiki/Trinamool_Congress,Sukumar De,https://en.wikipedia.org/wiki/Sukumar_De,True,,,
WB-208-N/A,West Bengal,Purba Medinipur,208,Mahisadal,https://en.wikipedia.org/wiki/Mahisadal_Assembly_constituency,N/A,,,Tilak Kumar Chakraborty,https://en.wikipedia.org/wiki/Tilak_Kumar_Chakraborty,True,,,
WB-209-N/A,West Bengal,Purba Medinipur,209,Haldia,https://en.wikipedia.org/wiki/Haldia_Assembly_constituency,N/A,,,Tapasi Mondal,https://en.wikipedia.org/wiki/Tapasi_Mondal,True,,,
WB-210-N/A,West Bengal,Purba Medinipur,210,Nandigram,https://en.wikipedia.org/wiki/Nandigram_Assembly_constituency,N/A,Bharatiya Janata Party,https://en.wikipedia.org/wiki/Bharatiya_Janata_Party,Suvendu Adhikari,https://en.wikipedia.org/wiki/Suvendu_Adhikari,True,,,
WB-211-N/A,West Bengal,Purba Medinipur,211,Chandipur,https://en.wikipedia.org/wiki/Chandipur_Assembly_constituency,N/A,Trinamool Congress,https://en.wikipedia.org/wiki/Trinamool_Congress,Soham Chakraborty,https://en.wikipedia.org/wiki/Soham_Chakraborty,True,,,
WB-212-N/A,West Bengal,Purba Medinipur,212,Patashpur,https://en.wikipedia.org/wiki/Patashpur_Assembly_constituency,N/A,,,Uttam Barik,https://en.wikipedia.org/wiki/Uttam_Barik,True,,,
WB-213-N/A,West Bengal,Purba Medinipur,213,Kanthi Uttar,https://en.wikipedia.org/wiki/Kanthi_Uttar_Assembly_constituency,N/A,Bharatiya Janata Party,https://en.wikipedia.org/wiki/Bharatiya_Janata_Party,Sumita Sinha,https://en.wikipedia.org/wiki/Sumita_Sinha,True,,,
WB-214-N/A,West Bengal,Purba Medinipur,214,Bhagabanpur,https://en.wikipedia.org/wiki/Bhagabanpur_Assembly_constituency,N/A,,,Rabindranath Maity,https://en.wikipedia.org/wiki/Rabindranath_Maity,True,,,
WB-215-N/A,West Bengal,Purba Medinipur,215,Khejuri,https://en.wikipedia.org/wiki/Khejuri_Assembly_constituency,N/A,,,Santanu Pramanik,https://en.wikipedia.org/wiki/Santanu_Pramanik,True,,,
WB-216-N/A,West Bengal,Purba Medinipur,216,Kanthi Dakshin,https://en.wikipedia.org/wiki/Kanthi_Dakshin_Assembly_constituency,N/A,,,Arup Kumar Das,https://en.wikipedia.org/wiki/Arup_Kumar_Das,True,,,
WB-217-N/A,West Bengal,Purba Medinipur,217,Ramnagar,"https://en.wikipedia.org/wiki/Ramnagar,_Purba_Medinipur_Assembly_constituency",N/A,Trinamool Congress,https://en.wikipedia.org/wiki/Trinamool_Congress,Akhil Giri,https://en.wikipedia.org/wiki/Akhil_Giri,True,,,
WB-218-N/A,West Bengal,Purba Medinipur,218,Egra,https://en.wikipedia.org/wiki/Egra_Assembly_constituency,N/A,,,Tarun Kumar Maity,https://en.wikipedia.org/wiki/Tarun_Kumar_Maity,True,,,
WB-219-N/A,West Bengal,Paschim Medinipur,219,Dantan,https://en.wikipedia.org/wiki/Dantan_Assembly_constituency,N/A,,,Bikram Chandra Pradhan,https://en.wikipedia.org/wiki/Bikram_Chandra_Pradhan,True,,,
WB-220-N/A,West Bengal,Jhargram,220,Nayagram,https://en.wikipedia.org/wiki/Nayagram_Assembly_constituency,N/A,,,Dulal Murmu,https://en.wikipedia.org/wiki/Dulal_Murmu,True,,,
WB-221-N/A,West Bengal,Jhargram,221,Gopiballavpur,https://en.wikipedia.org/wiki/Gopiballavpur_Assembly_constituency,N/A,,,Khagendra Nath Mahata,https://en.wikipedia.org/wiki/Khagendra_Nath_Mahata,True,,,
WB-222-N/A,West Bengal,Jhargram,222,Jhargram,https://en.wikipedia.org/wiki/Jhargram_Assembly_constituency,N/A,,,Birbaha Hansda,https://en.wikipedia.org/wiki/Birbaha_Hansda,True,,,
WB-223-N/A,West Bengal,Paschim Medinipur,223,Keshiary,https://en.wikipedia.org/wiki/Keshiary_Assembly_constituency,N/A,,,Paresh Murmu,https://en.wikipedia.org/wiki/Paresh_Murmu,True,,,
WB-224-N/A,West Bengal,Paschim Medinipur,224,Kharagpur Sadar,https://en.wikipedia.org/wiki/Kharagpur_Sadar_Assembly_constituency,N/A,Bharatiya Janata Party,https://en.wikipedia.org/wiki/Bharatiya_Janata_Party,Hiran Chatterjee,https://en.wikipedia.org/wiki/Hiran_Chatterjee,True,,,
WB-225-N/A,West Bengal,Paschim Medinipur,225,Narayangarh,https://en.wikipedia.org/wiki/Narayangarh_Assembly_constituency,N/A,Trinamool Congress,https://en.wikipedia.org/wiki/Trinamool_Congress,Surja Kanta Atta,https://en.wikipedia.org/wiki/Surja_Kanta_Atta,True,,,
WB-226-N/A,West Bengal,Paschim Medinipur,226,Sabang,https://en.wikipedia.org/wiki/Sabang_Assembly_constituency,N/A,,,Manas Bhunia,https://en.wikipedia.org/wiki/Manas_Bhunia,True,,,
WB-227-N/A,West Bengal,Paschim Medinipur,227,Pingla,https://en.wikipedia.org/wiki/Pingla_Assembly_constituency,N/A,,,Ajit Maity,https://en.wikipedia.org/wiki/Ajit_Maity,True,,,
WB-228-N/A,West Bengal,Paschim Medinipur,228,Kharagpur,https://en.wikipedia.org/wiki/Kharagpur_Assembly_constituency,N/A,,,Dinen Roy,https://en.wikipedia.org/wiki/Dinen_Roy,True,,,
WB-229-N/A,West Bengal,Paschim Medinipur,229,Debra,https://en.wikipedia.org/wiki/Debra_Assembly_constituency,N/A,,,Humayun Kabir,https://en.wikipedia.org/wiki/Humayun_Kabir_(Debra_politician),True,,,
WB-230-N/A,West Bengal,Paschim Medinipur,230,Daspur,https://en.wikipedia.org/wiki/Daspur_Assembly_constituency,N/A,,,Mamata Bhunia,https://en.wikipedia.org/wiki/Mamata_Bhunia,True,,,
WB-231-N/A,West Bengal,Paschim Medinipur,231,Ghatal,https://en.wikipedia.org/wiki/Ghatal_Assembly_constituency,N/A,Bharatiya Janata Party,https://en.wikipedia.org/wiki/Bharatiya_Janata_Party,Sital Kapat,https://en.wikipedia.org/wiki/Sital_Kapat,True,,,
WB-232-N/A,West Bengal,Paschim Medinipur,232,Chandrakona,https://en.wikipedia.org/wiki/Chandrakona_Assembly_constituency,N/A,Trinamool Congress,https://en.wikipedia.org/wiki/Trinamool_Congress,Arup Dhara,https://en.wikipedia.org/wiki/Arup_Dhara,True,,,
WB-233-N/A,West Bengal,Paschim Medinipur,233,Garbeta,https://en.wikipedia.org/wiki/Garbeta_Assembly_constituency,N/A,,,Uttara Singha,https://en.wikipedia.org/wiki/Uttara_Singha,True,,,
WB-234-N/A,West Bengal,Paschim Medinipur,234,Salboni,https://en.wikipedia.org/wiki/Salboni_Assembly_constituency,N/A,,,Srikanta Mahata,https://en.wikipedia.org/wiki/Srikanta_Mahata,True,,,
WB-235-N/A,West Bengal,Paschim Medinipur,235,Keshpur,https://en.wikipedia.org/wiki/Keshpur_Assembly_constituency,N/A,,,Seuli Saha,https://en.wikipedia.org/wiki/Seuli_Saha,True,,,
WB-236-N/A,West Bengal,Paschim Medinipur,236,Medinipur,https://en.wikipedia.org/wiki/Medinipur_Assembly_constituency,N/A,,,June Malia,https://en.wikipedia.org/wiki/June_Malia,True,,,
WB-237-N/A,West Bengal,Jhargram,237,Binpur,https://en.wikipedia.org/wiki/Binpur_Assembly_constituency,N/A,,,Debnath Hansda,https://en.wikipedia.org/wiki/Debnath_Hansda,True,,,
WB-238-N/A,West Bengal,Purulia,238,Bandwan,https://en.wikipedia.org/wiki/Bandwan_Assembly_constituency,N/A,,,Rajib Lochan Saren,https://en.wikipedia.org/wiki/Rajib_Lochan_Saren,True,,,
WB-239-N/A,West Bengal,Purulia,239,Balarampur,"https://en.wikipedia.org/wiki/Balarampur,_Purulia_Assembly_constituency",N/A,Bharatiya Janata Party,https://en.wikipedia.org/wiki/Bharatiya_Janata_Party,Baneswar Mahato,https://en.wikipedia.org/wiki/Baneswar_Mahato,True,,,
WB-240-N/A,West Bengal,Purulia,240,Baghmundi,https://en.wikipedia.org/wiki/Baghmundi_Assembly_constituency,N/A,Trinamool Congress,https://en.wikipedia.org/wiki/Trinamool_Congress,Sushanta Mahato,https://en.wikipedia.org/wiki/Sushanta_Mahato,True,,,
WB-241-N/A,West Bengal,Purulia,241,Joypur,"https://en.wikipedia.org/wiki/Joypur,_Purulia_Assembly_constituency",N/A,Bharatiya Janata Party,https://en.wikipedia.org/wiki/Bharatiya_Janata_Party,Narahari Mahato,https://en.wikipedia.org/wiki/Narahari_Mahato,True,,,
WB-242-N/A,West Bengal,Purulia,242,Purulia,https://en.wikipedia.org/wiki/Purulia_Assembly_constituency,N/A,,,Sudip Kumar Mukherjee,https://en.wikipedia.org/wiki/Sudip_Kumar_Mukherjee,True,,,
WB-243-N/A,West Bengal,Purulia,243,Manbazar,https://en.wikipedia.org/wiki/Manbazar_Assembly_constituency,N/A,Trinamool Congress,https://en.wikipedia.org/wiki/Trinamool_Congress,Sandhya Rani Tudu,https://en.wikipedia.org/wiki/Sandhya_Rani_Tudu,True,,,
WB-244-N/A,West Bengal,Purulia,244,Kashipur,"https://en.wikipedia.org/wiki/Kashipur,_West_Bengal_Assembly_constituency",N/A,Bharatiya Janata Party,https://en.wikipedia.org/wiki/Bharatiya_Janata_Party,Kamalakanta Hansda,https://en.wikipedia.org/wiki/Kamalakanta_Hansda,True,,,
WB-245-N/A,West Bengal,Purulia,245,Para,https://en.wikipedia.org/wiki/Para_Assembly_constituency,N/A,,,Nadiar Chand Bouri,https://en.wikipedia.org/wiki/Nadiar_Chand_Bouri,True,,,
WB-246-N/A,West Bengal,Purulia,246,Raghunathpur,"https://en.wikipedia.org/wiki/Raghunathpur,_West_Bengal_Assembly_constituency",N/A,,,Vivekananda Bauri,https://en.wikipedia.org/wiki/Vivekananda_Bauri,True,,,
WB-247-N/A,West Bengal,Bankura,247,Saltora,https://en.wikipedia.org/wiki/Saltora_Assembly_constituency,N/A,,,Chandana Bauri,https://en.wikipedia.org/wiki/Chandana_Bauri,True,,,
WB-248-N/A,West Bengal,Bankura,248,Chhatna,https://en.wikipedia.org/wiki/Chhatna_Assembly_constituency,N/A,,,Satyanarayan Mukhopadhyay,https://en.wikipedia.org/wiki/Satyanarayan_Mukhopadhyay,True,,,
WB-249-N/A,West Bengal,Bankura,249,Ranibandh,https://en.wikipedia.org/wiki/Ranibandh_Assembly_constituency,N/A,Trinamool Congress,https://en.wikipedia.org/wiki/Trinamool_Congress,Jyotsna Mandi,https://en.wikipedia.org/wiki/Jyotsna_Mandi,True,,,
WB-250-N/A,West Bengal,Bankura,250,Raipur,"https://en.wikipedia.org/wiki/Raipur,_Bankura_Assembly_constituency",N/A,,,Mrityunjoy Murmu,https://en.wikipedia.org/wiki/Mrityunjoy_Murmu,True,,,
WB-251-N/A,West Bengal,Bankura,251,Taldangra,https://en.wikipedia.org/wiki/Taldangra_Assembly_constituency,N/A,,,Arup Chakraborty,https://en.wikipedia.org/wiki/Arup_Chakraborty_(politician),True,,,
WB-252-N/A,West Bengal,Falguni Singhababu,252,Bankura,https://en.wikipedia.org/wiki/Bankura_Assembly_constituency,N/A,Bharatiya Janata Party,https://en.wikipedia.org/wiki/Bharatiya_Janata_Party,Niladri Sekhar Dana,https://en.wikipedia.org/wiki/Niladri_Sekhar_Dana,True,,,
WB-253-N/A,West Bengal,Falguni Singhababu,253,Barjora,https://en.wikipedia.org/wiki/Barjora_Assembly_constituency,N/A,Trinamool Congress,https://en.wikipedia.org/wiki/Trinamool_Congress,Alok Mukherjee,https://en.wikipedia.org/wiki/Alok_Mukherjee_(politician),True,,,
WB-254-N/A,West Bengal,Falguni Singhababu,254,Onda,https://en.wikipedia.org/wiki/Onda_Assembly_constituency,N/A,Bharatiya Janata Party,https://en.wikipedia.org/wiki/Bharatiya_Janata_Party,Amarnath Shakha,https://en.wikipedia.org/wiki/Amarnath_Shakha,True,,,
WB-255-N/A,West Bengal,Falguni Singhababu,255,Bishnupur,"https://en.wikipedia.org/wiki/Bishnupur,_Bankura_Assembly_constituency",N/A,Trinamool Congress,https://en.wikipedia.org/wiki/Trinamool_Congress,Tanmay Ghosh,https://en.wikipedia.org/wiki/Tanmay_Ghosh,True,,,
WB-256-N/A,West Bengal,Falguni Singhababu,256,Katulpur,https://en.wikipedia.org/wiki/Katulpur,N/A,,,Harakali Protiher,https://en.wikipedia.org/wiki/Harakali_Protiher,True,,,
WB-257-N/A,West Bengal,Falguni Singhababu,257,Indas,https://en.wikipedia.org/wiki/Indas_Assembly_constituency,N/A,Bharatiya Janata Party,https://en.wikipedia.org/wiki/Bharatiya_Janata_Party,Nirmal Kumar Dhara,https://en.wikipedia.org/wiki/Nirmal_Kumar_Dhara,True,,,
WB-258-N/A,West Bengal,Falguni Singhababu,258,Sonamukhi,https://en.wikipedia.org/wiki/Sonamukhi_Assembly_constituency,N/A,,,Dibakar Gharami,https://en.wikipedia.org/wiki/Dibakar_Gharami,True,,,
WB-259-N/A,West Bengal,Purba Bardhaman,259,Khandaghosh,https://en.wikipedia.org/wiki/Khandaghosh_Assembly_constituency,N/A,Trinamool Congress,https://en.wikipedia.org/wiki/Trinamool_Congress,Nabin Chandra Bag,https://en.wikipedia.org/wiki/Nabin_Chandra_Bag,True,,,
WB-260-N/A,West Bengal,Purba Bardhaman,260,Bardhaman Dakshin,https://en.wikipedia.org/wiki/Bardhaman_Dakshin,N/A,,,Khokan Das,https://en.wikipedia.org/wiki/Khokan_Das,True,,,
WB-261-N/A,West Bengal,Purba Bardhaman,261,Raina,https://en.wikipedia.org/wiki/Raina_Assembly_constituency,N/A,,,Shampa Dhara,https://en.wikipedia.org/wiki/Shampa_Dhara,True,,,
WB-262-N/A,West Bengal,Purba Bardhaman,262,Jamalpur,"https://en.wikipedia.org/wiki/Jamalpur,_West_Bengal_Assembly_constituency",N/A,,,Alok Kumar Majhi,https://en.wikipedia.org/wiki/Alok_Kumar_Majhi,True,,,
WB-263-N/A,West Bengal,Purba Bardhaman,263,Monteswar,https://en.wikipedia.org/wiki/Monteswar_Assembly_constituency,N/A,,,Siddiqullah Chowdhury,https://en.wikipedia.org/wiki/Siddiqullah_Chowdhury,True,,,
WB-264-N/A,West Bengal,Purba Bardhaman,264,Kalna,https://en.wikipedia.org/wiki/Kalna_Assembly_constituency,N/A,,,Deboprasad Bag,https://en.wikipedia.org/wiki/Deboprasad_Bag,True,,,
WB-265-N/A,West Bengal,Purba Bardhaman,265,Memari,https://en.wikipedia.org/wiki/Memari_Assembly_constituency,N/A,,,Madhusudan Bhattacharya,https://en.wikipedia.org/wiki/Madhusudan_Bhattacharya,True,,,
WB-266-N/A,West Bengal,Purba Bardhaman,266,Bardhaman Uttar,https://en.wikipedia.org/wiki/Bardhaman_Uttar,N/A,,,Nisith Kumar Malik,https://en.wikipedia.org/wiki/Nisith_Kumar_Malik,True,,,
WB-267-N/A,West Bengal,Purba Bardhaman,267,Bhatar,https://en.wikipedia.org/wiki/Bhatar_Assembly_constituency,N/A,,,Mangobinda Adhikari,https://en.wikipedia.org/wiki/Mangobinda_Adhikari,True,,,
WB-268-N/A,West Bengal,Purba Bardhaman,268,Purbasthali Dakshin,https://en.wikipedia.org/wiki/Purbasthali_Dakshin,N/A,,,Swapan Debnath,https://en.wikipedia.org/wiki/Swapan_Debnath,True,,,
WB-269-N/A,West Bengal,Purba Bardhaman,269,Purbasthali Uttar,https://en.wikipedia.org/wiki/Purbasthali_Uttar,N/A,,,Tapan Chatterjee,https://en.wikipedia.org/wiki/Tapan_Chatterjee_(politician),True,,,
WB-270-N/A,West Bengal,Purba Bardhaman,270,Katwa,https://en.wikipedia.org/wiki/Katwa_Assembly_constituency,N/A,,,Rabindranath Chatterjee,https://en.wikipedia.org/wiki/Rabindranath_Chatterjee,True,,,
WB-271-N/A,West Bengal,Purba Bardhaman,271,Ketugram,https://en.wikipedia.org/wiki/Ketugram_Assembly_constituency,N/A,,,Sekh Sahonawez,https://en.wikipedia.org/wiki/Sekh_Sahonawez,True,,,
WB-272-N/A,West Bengal,Purba Bardhaman,272,Mangalkot,https://en.wikipedia.org/wiki/Mangalkot_Assembly_constituency,N/A,,,Apurba Chowdhury,https://en.wikipedia.org/wiki/Apurba_Chowdhury,True,,,
WB-273-N/A,West Bengal,Purba Bardhaman,273,Ausgram,https://en.wikipedia.org/wiki/Ausgram_Assembly_constituency,N/A,,,Abhedananda Thander,https://en.wikipedia.org/wiki/Abhedananda_Thander,True,,,
WB-274-N/A,West Bengal,Purba Bardhaman,274,Galsi,https://en.wikipedia.org/wiki/Galsi_Assembly_constituency,N/A,,,Nepal Ghorui,https://en.wikipedia.org/wiki/Nepal_Ghorui,True,,,
WB-275-N/A,West Bengal,Paschim Bardhaman,275,Pandabeswar,https://en.wikipedia.org/wiki/Pandabeswar_Assembly_constituency,N/A,,,Narendranath Chakraborty,https://en.wikipedia.org/wiki/Narendranath_Chakraborty,True,,,
WB-276-N/A,West Bengal,Paschim Bardhaman,276,Durgapur Purba,https://en.wikipedia.org/wiki/Durgapur_Purba,N/A,,,Pradip Mazumdar,https://en.wikipedia.org/wiki/Pradip_Mazumdar,True,,,
WB-277-N/A,West Bengal,Paschim Bardhaman,277,Durgapur Paschim,https://en.wikipedia.org/wiki/Durgapur_Paschim,N/A,Bharatiya Janata Party,https://en.wikipedia.org/wiki/Bharatiya_Janata_Party,Lakshman Chandra Ghorui,https://en.wikipedia.org/wiki/Lakshman_Chandra_Ghorui,True,,,
WB-278-N/A,West Bengal,Paschim Bardhaman,278,Raniganj,"https://en.wikipedia.org/wiki/Raniganj,_West_Bengal_Assembly_constituency",N/A,Trinamool Congress,https://en.wikipedia.org/wiki/Trinamool_Congress,Tapas Banerjee,https://en.wikipedia.org/wiki/Tapas_Banerjee,True,,,
WB-279-N/A,West Bengal,Paschim Bardhaman,279,Jamuria,https://en.wikipedia.org/wiki/Jamuria_Assembly_constituency,N/A,,,Hareram Singh,https://en.wikipedia.org/wiki/Hareram_Singh,True,,,
WB-280-N/A,West Bengal,Paschim Bardhaman,280,Asansol Dakshin,https://en.wikipedia.org/wiki/Asansol_Dakshin_Assembly_constituency,N/A,Bharatiya Janata Party,https://en.wikipedia.org/wiki/Bharatiya_Janata_Party,Agnimitra Paul,https://en.wikipedia.org/wiki/Agnimitra_Paul,True,,,
WB-281-N/A,West Bengal,Paschim Bardhaman,281,Asansol Uttar,https://en.wikipedia.org/wiki/Asansol_Uttar_Assembly_constituency,N/A,Trinamool Congress,https://en.wikipedia.org/wiki/Trinamool_Congress,Moloy Ghatak,https://en.wikipedia.org/wiki/Moloy_Ghatak,True,,,
WB-282-N/A,West Bengal,Paschim Bardhaman,282,Kulti,https://en.wikipedia.org/wiki/Kulti_Assembly_constituency,N/A,Bharatiya Janata Party,https://en.wikipedia.org/wiki/Bharatiya_Janata_Party,Ajay Kumar Poddar,https://en.wikipedia.org/wiki/Ajay_Kumar_Poddar,True,,,
WB-283-N/A,West Bengal,Paschim Bardhaman,283,Barabani,https://en.wikipedia.org/wiki/Barabani_Assembly_constituency,N/A,Trinamool Congress,https://en.wikipedia.org/wiki/Trinamool_Congress,Bidhan Upadhyay,https://en.wikipedia.org/wiki/Bidhan_Upadhyay,True,,,
WB-284-N/A,West Bengal,Birbhum,284,Dubrajpur,https://en.wikipedia.org/wiki/Dubrajpur_Assembly_constituency,N/A,Bharatiya Janata Party,https://en.wikipedia.org/wiki/Bharatiya_Janata_Party,Anup Kumar Saha,https://en.wikipedia.org/wiki/Anup_Kumar_Saha,True,,,
WB-285-N/A,West Bengal,Birbhum,285,Suri,https://en.wikipedia.org/wiki/Suri_Assembly_constituency,N/A,Trinamool Congress,https://en.wikipedia.org/wiki/Trinamool_Congress,Bikash Roychoudhury,https://en.wikipedia.org/wiki/Bikash_Roychoudhury,True,,,
WB-286-N/A,West Bengal,Birbhum,286,Bolpur,https://en.wikipedia.org/wiki/Bolpur_Assembly_constituency,N/A,,,Chandranath Singha,https://en.wikipedia.org/wiki/Chandranath_Singha,True,,,
WB-287-N/A,West Bengal,Birbhum,287,Nanoor,https://en.wikipedia.org/wiki/Nanoor_Assembly_constituency,N/A,,,Bidhan Chandra Majhi,https://en.wikipedia.org/wiki/Bidhan_Chandra_Majhi,True,,,
WB-288-N/A,West Bengal,Birbhum,288,Labpur,https://en.wikipedia.org/wiki/Labpur_Assembly_constituency,N/A,,,Abhijit Sinha,https://en.wikipedia.org/wiki/Abhijit_Sinha,True,,,
WB-289-N/A,West Bengal,Birbhum,289,Sainthia,https://en.wikipedia.org/wiki/Sainthia_Assembly_constituency,N/A,,,Nilabati Saha,https://en.wikipedia.org/wiki/Nilabati_Saha,True,,,
WB-290-N/A,West Bengal,Birbhum,290,Mayureswar,https://en.wikipedia.org/wiki/Mayureswar_Assembly_constituency,N/A,,,Abhijit Roy,https://en.wikipedia.org/wiki/Abhijit_Roy_(politician),True,,,
WB-291-N/A,West Bengal,Birbhum,291,Rampurhat,https://en.wikipedia.org/wiki/Rampurhat_Assembly_constituency,N/A,,,Asish Banerjee,https://en.wikipedia.org/wiki/Asish_Banerjee,True,,,
WB-292-N/A,West Bengal,Birbhum,292,Hansan,https://en.wikipedia.org/wiki/Hansan_Assembly_constituency,N/A,,,Asok Kumar Chattopadhyay,https://en.wikipedia.org/wiki/Asok_Kumar_Chattopadhyay,True,,,
WB-293-N/A,West Bengal,Birbhum,293,Nalhati,https://en.wikipedia.org/wiki/Nalhati_Assembly_constituency,N/A,,,Rajendra Prasad Singh,https://en.wikipedia.org/wiki/Rajendra_Prasad_Singh_(Birbhum_politician),True,,,
WB-294-N/A,West Bengal,Birbhum,294,Murarai,https://en.wikipedia.org/wiki/Murarai_Assembly_constituency,N/A,,,Mosarraf Hossain,https://en.wikipedia.org/wiki/Mosarraf_Hossain,True,,,
TN-001-SPA,Tamil Nadu,Tiruvallur,1,Gummidipoondi,https://en.wikipedia.org/wiki/Gummidipoondi_Assembly_constituency,SPA,DMK,https://en.wikipedia.org/wiki/Dravida_Munnetra_Kazhagam,T. J. Govindrajan,https://en.wikipedia.org/wiki/T._J._Govindrajan,True,,,
TN-001-AIADMK+,Tamil Nadu,Tiruvallur,1,Gummidipoondi,https://en.wikipedia.org/wiki/Gummidipoondi_Assembly_constituency,AIADMK+,AIADMK,https://en.wikipedia.org/wiki/All_India_Anna_Dravida_Munnetra_Kazhagam,V. Sudhakar,,False,,,
TN-002-SPA,Tamil Nadu,Tiruvallur,2,Ponneri(SC),https://en.wikipedia.org/wiki/Ponneri_Assembly_constituency,SPA,INC,https://en.wikipedia.org/wiki/Indian_National_Congress,Durai Chandrasekar,https://en.wikipedia.org/wiki/Durai_Chandrasekar,True,,,
TN-002-AIADMK+,Tamil Nadu,Tiruvallur,2,Ponneri(SC),https://en.wikipedia.org/wiki/Ponneri_Assembly_constituency,AIADMK+,AIADMK,https://en.wikipedia.org/wiki/All_India_Anna_Dravida_Munnetra_Kazhagam,P. Balaraman,https://en.wikipedia.org/wiki/P._Balaraman,True,,,
TN-003-SPA,Tamil Nadu,Tiruvallur,3,Tiruttani,https://en.wikipedia.org/wiki/Tiruttani_Assembly_constituency,SPA,DMDK,https://en.wikipedia.org/wiki/Desiya_Murpokku_Dravida_Kazhagam,D. Krishnamoorthy,,False,,,
TN-003-AIADMK+,Tamil Nadu,Tiruvallur,3,Tiruttani,https://en.wikipedia.org/wiki/Tiruttani_Assembly_constituency,AIADMK+,AIADMK,https://en.wikipedia.org/wiki/All_India_Anna_Dravida_Munnetra_Kazhagam,G. Hari,https://en.wikipedia.org/wiki/G._Hari,True,,,
TN-004-SPA,Tamil Nadu,Tiruvallur,4,Thiruvallur,https://en.wikipedia.org/wiki/Thiruvallur_Assembly_constituency,SPA,DMK,https://en.wikipedia.org/wiki/Dravida_Munnetra_Kazhagam,V. G. Raajendran,https://en.wikipedia.org/wiki/V._G._Raajendran,True,,,
TN-004-AIADMK+,Tamil Nadu,Tiruvallur,4,Thiruvallur,https://en.wikipedia.org/wiki/Thiruvallur_Assembly_constituency,AIADMK+,AIADMK,https://en.wikipedia.org/wiki/All_India_Anna_Dravida_Munnetra_Kazhagam,B. V. Ramana,https://en.wikipedia.org/wiki/B._V._Ramana,True,,,
TN-005-SPA,Tamil Nadu,Tiruvallur,5,Poonamallee(SC),https://en.wikipedia.org/wiki/Poonamallee_Assembly_constituency,SPA,DMK,https://en.wikipedia.org/wiki/Dravida_Munnetra_Kazhagam,A. Krishnaswamy,https://en.wikipedia.org/wiki/A._Krishnaswamy,True,,,
TN-005-AIADMK+,Tamil Nadu,Tiruvallur,5,Poonamallee(SC),https://en.wikipedia.org/wiki/Poonamallee_Assembly_constituency,AIADMK+,AMMK,https://en.wikipedia.org/wiki/Amma_Makkal_Munnetra_Kazhagam,T. A. Elumalai,https://en.wikipedia.org/wiki/T._A._Elumalai,True,,,
TN-006-SPA,Tamil Nadu,Tiruvallur,6,Avadi,https://en.wikipedia.org/wiki/Avadi_Assembly_constituency,SPA,DMK,https://en.wikipedia.org/wiki/Dravida_Munnetra_Kazhagam,S. M. Nasar,https://en.wikipedia.org/wiki/S._M._Nasar,True,,,
TN-006-AIADMK+,Tamil Nadu,Tiruvallur,6,Avadi,https://en.wikipedia.org/wiki/Avadi_Assembly_constituency,AIADMK+,BJP,https://en.wikipedia.org/wiki/Bharatiya_Janata_Party,M. Rajasimha Mahendra,,False,,,
TN-007-SPA,Tamil Nadu,Chennai,7,Maduravoyal,https://en.wikipedia.org/wiki/Maduravoyal_Assembly_constituency,SPA,DMK,https://en.wikipedia.org/wiki/Dravida_Munnetra_Kazhagam,K. Ganapathy,https://en.wikipedia.org/wiki/K._Ganapathy,True,,,
TN-007-AIADMK+,Tamil Nadu,Chennai,7,Maduravoyal,https://en.wikipedia.org/wiki/Maduravoyal_Assembly_constituency,AIADMK+,AIADMK,https://en.wikipedia.org/wiki/All_India_Anna_Dravida_Munnetra_Kazhagam,P. Benjamin,https://en.wikipedia.org/wiki/P._Benjamin,True,,,
TN-008-SPA,Tamil Nadu,Chennai,8,Ambattur,https://en.wikipedia.org/wiki/Ambattur_Assembly_constituency,SPA,DMK,https://en.wikipedia.org/wiki/Dravida_Munnetra_Kazhagam,A. P. Poornima,,False,,,
TN-008-AIADMK+,Tamil Nadu,Chennai,8,Ambattur,https://en.wikipedia.org/wiki/Ambattur_Assembly_constituency,AIADMK+,PMK,https://en.wikipedia.org/wiki/Pattali_Makkal_Katchi,K. N. Sekar,,False,,,
TN-009-SPA,Tamil Nadu,Chennai,9,Madhavaram,https://en.wikipedia.org/wiki/Madavaram_Assembly_constituency,SPA,DMK,https://en.wikipedia.org/wiki/Dravida_Munnetra_Kazhagam,S. Sudharsanam,https://en.wikipedia.org/wiki/S._Sudharsanam,True,,,
TN-009-AIADMK+,Tamil Nadu,Chennai,9,Madhavaram,https://en.wikipedia.org/wiki/Madavaram_Assembly_constituency,AIADMK+,AIADMK,https://en.wikipedia.org/wiki/All_India_Anna_Dravida_Munnetra_Kazhagam,V. Moorthy,https://en.wikipedia.org/wiki/V._Moorthy,True,,,
TN-010-SPA,Tamil Nadu,Chennai,10,Thiruvottiyur,https://en.wikipedia.org/wiki/Thiruvottiyur_Assembly_constituency,SPA,CPI(M),https://en.wikipedia.org/wiki/Communist_Party_of_India_(Marxist),L. Sundararajan,,False,,,
TN-010-AIADMK+,Tamil Nadu,Chennai,10,Thiruvottiyur,https://en.wikipedia.org/wiki/Thiruvottiyur_Assembly_constituency,AIADMK+,AIADMK,https://en.wikipedia.org/wiki/All_India_Anna_Dravida_Munnetra_Kazhagam,K. Kuppan,https://en.wikipedia.org/wiki/K._Kuppan,True,,,
TN-011-SPA,Tamil Nadu,Chennai,11,Dr. Radhakrishnan Nagar,https://en.wikipedia.org/wiki/Radhakrishnan_Nagar_Assembly_constituency,SPA,DMK,https://en.wikipedia.org/wiki/Dravida_Munnetra_Kazhagam,J. John Ebenezer,https://en.wikipedia.org/wiki/J._John_Ebenezer,True,,,
TN-011-AIADMK+,Tamil Nadu,Chennai,11,Dr. Radhakrishnan Nagar,https://en.wikipedia.org/wiki/Radhakrishnan_Nagar_Assembly_constituency,AIADMK+,AIADMK,https://en.wikipedia.org/wiki/All_India_Anna_Dravida_Munnetra_Kazhagam,R. S. Rajesh,,False,,,
TN-012-SPA,Tamil Nadu,Chennai,12,Perambur,https://en.wikipedia.org/wiki/Perambur_Assembly_constituency,SPA,DMK,https://en.wikipedia.org/wiki/Dravida_Munnetra_Kazhagam,R. D. Shekar,https://en.wikipedia.org/wiki/R._D._Shekar,True,,,
TN-012-AIADMK+,Tamil Nadu,Chennai,12,Perambur,https://en.wikipedia.org/wiki/Perambur_Assembly_constituency,AIADMK+,PMK,https://en.wikipedia.org/wiki/Pattali_Makkal_Katchi,M. Thilagabama,,False,,,
TN-013-SPA,Tamil Nadu,Chennai,13,Kolathur,https://en.wikipedia.org/wiki/Kolathur_Assembly_constituency,SPA,DMK,https://en.wikipedia.org/wiki/Dravida_Munnetra_Kazhagam,M. K. Stalin,https://en.wikipedia.org/wiki/M._K._Stalin,True,,,
TN-013-AIADMK+,Tamil Nadu,Chennai,13,Kolathur,https://en.wikipedia.org/wiki/Kolathur_Assembly_constituency,AIADMK+,AIADMK,https://en.wikipedia.org/wiki/All_India_Anna_Dravida_Munnetra_Kazhagam,P. Santhana Krishnan,,False,,,
TN-014-SPA,Tamil Nadu,Chennai,14,Villivakkam,https://en.wikipedia.org/wiki/Villivakkam_Assembly_constituency,SPA,DMK,https://en.wikipedia.org/wiki/Dravida_Munnetra_Kazhagam,Karthik Mohan,,False,,,
TN-014-AIADMK+,Tamil Nadu,Chennai,14,Villivakkam,https://en.wikipedia.org/wiki/Villivakkam_Assembly_constituency,AIADMK+,AIADMK,https://en.wikipedia.org/wiki/All_India_Anna_Dravida_Munnetra_Kazhagam,S. R. Vijayakumar,https://en.wikipedia.org/wiki/S._R._Vijayakumar,True,,,
TN-015-SPA,Tamil Nadu,Chennai,15,Thiru-Vi-Ka-Nagar(SC),https://en.wikipedia.org/wiki/Thiru._Vi._Ka._Nagar_Assembly_constituency,SPA,DMK,https://en.wikipedia.org/wiki/Dravida_Munnetra_Kazhagam,K. S. Ravichandran,https://en.wikipedia.org/wiki/K._S._Ravichandran,True,,,
TN-015-AIADMK+,Tamil Nadu,Chennai,15,Thiru-Vi-Ka-Nagar(SC),https://en.wikipedia.org/wiki/Thiru._Vi._Ka._Nagar_Assembly_constituency,AIADMK+,AIADMK,https://en.wikipedia.org/wiki/All_India_Anna_Dravida_Munnetra_Kazhagam,Porkodi Armstrong[c],https://en.wikipedia.org/wiki/2026_Tamil_Nadu_Legislative_Assembly_election#cite_note-TMBSP-124,True,,,
TN-016-SPA,Tamil Nadu,Chennai,16,Egmore(SC),https://en.wikipedia.org/wiki/Egmore_Assembly_constituency,SPA,DMK,https://en.wikipedia.org/wiki/Dravida_Munnetra_Kazhagam,Tamilan Prasanna,,False,,,
TN-016-AIADMK+,Tamil Nadu,Chennai,16,Egmore(SC),https://en.wikipedia.org/wiki/Egmore_Assembly_constituency,AIADMK+,AIADMK,https://en.wikipedia.org/wiki/All_India_Anna_Dravida_Munnetra_Kazhagam,Abishek Rengasamy,,False,,,
TN-017-SPA,Tamil Nadu,Chennai,17,Royapuram,https://en.wikipedia.org/wiki/Royapuram_Assembly_constituency,SPA,DMK,https://en.wikipedia.org/wiki/Dravida_Munnetra_Kazhagam,Subair Khan,,False,,,
TN-017-AIADMK+,Tamil Nadu,Chennai,17,Royapuram,https://en.wikipedia.org/wiki/Royapuram_Assembly_constituency,AIADMK+,AIADMK,https://en.wikipedia.org/wiki/All_India_Anna_Dravida_Munnetra_Kazhagam,D. Jayakumar,https://en.wikipedia.org/wiki/D._Jayakumar,True,,,
TN-018-SPA,Tamil Nadu,Chennai,18,Harbour,https://en.wikipedia.org/wiki/Harbour_Assembly_constituency,SPA,DMK,https://en.wikipedia.org/wiki/Dravida_Munnetra_Kazhagam,P. K. Sekar Babu,https://en.wikipedia.org/wiki/P._K._Sekar_Babu,True,,,
TN-018-AIADMK+,Tamil Nadu,Chennai,18,Harbour,https://en.wikipedia.org/wiki/Harbour_Assembly_constituency,AIADMK+,AIADMK,https://en.wikipedia.org/wiki/All_India_Anna_Dravida_Munnetra_Kazhagam,R. Manohar,,False,,,
TN-019-SPA,Tamil Nadu,Chennai,19,Chepauk-Thiruvallikeni,https://en.wikipedia.org/wiki/Chepauk-Thiruvallikeni_Assembly_constituency,SPA,DMK,https://en.wikipedia.org/wiki/Dravida_Munnetra_Kazhagam,Udhayanidhi Stalin,https://en.wikipedia.org/wiki/Udhayanidhi_Stalin,True,,,
TN-019-AIADMK+,Tamil Nadu,Chennai,19,Chepauk-Thiruvallikeni,https://en.wikipedia.org/wiki/Chepauk-Thiruvallikeni_Assembly_constituency,AIADMK+,AIADMK,https://en.wikipedia.org/wiki/All_India_Anna_Dravida_Munnetra_Kazhagam,Adhi Rajaram,,False,,,
TN-020-SPA,Tamil Nadu,Chennai,20,Thousand Lights,https://en.wikipedia.org/wiki/Thousand_Lights_Assembly_constituency,SPA,DMK,https://en.wikipedia.org/wiki/Dravida_Munnetra_Kazhagam,Ezhilan Naganathan,https://en.wikipedia.org/wiki/Ezhilan_Naganathan,True,,,
TN-020-AIADMK+,Tamil Nadu,Chennai,20,Thousand Lights,https://en.wikipedia.org/wiki/Thousand_Lights_Assembly_constituency,AIADMK+,AIADMK,https://en.wikipedia.org/wiki/All_India_Anna_Dravida_Munnetra_Kazhagam,B. Valarmathi,https://en.wikipedia.org/wiki/B._Valarmathi,True,,,
TN-021-SPA,Tamil Nadu,Chennai,21,Anna Nagar,https://en.wikipedia.org/wiki/Anna_Nagar_Assembly_constituency,SPA,DMK,https://en.wikipedia.org/wiki/Dravida_Munnetra_Kazhagam,N. Chitrarasu,,False,,,
TN-021-AIADMK+,Tamil Nadu,Chennai,21,Anna Nagar,https://en.wikipedia.org/wiki/Anna_Nagar_Assembly_constituency,AIADMK+,AIADMK,https://en.wikipedia.org/wiki/All_India_Anna_Dravida_Munnetra_Kazhagam,Gokula Indira,https://en.wikipedia.org/wiki/Gokula_Indira,True,,,
TN-022-SPA,Tamil Nadu,Chennai,22,Virugambakkam,https://en.wikipedia.org/wiki/Virugampakkam_Assembly_constituency,SPA,DMK,https://en.wikipedia.org/wiki/Dravida_Munnetra_Kazhagam,A. M. V. Prabhakara Raja,https://en.wikipedia.org/wiki/A._M._V._Prabhakara_Raja,True,,,
TN-022-AIADMK+,Tamil Nadu,Chennai,22,Virugambakkam,https://en.wikipedia.org/wiki/Virugampakkam_Assembly_constituency,AIADMK+,AIADMK,https://en.wikipedia.org/wiki/All_India_Anna_Dravida_Munnetra_Kazhagam,V. N. Ravi,,False,,,
TN-023-SPA,Tamil Nadu,Chennai,23,Saidapet,https://en.wikipedia.org/wiki/Saidapet_Assembly_constituency,SPA,DMK,https://en.wikipedia.org/wiki/Dravida_Munnetra_Kazhagam,Ma. Subramanian,https://en.wikipedia.org/wiki/Ma._Subramanian,True,,,
TN-023-AIADMK+,Tamil Nadu,Chennai,23,Saidapet,https://en.wikipedia.org/wiki/Saidapet_Assembly_constituency,AIADMK+,AMMK,https://en.wikipedia.org/wiki/Amma_Makkal_Munnetra_Kazhagam,G. Senthamizhan,https://en.wikipedia.org/wiki/G._Senthamizhan,True,,,
TN-024-SPA,Tamil Nadu,Chennai,24,Thiyagarayanagar,https://en.wikipedia.org/wiki/Thiyagarayanagar_Assembly_constituency,SPA,DMK,https://en.wikipedia.org/wiki/Dravida_Munnetra_Kazhagam,Raja Anbalagan,,False,,,
TN-024-AIADMK+,Tamil Nadu,Chennai,24,Thiyagarayanagar,https://en.wikipedia.org/wiki/Thiyagarayanagar_Assembly_constituency,AIADMK+,AIADMK,https://en.wikipedia.org/wiki/All_India_Anna_Dravida_Munnetra_Kazhagam,B. Sathyanarayanan,,False,,,
TN-025-SPA,Tamil Nadu,Chennai,25,Mylapore,https://en.wikipedia.org/wiki/Mylapore_Assembly_constituency,SPA,DMK,https://en.wikipedia.org/wiki/Dravida_Munnetra_Kazhagam,Dha. Velu,https://en.wikipedia.org/wiki/Dha._Velu,True,,,
TN-025-AIADMK+,Tamil Nadu,Chennai,25,Mylapore,https://en.wikipedia.org/wiki/Mylapore_Assembly_constituency,AIADMK+,BJP,https://en.wikipedia.org/wiki/Bharatiya_Janata_Party,Tamilisai Soundararajan,https://en.wikipedia.org/wiki/Tamilisai_Soundararajan,True,,,
TN-026-SPA,Tamil Nadu,Chennai,26,Velachery,https://en.wikipedia.org/wiki/Velachery_Assembly_constituency,SPA,INC,https://en.wikipedia.org/wiki/Indian_National_Congress,J. M. H. Aassan Maulaana,https://en.wikipedia.org/wiki/J._M._H._Aassan_Maulaana,True,,,
TN-026-AIADMK+,Tamil Nadu,Chennai,26,Velachery,https://en.wikipedia.org/wiki/Velachery_Assembly_constituency,AIADMK+,AIADMK,https://en.wikipedia.org/wiki/All_India_Anna_Dravida_Munnetra_Kazhagam,M. K. Ashok,https://en.wikipedia.org/wiki/M._K._Ashok,True,,,
TN-027-SPA,Tamil Nadu,Chennai,27,Sholinganallur,https://en.wikipedia.org/wiki/Sholinganallur_Assembly_constituency,SPA,DMK,https://en.wikipedia.org/wiki/Dravida_Munnetra_Kazhagam,S. Aravind Ramesh,https://en.wikipedia.org/wiki/S._Aravind_Ramesh,True,,,
TN-027-AIADMK+,Tamil Nadu,Chennai,27,Sholinganallur,https://en.wikipedia.org/wiki/Sholinganallur_Assembly_constituency,AIADMK+,AIADMK,https://en.wikipedia.org/wiki/All_India_Anna_Dravida_Munnetra_Kazhagam,K. P. Kandan,https://en.wikipedia.org/wiki/K._P._Kandan,True,,,
TN-028-SPA,Tamil Nadu,Chennai,28,Alandur,https://en.wikipedia.org/wiki/Alandur_Assembly_constituency,SPA,DMK,https://en.wikipedia.org/wiki/Dravida_Munnetra_Kazhagam,T. M. Anbarasan,https://en.wikipedia.org/wiki/T._M._Anbarasan,True,,,
TN-028-AIADMK+,Tamil Nadu,Chennai,28,Alandur,https://en.wikipedia.org/wiki/Alandur_Assembly_constituency,AIADMK+,AIADMK,https://en.wikipedia.org/wiki/All_India_Anna_Dravida_Munnetra_Kazhagam,S. Saravanan,,False,,,
TN-029-SPA,Tamil Nadu,Kanchipuram,29,Sriperumbudur(SC),https://en.wikipedia.org/wiki/Sriperumbudur_Assembly_constituency,SPA,INC,https://en.wikipedia.org/wiki/Indian_National_Congress,K. Selvaperunthagai,https://en.wikipedia.org/wiki/K._Selvaperunthagai,True,,,
TN-029-AIADMK+,Tamil Nadu,Kanchipuram,29,Sriperumbudur(SC),https://en.wikipedia.org/wiki/Sriperumbudur_Assembly_constituency,AIADMK+,AIADMK,https://en.wikipedia.org/wiki/All_India_Anna_Dravida_Munnetra_Kazhagam,K. Palani,,False,,,
TN-030-SPA,Tamil Nadu,Chengalpattu,30,Pallavaram,https://en.wikipedia.org/wiki/Pallavaram_Assembly_constituency,SPA,DMDK,https://en.wikipedia.org/wiki/Desiya_Murpokku_Dravida_Kazhagam,D. Murugesan,https://en.wikipedia.org/wiki/D._Murugesan_(politician),True,,,
TN-030-AIADMK+,Tamil Nadu,Chengalpattu,30,Pallavaram,https://en.wikipedia.org/wiki/Pallavaram_Assembly_constituency,AIADMK+,AIADMK,https://en.wikipedia.org/wiki/All_India_Anna_Dravida_Munnetra_Kazhagam,Venkatesan[d],https://en.wikipedia.org/wiki/2026_Tamil_Nadu_Legislative_Assembly_election#cite_note-IJK-125,True,,,
TN-031-SPA,Tamil Nadu,Chengalpattu,31,Tambaram,https://en.wikipedia.org/wiki/Tambaram_Assembly_constituency,SPA,DMK,https://en.wikipedia.org/wiki/Dravida_Munnetra_Kazhagam,R.S. Krithika Devi,,False,,,
TN-031-AIADMK+,Tamil Nadu,Chengalpattu,31,Tambaram,https://en.wikipedia.org/wiki/Tambaram_Assembly_constituency,AIADMK+,AIADMK,https://en.wikipedia.org/wiki/All_India_Anna_Dravida_Munnetra_Kazhagam,Chitlapakkam C. Rajendran,https://en.wikipedia.org/wiki/C._Rajendran,True,,,
TN-032-SPA,Tamil Nadu,Chengalpattu,32,Chengalpattu,https://en.wikipedia.org/wiki/Chengalpattu_Assembly_constituency,SPA,DMK,https://en.wikipedia.org/wiki/Dravida_Munnetra_Kazhagam,M. K. T. Karthik Dhandapani,,False,,,
TN-032-AIADMK+,Tamil Nadu,Chengalpattu,32,Chengalpattu,https://en.wikipedia.org/wiki/Chengalpattu_Assembly_constituency,AIADMK+,AIADMK,https://en.wikipedia.org/wiki/All_India_Anna_Dravida_Munnetra_Kazhagam,M. Gajendran,,False,,,
TN-033-SPA,Tamil Nadu,Chengalpattu,33,Thiruporur,https://en.wikipedia.org/wiki/Thiruporur_Assembly_constituency,SPA,VCK,https://en.wikipedia.org/wiki/Viduthalai_Chiruthaigal_Katchi,Panneer Doss,,False,,,
TN-033-AIADMK+,Tamil Nadu,Chengalpattu,33,Thiruporur,https://en.wikipedia.org/wiki/Thiruporur_Assembly_constituency,AIADMK+,PMK,https://en.wikipedia.org/wiki/Pattali_Makkal_Katchi,K. Balu,,False,,,
TN-034-SPA,Tamil Nadu,Chengalpattu,34,Cheyyur(SC),https://en.wikipedia.org/wiki/Cheyyur_Assembly_constituency,SPA,VCK,https://en.wikipedia.org/wiki/Viduthalai_Chiruthaigal_Katchi,Sinthanai Selvan,https://en.wikipedia.org/wiki/Sinthanai_Selvan,True,,,
TN-034-AIADMK+,Tamil Nadu,Chengalpattu,34,Cheyyur(SC),https://en.wikipedia.org/wiki/Cheyyur_Assembly_constituency,AIADMK+,AIADMK,https://en.wikipedia.org/wiki/All_India_Anna_Dravida_Munnetra_Kazhagam,E. Rajashekar,,False,,,
TN-035-SPA,Tamil Nadu,Chengalpattu,35,Madurantakam(SC),https://en.wikipedia.org/wiki/Maduranthakam_Assembly_constituency,SPA,DMK,https://en.wikipedia.org/wiki/Dravida_Munnetra_Kazhagam,S. Amulu Ponmalar,,False,,,
TN-035-AIADMK+,Tamil Nadu,Chengalpattu,35,Madurantakam(SC),https://en.wikipedia.org/wiki/Maduranthakam_Assembly_constituency,AIADMK+,AIADMK,https://en.wikipedia.org/wiki/All_India_Anna_Dravida_Munnetra_Kazhagam,Maragatham Kumaravel,https://en.wikipedia.org/wiki/Maragatham_Kumaravel,True,,,
TN-036-SPA,Tamil Nadu,Kanchipuram,36,Uthiramerur,https://en.wikipedia.org/wiki/Uthiramerur_Assembly_constituency,SPA,DMK,https://en.wikipedia.org/wiki/Dravida_Munnetra_Kazhagam,K. Sundar,https://en.wikipedia.org/wiki/K._Sundar,True,,,
TN-036-AIADMK+,Tamil Nadu,Kanchipuram,36,Uthiramerur,https://en.wikipedia.org/wiki/Uthiramerur_Assembly_constituency,AIADMK+,PMK,https://en.wikipedia.org/wiki/Pattali_Makkal_Katchi,P. Maheshkumar,,False,,,
TN-037-SPA,Tamil Nadu,Kanchipuram,37,Kancheepuram,https://en.wikipedia.org/wiki/Kancheepuram_Assembly_constituency,SPA,DMK,https://en.wikipedia.org/wiki/Dravida_Munnetra_Kazhagam,Nithya Sugumar,,False,,,
TN-037-AIADMK+,Tamil Nadu,Kanchipuram,37,Kancheepuram,https://en.wikipedia.org/wiki/Kancheepuram_Assembly_constituency,AIADMK+,AIADMK,https://en.wikipedia.org/wiki/All_India_Anna_Dravida_Munnetra_Kazhagam,V. Somasundaram,https://en.wikipedia.org/wiki/V._Somasundaram,True,,,
TN-038-SPA,Tamil Nadu,Ranipet,38,Arakkonam(SC),https://en.wikipedia.org/wiki/Arakkonam_Assembly_constituency,SPA,VCK,https://en.wikipedia.org/wiki/Viduthalai_Chiruthaigal_Katchi,Ezhil Caroline,,False,,,
TN-038-AIADMK+,Tamil Nadu,Ranipet,38,Arakkonam(SC),https://en.wikipedia.org/wiki/Arakkonam_Assembly_constituency,AIADMK+,AIADMK,https://en.wikipedia.org/wiki/All_India_Anna_Dravida_Munnetra_Kazhagam,S. Ravi,https://en.wikipedia.org/wiki/S._Ravi_(politician),True,,,
TN-039-SPA,Tamil Nadu,Ranipet,39,Sholinghur,https://en.wikipedia.org/wiki/Sholingur_Assembly_constituency,SPA,INC,https://en.wikipedia.org/wiki/Indian_National_Congress,A. M. Munirathinam,https://en.wikipedia.org/wiki/A._M._Munirathinam,True,,,
TN-039-AIADMK+,Tamil Nadu,Ranipet,39,Sholinghur,https://en.wikipedia.org/wiki/Sholingur_Assembly_constituency,AIADMK+,PMK,https://en.wikipedia.org/wiki/Pattali_Makkal_Katchi,K. Saravanan,,False,,,
TN-040-SPA,Tamil Nadu,Vellore,40,Katpadi,https://en.wikipedia.org/wiki/Katpadi_Assembly_constituency,SPA,DMK,https://en.wikipedia.org/wiki/Dravida_Munnetra_Kazhagam,Durai Murugan,https://en.wikipedia.org/wiki/Durai_Murugan,True,,,
TN-040-AIADMK+,Tamil Nadu,Vellore,40,Katpadi,https://en.wikipedia.org/wiki/Katpadi_Assembly_constituency,AIADMK+,AIADMK,https://en.wikipedia.org/wiki/All_India_Anna_Dravida_Munnetra_Kazhagam,V. Ramu,,False,,,
TN-041-SPA,Tamil Nadu,Ranipet,41,Ranipet,https://en.wikipedia.org/wiki/Ranipet_Assembly_constituency,SPA,DMK,https://en.wikipedia.org/wiki/Dravida_Munnetra_Kazhagam,R. Gandhi,https://en.wikipedia.org/wiki/R._Gandhi,True,,,
TN-041-AIADMK+,Tamil Nadu,Ranipet,41,Ranipet,https://en.wikipedia.org/wiki/Ranipet_Assembly_constituency,AIADMK+,BJP,https://en.wikipedia.org/wiki/Bharatiya_Janata_Party,V. M. Karthikeyan[e],https://en.wikipedia.org/wiki/2026_Tamil_Nadu_Legislative_Assembly_election#cite_note-TMC(M)-126,True,,,
TN-042-SPA,Tamil Nadu,Ranipet,42,Arcot,https://en.wikipedia.org/wiki/Arcot_Assembly_constituency,SPA,DMK,https://en.wikipedia.org/wiki/Dravida_Munnetra_Kazhagam,J. L. Eswarappan,https://en.wikipedia.org/wiki/J._L._Eswarappan,True,,,
TN-042-AIADMK+,Tamil Nadu,Ranipet,42,Arcot,https://en.wikipedia.org/wiki/Arcot_Assembly_constituency,AIADMK+,AIADMK,https://en.wikipedia.org/wiki/All_India_Anna_Dravida_Munnetra_Kazhagam,S. M. Sukumar,,False,,,
TN-043-SPA,Tamil Nadu,Vellore,43,Vellore,https://en.wikipedia.org/wiki/Vellore_Assembly_constituency,SPA,DMK,https://en.wikipedia.org/wiki/Dravida_Munnetra_Kazhagam,P. Karthikeyan,https://en.wikipedia.org/wiki/P._Karthikeyan,True,,,
TN-043-AIADMK+,Tamil Nadu,Vellore,43,Vellore,https://en.wikipedia.org/wiki/Vellore_Assembly_constituency,AIADMK+,AIADMK,https://en.wikipedia.org/wiki/All_India_Anna_Dravida_Munnetra_Kazhagam,S. R. K. Appu,,False,,,
TN-044-SPA,Tamil Nadu,Vellore,44,Anaikattu,https://en.wikipedia.org/wiki/Anaicut_Assembly_constituency,SPA,DMK,https://en.wikipedia.org/wiki/Dravida_Munnetra_Kazhagam,A. P. Nandakumar,https://en.wikipedia.org/wiki/A._P._Nandakumar,True,,,
TN-044-AIADMK+,Tamil Nadu,Vellore,44,Anaikattu,https://en.wikipedia.org/wiki/Anaicut_Assembly_constituency,AIADMK+,AIADMK,https://en.wikipedia.org/wiki/All_India_Anna_Dravida_Munnetra_Kazhagam,T. Velazhagan,,False,,,
TN-045-SPA,Tamil Nadu,Vellore,45,Kilvaithinankuppam(SC),https://en.wikipedia.org/wiki/Kilvaithinankuppam_Assembly_constituency,SPA,DMK,https://en.wikipedia.org/wiki/Dravida_Munnetra_Kazhagam,Rajeswari Mohankandhi,,False,,,
TN-045-AIADMK+,Tamil Nadu,Vellore,45,Kilvaithinankuppam(SC),https://en.wikipedia.org/wiki/Kilvaithinankuppam_Assembly_constituency,AIADMK+,AIADMK,https://en.wikipedia.org/wiki/All_India_Anna_Dravida_Munnetra_Kazhagam,M. Jagan Moorthy[f],https://en.wikipedia.org/wiki/M._Jagan_Moorthy,True,,,
TN-046-SPA,Tamil Nadu,Vellore,46,Gudiyattam(SC),https://en.wikipedia.org/wiki/Gudiyatham_Assembly_constituency,SPA,DMDK,https://en.wikipedia.org/wiki/Desiya_Murpokku_Dravida_Kazhagam,K. B. Pratap,,False,,,
TN-046-AIADMK+,Tamil Nadu,Vellore,46,Gudiyattam(SC),https://en.wikipedia.org/wiki/Gudiyatham_Assembly_constituency,AIADMK+,AIADMK,https://en.wikipedia.org/wiki/All_India_Anna_Dravida_Munnetra_Kazhagam,G. Faridha Purushothaman,,False,,,
TN-047-SPA,Tamil Nadu,Tirupathur,47,Vaniyambadi,https://en.wikipedia.org/wiki/Vaniyambadi_Assembly_constituency,SPA,IUML,https://en.wikipedia.org/wiki/Indian_Union_Muslim_League,Sayyed Farooq,,False,,,
TN-047-AIADMK+,Tamil Nadu,Tirupathur,47,Vaniyambadi,https://en.wikipedia.org/wiki/Vaniyambadi_Assembly_constituency,AIADMK+,AIADMK,https://en.wikipedia.org/wiki/All_India_Anna_Dravida_Munnetra_Kazhagam,G. Senthilkumar,https://en.wikipedia.org/wiki/G._Senthilkumar,True,,,
TN-048-SPA,Tamil Nadu,Tirupathur,48,Ambur,https://en.wikipedia.org/wiki/Ambur_Assembly_constituency,SPA,DMK,https://en.wikipedia.org/wiki/Dravida_Munnetra_Kazhagam,A. C. Vilvanathan,,False,,,
TN-048-AIADMK+,Tamil Nadu,Tirupathur,48,Ambur,https://en.wikipedia.org/wiki/Ambur_Assembly_constituency,AIADMK+,AIADMK,https://en.wikipedia.org/wiki/All_India_Anna_Dravida_Munnetra_Kazhagam,R. Venkatesan,,False,,,
TN-049-SPA,Tamil Nadu,Tirupathur,49,Jolarpet,https://en.wikipedia.org/wiki/Jolarpet_Assembly_constituency,SPA,DMK,https://en.wikipedia.org/wiki/Dravida_Munnetra_Kazhagam,Kavitha Dhandapani,,False,,,
TN-049-AIADMK+,Tamil Nadu,Tirupathur,49,Jolarpet,https://en.wikipedia.org/wiki/Jolarpet_Assembly_constituency,AIADMK+,AIADMK,https://en.wikipedia.org/wiki/All_India_Anna_Dravida_Munnetra_Kazhagam,K. C. Veeramani,https://en.wikipedia.org/wiki/K._C._Veeramani,True,,,
TN-050-SPA,Tamil Nadu,Tirupathur,50,Tirupattur,"https://en.wikipedia.org/wiki/Tiruppattur,_Vellore_Assembly_constituency",SPA,DMK,https://en.wikipedia.org/wiki/Dravida_Munnetra_Kazhagam,A. Nallathambi,https://en.wikipedia.org/wiki/A._Nallathambi_(DMK_politician),True,,,
TN-050-AIADMK+,Tamil Nadu,Tirupathur,50,Tirupattur,"https://en.wikipedia.org/wiki/Tiruppattur,_Vellore_Assembly_constituency",AIADMK+,AMMK,https://en.wikipedia.org/wiki/Amma_Makkal_Munnetra_Kazhagam,A. Gnanasekar,,False,,,
TN-051-SPA,Tamil Nadu,Krishnagiri,51,Uthangarai(SC),https://en.wikipedia.org/wiki/Uthangarai_Assembly_constituency,SPA,INC,https://en.wikipedia.org/wiki/Indian_National_Congress,R. Kuppusamy,,False,,,
TN-051-AIADMK+,Tamil Nadu,Krishnagiri,51,Uthangarai(SC),https://en.wikipedia.org/wiki/Uthangarai_Assembly_constituency,AIADMK+,AIADMK,https://en.wikipedia.org/wiki/All_India_Anna_Dravida_Munnetra_Kazhagam,T. M. Tamilselvam,https://en.wikipedia.org/wiki/T._M._Tamilselvam,True,,,
TN-052-SPA,Tamil Nadu,Krishnagiri,52,Bargur,https://en.wikipedia.org/wiki/Bargur_Assembly_constituency,SPA,DMK,https://en.wikipedia.org/wiki/Dravida_Munnetra_Kazhagam,D. Mathiazhagan,https://en.wikipedia.org/wiki/D._Mathiazhagan,True,,,
TN-052-AIADMK+,Tamil Nadu,Krishnagiri,52,Bargur,https://en.wikipedia.org/wiki/Bargur_Assembly_constituency,AIADMK+,AIADMK,https://en.wikipedia.org/wiki/All_India_Anna_Dravida_Munnetra_Kazhagam,E. C. Govindarajan,,False,,,
TN-053-SPA,Tamil Nadu,Krishnagiri,53,Krishnagiri,https://en.wikipedia.org/wiki/Krishnagiri_Assembly_constituency,SPA,INC,https://en.wikipedia.org/wiki/Indian_National_Congress,A. Chellakumar,https://en.wikipedia.org/wiki/A._Chellakumar,True,,,
TN-053-AIADMK+,Tamil Nadu,Krishnagiri,53,Krishnagiri,https://en.wikipedia.org/wiki/Krishnagiri_Assembly_constituency,AIADMK+,AIADMK,https://en.wikipedia.org/wiki/All_India_Anna_Dravida_Munnetra_Kazhagam,K. Ashok Kumar,https://en.wikipedia.org/wiki/K._Ashok_Kumar,True,,,
TN-054-SPA,Tamil Nadu,Krishnagiri,54,Veppanahalli,https://en.wikipedia.org/wiki/Veppanahalli_Assembly_constituency,SPA,DMK,https://en.wikipedia.org/wiki/Dravida_Munnetra_Kazhagam,P. S. Sreenivasan,,False,,,
TN-054-AIADMK+,Tamil Nadu,Krishnagiri,54,Veppanahalli,https://en.wikipedia.org/wiki/Veppanahalli_Assembly_constituency,AIADMK+,AIADMK,https://en.wikipedia.org/wiki/All_India_Anna_Dravida_Munnetra_Kazhagam,K. P. Munusamy,https://en.wikipedia.org/wiki/K._P._Munusamy,True,,,
TN-055-SPA,Tamil Nadu,Krishnagiri,55,Hosur,https://en.wikipedia.org/wiki/Hosur_Assembly_constituency,SPA,DMK,https://en.wikipedia.org/wiki/Dravida_Munnetra_Kazhagam,S. A. Sathya,https://en.wikipedia.org/wiki/S._A._Sathya,True,,,
TN-055-AIADMK+,Tamil Nadu,Krishnagiri,55,Hosur,https://en.wikipedia.org/wiki/Hosur_Assembly_constituency,AIADMK+,AIADMK,https://en.wikipedia.org/wiki/All_India_Anna_Dravida_Munnetra_Kazhagam,P. Balakrishna Reddy,https://en.wikipedia.org/wiki/P._Balakrishna_Reddy,True,,,
TN-056-SPA,Tamil Nadu,Krishnagiri,56,Thalli,https://en.wikipedia.org/wiki/Thalli_Assembly_constituency,SPA,CPI,https://en.wikipedia.org/wiki/Communist_Party_of_India,T. Ramachandran,https://en.wikipedia.org/wiki/T._Ramachandran,True,,,
TN-056-AIADMK+,Tamil Nadu,Krishnagiri,56,Thalli,https://en.wikipedia.org/wiki/Thalli_Assembly_constituency,AIADMK+,BJP,https://en.wikipedia.org/wiki/Bharatiya_Janata_Party,Nagesh Kumar,,False,,,
TN-057-SPA,Tamil Nadu,Dharmapuri,57,Palacode,https://en.wikipedia.org/wiki/Palacode_Assembly_constituency,SPA,DMK,https://en.wikipedia.org/wiki/Dravida_Munnetra_Kazhagam,S. Senthilkumar,https://en.wikipedia.org/wiki/S._Senthilkumar_(Dharmapuri_politician),True,,,
TN-057-AIADMK+,Tamil Nadu,Dharmapuri,57,Palacode,https://en.wikipedia.org/wiki/Palacode_Assembly_constituency,AIADMK+,AIADMK,https://en.wikipedia.org/wiki/All_India_Anna_Dravida_Munnetra_Kazhagam,K. P. Anbalagan,https://en.wikipedia.org/wiki/K._P._Anbalagan,True,,,
TN-058-SPA,Tamil Nadu,Dharmapuri,58,Pennagaram,https://en.wikipedia.org/wiki/Pennagaram_Assembly_constituency,SPA,INC,https://en.wikipedia.org/wiki/Indian_National_Congress,G. K. M. Tamilkumaran,,False,,,
TN-058-AIADMK+,Tamil Nadu,Dharmapuri,58,Pennagaram,https://en.wikipedia.org/wiki/Pennagaram_Assembly_constituency,AIADMK+,PMK,https://en.wikipedia.org/wiki/Pattali_Makkal_Katchi,V. Selvam,,False,,,
TN-059-SPA,Tamil Nadu,Dharmapuri,59,Dharmapuri,"https://en.wikipedia.org/wiki/Dharmapuri,_Tamil_Nadu_Assembly_constituency",SPA,DMDK,https://en.wikipedia.org/wiki/Desiya_Murpokku_Dravida_Kazhagam,V. Elangovan,,False,,,
TN-059-AIADMK+,Tamil Nadu,Dharmapuri,59,Dharmapuri,"https://en.wikipedia.org/wiki/Dharmapuri,_Tamil_Nadu_Assembly_constituency",AIADMK+,PMK,https://en.wikipedia.org/wiki/Pattali_Makkal_Katchi,Sowmiya Anbumani,,False,,,
TN-060-SPA,Tamil Nadu,Dharmapuri,60,Pappireddippatti,https://en.wikipedia.org/wiki/Pappireddipatti_Assembly_constituency,SPA,DMK,https://en.wikipedia.org/wiki/Dravida_Munnetra_Kazhagam,P. Palaniappan,https://en.wikipedia.org/wiki/P._Palaniappan,True,,,
TN-060-AIADMK+,Tamil Nadu,Dharmapuri,60,Pappireddippatti,https://en.wikipedia.org/wiki/Pappireddipatti_Assembly_constituency,AIADMK+,AIADMK,https://en.wikipedia.org/wiki/All_India_Anna_Dravida_Munnetra_Kazhagam,Maragatham Vetrivel,,False,,,
TN-061-SPA,Tamil Nadu,Dharmapuri,61,Harur(SC),https://en.wikipedia.org/wiki/Harur_Assembly_constituency,SPA,DMK,https://en.wikipedia.org/wiki/Dravida_Munnetra_Kazhagam,A. Shanmugam,,False,,,
TN-061-AIADMK+,Tamil Nadu,Dharmapuri,61,Harur(SC),https://en.wikipedia.org/wiki/Harur_Assembly_constituency,AIADMK+,AIADMK,https://en.wikipedia.org/wiki/All_India_Anna_Dravida_Munnetra_Kazhagam,V. Sampathkumar,https://en.wikipedia.org/wiki/V._Sampathkumar,True,,,
TN-062-SPA,Tamil Nadu,Tiruvannamalai,62,Chengam(SC),https://en.wikipedia.org/wiki/Chengam_Assembly_constituency,SPA,DMK,https://en.wikipedia.org/wiki/Dravida_Munnetra_Kazhagam,M. P. Giri,https://en.wikipedia.org/wiki/M._P._Giri,True,,,
TN-062-AIADMK+,Tamil Nadu,Tiruvannamalai,62,Chengam(SC),https://en.wikipedia.org/wiki/Chengam_Assembly_constituency,AIADMK+,AIADMK,https://en.wikipedia.org/wiki/All_India_Anna_Dravida_Munnetra_Kazhagam,T. S. Velu,,False,,,
TN-063-SPA,Tamil Nadu,Tiruvannamalai,63,Tiruvannamalai,https://en.wikipedia.org/wiki/Tiruvannamalai_Assembly_constituency,SPA,DMK,https://en.wikipedia.org/wiki/Dravida_Munnetra_Kazhagam,E. V. Velu,https://en.wikipedia.org/wiki/E._V._Velu,True,,,
TN-063-AIADMK+,Tamil Nadu,Tiruvannamalai,63,Tiruvannamalai,https://en.wikipedia.org/wiki/Tiruvannamalai_Assembly_constituency,AIADMK+,BJP,https://en.wikipedia.org/wiki/Bharatiya_Janata_Party,C. Ezhumalai,,False,,,
TN-064-SPA,Tamil Nadu,Tiruvannamalai,64,Kilpennathur,https://en.wikipedia.org/wiki/Kilpennathur_Assembly_constituency,SPA,DMK,https://en.wikipedia.org/wiki/Dravida_Munnetra_Kazhagam,K. Pitchandi,https://en.wikipedia.org/wiki/K._Pitchandi,True,,,
TN-064-AIADMK+,Tamil Nadu,Tiruvannamalai,64,Kilpennathur,https://en.wikipedia.org/wiki/Kilpennathur_Assembly_constituency,AIADMK+,AIADMK,https://en.wikipedia.org/wiki/All_India_Anna_Dravida_Munnetra_Kazhagam,S. Ramachandran,,False,,,
TN-065-SPA,Tamil Nadu,Tiruvannamalai,65,Kalasapakkam,https://en.wikipedia.org/wiki/Kalasapakkam_Assembly_constituency,SPA,DMK,https://en.wikipedia.org/wiki/Dravida_Munnetra_Kazhagam,P. S. T. Saravanan,https://en.wikipedia.org/wiki/P._S._T._Saravanan,True,,,
TN-065-AIADMK+,Tamil Nadu,Tiruvannamalai,65,Kalasapakkam,https://en.wikipedia.org/wiki/Kalasapakkam_Assembly_constituency,AIADMK+,AIADMK,https://en.wikipedia.org/wiki/All_India_Anna_Dravida_Munnetra_Kazhagam,Agri S. S. Krishnamurthy,https://en.wikipedia.org/wiki/Agri_S._S._Krishnamurthy,True,,,
TN-066-SPA,Tamil Nadu,Tiruvannamalai,66,Polur,https://en.wikipedia.org/wiki/Polur_Assembly_constituency,SPA,DMDK,https://en.wikipedia.org/wiki/Desiya_Murpokku_Dravida_Kazhagam,T. P. Saravanan,,False,,,
TN-066-AIADMK+,Tamil Nadu,Tiruvannamalai,66,Polur,https://en.wikipedia.org/wiki/Polur_Assembly_constituency,AIADMK+,PMK,https://en.wikipedia.org/wiki/Pattali_Makkal_Katchi,C. R. Bhaskaran,,False,,,
TN-067-SPA,Tamil Nadu,Tiruvannamalai,67,Arani,https://en.wikipedia.org/wiki/Arani_Assembly_constituency,SPA,DMK,https://en.wikipedia.org/wiki/Dravida_Munnetra_Kazhagam,Mahalakshmi Govarthanan,,False,,,
TN-067-AIADMK+,Tamil Nadu,Tiruvannamalai,67,Arani,https://en.wikipedia.org/wiki/Arani_Assembly_constituency,AIADMK+,AIADMK,https://en.wikipedia.org/wiki/All_India_Anna_Dravida_Munnetra_Kazhagam,L. Jaya Sudha,https://en.wikipedia.org/wiki/L._Jaya_Sudha,True,,,
TN-068-SPA,Tamil Nadu,Tiruvannamalai,68,Cheyyar,https://en.wikipedia.org/wiki/Cheyyar_Assembly_constituency,SPA,DMK,https://en.wikipedia.org/wiki/Dravida_Munnetra_Kazhagam,O. Jothi,https://en.wikipedia.org/wiki/O._Jothi,True,,,
TN-068-AIADMK+,Tamil Nadu,Tiruvannamalai,68,Cheyyar,https://en.wikipedia.org/wiki/Cheyyar_Assembly_constituency,AIADMK+,AIADMK,https://en.wikipedia.org/wiki/All_India_Anna_Dravida_Munnetra_Kazhagam,Mukkur N. Subramanian,https://en.wikipedia.org/wiki/Mukkur_N._Subramanian,True,,,
TN-069-SPA,Tamil Nadu,Tiruvannamalai,69,Vandavasi(SC),https://en.wikipedia.org/wiki/Vandavasi_Assembly_constituency,SPA,DMK,https://en.wikipedia.org/wiki/Dravida_Munnetra_Kazhagam,Ambethkumar,https://en.wikipedia.org/wiki/Ambethkumar,True,,,
TN-069-AIADMK+,Tamil Nadu,Tiruvannamalai,69,Vandavasi(SC),https://en.wikipedia.org/wiki/Vandavasi_Assembly_constituency,AIADMK+,AIADMK,https://en.wikipedia.org/wiki/All_India_Anna_Dravida_Munnetra_Kazhagam,P. Rani,,False,,,
TN-070-SPA,Tamil Nadu,Viluppuram,70,Gingee,https://en.wikipedia.org/wiki/Gingee_Assembly_constituency,SPA,DMK,https://en.wikipedia.org/wiki/Dravida_Munnetra_Kazhagam,K. S. Masthan,https://en.wikipedia.org/wiki/K._S._Masthan,True,,,
TN-070-AIADMK+,Tamil Nadu,Viluppuram,70,Gingee,https://en.wikipedia.org/wiki/Gingee_Assembly_constituency,AIADMK+,PMK,https://en.wikipedia.org/wiki/Pattali_Makkal_Katchi,A. Ganeshkumar,https://en.wikipedia.org/wiki/A._Ganeshkumar,True,,,
TN-071-SPA,Tamil Nadu,Viluppuram,71,Mailam,https://en.wikipedia.org/wiki/Mailam_Assembly_constituency,SPA,DMDK,https://en.wikipedia.org/wiki/Desiya_Murpokku_Dravida_Kazhagam,L. Venkatesan,https://en.wikipedia.org/wiki/L._Venkatesan,True,,,
TN-071-AIADMK+,Tamil Nadu,Viluppuram,71,Mailam,https://en.wikipedia.org/wiki/Mailam_Assembly_constituency,AIADMK+,AIADMK,https://en.wikipedia.org/wiki/All_India_Anna_Dravida_Munnetra_Kazhagam,C. Ve. Shanmugam,https://en.wikipedia.org/wiki/C._Ve._Shanmugam,True,,,
TN-072-SPA,Tamil Nadu,Viluppuram,72,Tindivanam,https://en.wikipedia.org/wiki/Tindivanam_Assembly_constituency,SPA,VCK,https://en.wikipedia.org/wiki/Viduthalai_Chiruthaigal_Katchi,Vanniyarasu,,False,,,
TN-072-AIADMK+,Tamil Nadu,Viluppuram,72,Tindivanam,https://en.wikipedia.org/wiki/Tindivanam_Assembly_constituency,AIADMK+,AIADMK,https://en.wikipedia.org/wiki/All_India_Anna_Dravida_Munnetra_Kazhagam,P. Arjunan,https://en.wikipedia.org/wiki/P._Arjunan,True,,,
TN-073-SPA,Tamil Nadu,Viluppuram,73,Vanur(SC),https://en.wikipedia.org/wiki/Vanur_Assembly_constituency,SPA,DMK,https://en.wikipedia.org/wiki/Dravida_Munnetra_Kazhagam,Gautham Dravidamani,,False,,,
TN-073-AIADMK+,Tamil Nadu,Viluppuram,73,Vanur(SC),https://en.wikipedia.org/wiki/Vanur_Assembly_constituency,AIADMK+,AIADMK,https://en.wikipedia.org/wiki/All_India_Anna_Dravida_Munnetra_Kazhagam,P. Murugan,,False,,,
TN-074-SPA,Tamil Nadu,Viluppuram,74,Villupuram,https://en.wikipedia.org/wiki/Villupuram_Assembly_constituency,SPA,DMK,https://en.wikipedia.org/wiki/Dravida_Munnetra_Kazhagam,R. Lakshmanan,https://en.wikipedia.org/wiki/R._Lakshmanan,True,,,
TN-074-AIADMK+,Tamil Nadu,Viluppuram,74,Villupuram,https://en.wikipedia.org/wiki/Villupuram_Assembly_constituency,AIADMK+,AIADMK,https://en.wikipedia.org/wiki/All_India_Anna_Dravida_Munnetra_Kazhagam,K. Vijaya,,False,,,
TN-075-SPA,Tamil Nadu,Viluppuram,75,Vikravandi,https://en.wikipedia.org/wiki/Vikravandi_Assembly_constituency,SPA,DMK,https://en.wikipedia.org/wiki/Dravida_Munnetra_Kazhagam,Anniyur Siva,https://en.wikipedia.org/wiki/Anniyur_Siva,True,,,
TN-075-AIADMK+,Tamil Nadu,Viluppuram,75,Vikravandi,https://en.wikipedia.org/wiki/Vikravandi_Assembly_constituency,AIADMK+,PMK,https://en.wikipedia.org/wiki/Pattali_Makkal_Katchi,C. Sivakumar,https://en.wikipedia.org/wiki/C._Sivakumar,True,,,
TN-076-SPA,Tamil Nadu,Viluppuram,76,Tirukkoyilur,https://en.wikipedia.org/wiki/Tirukkoyilur_Assembly_constituency,SPA,DMK,https://en.wikipedia.org/wiki/Dravida_Munnetra_Kazhagam,Gautham Sigamani,https://en.wikipedia.org/wiki/Gautham_Sigamani,True,,,
TN-076-AIADMK+,Tamil Nadu,Viluppuram,76,Tirukkoyilur,https://en.wikipedia.org/wiki/Tirukkoyilur_Assembly_constituency,AIADMK+,AIADMK,https://en.wikipedia.org/wiki/All_India_Anna_Dravida_Munnetra_Kazhagam,S. Palaniswami,,False,,,
TN-077-SPA,Tamil Nadu,Kallakurichi,77,Ulundurpettai,https://en.wikipedia.org/wiki/Ulundurpet_Assembly_constituency,SPA,DMK,https://en.wikipedia.org/wiki/Dravida_Munnetra_Kazhagam,G. R. Vasanthavelu,,False,,,
TN-077-AIADMK+,Tamil Nadu,Kallakurichi,77,Ulundurpettai,https://en.wikipedia.org/wiki/Ulundurpet_Assembly_constituency,AIADMK+,AIADMK,https://en.wikipedia.org/wiki/All_India_Anna_Dravida_Munnetra_Kazhagam,R. Kumaraguru,https://en.wikipedia.org/wiki/R._Kumaraguru,True,,,
TN-078-SPA,Tamil Nadu,Kallakurichi,78,Rishivandiyam,https://en.wikipedia.org/wiki/Rishivandiyam_Assembly_constituency,SPA,DMK,https://en.wikipedia.org/wiki/Dravida_Munnetra_Kazhagam,Vasantham Karthikeyan,https://en.wikipedia.org/wiki/Vasantham_Karthikeyan,True,,,
TN-078-AIADMK+,Tamil Nadu,Kallakurichi,78,Rishivandiyam,https://en.wikipedia.org/wiki/Rishivandiyam_Assembly_constituency,AIADMK+,PMK,https://en.wikipedia.org/wiki/Pattali_Makkal_Katchi,A. P. Chezhiyan,,False,,,
TN-079-SPA,Tamil Nadu,Kallakurichi,79,Sankarapuram,https://en.wikipedia.org/wiki/Sankarapuram_Assembly_constituency,SPA,DMK,https://en.wikipedia.org/wiki/Dravida_Munnetra_Kazhagam,T. Udhaya Suriyan,https://en.wikipedia.org/wiki/T._Udhaya_Suriyan,True,,,
TN-079-AIADMK+,Tamil Nadu,Kallakurichi,79,Sankarapuram,https://en.wikipedia.org/wiki/Sankarapuram_Assembly_constituency,AIADMK+,AIADMK,https://en.wikipedia.org/wiki/All_India_Anna_Dravida_Munnetra_Kazhagam,R. Rakesh,,False,,,
TN-080-SPA,Tamil Nadu,Kallakurichi,80,Kallakurichi(SC),https://en.wikipedia.org/wiki/Kallakurichi_Assembly_constituency,SPA,VCK,https://en.wikipedia.org/wiki/Viduthalai_Chiruthaigal_Katchi,Malathi,,False,,,
TN-080-AIADMK+,Tamil Nadu,Kallakurichi,80,Kallakurichi(SC),https://en.wikipedia.org/wiki/Kallakurichi_Assembly_constituency,AIADMK+,AIADMK,https://en.wikipedia.org/wiki/All_India_Anna_Dravida_Munnetra_Kazhagam,S. Rajiv Gandhi,,False,,,
TN-081-SPA,Tamil Nadu,Salem,81,Gangavalli(SC),https://en.wikipedia.org/wiki/Gangavalli_Assembly_constituency,SPA,DMK,https://en.wikipedia.org/wiki/Dravida_Munnetra_Kazhagam,K. Chinnadurai,https://en.wikipedia.org/wiki/K._Chinnadurai,True,,,
TN-081-AIADMK+,Tamil Nadu,Salem,81,Gangavalli(SC),https://en.wikipedia.org/wiki/Gangavalli_Assembly_constituency,AIADMK+,AIADMK,https://en.wikipedia.org/wiki/All_India_Anna_Dravida_Munnetra_Kazhagam,A. Nallathambi,https://en.wikipedia.org/wiki/A._Nallathambi_(AIADMK_politician),True,,,
TN-082-SPA,Tamil Nadu,Salem,82,Attur(SC),https://en.wikipedia.org/wiki/Attur_Assembly_constituency,SPA,INC,https://en.wikipedia.org/wiki/Indian_National_Congress,S. K. Arthanari,,False,,,
TN-082-AIADMK+,Tamil Nadu,Salem,82,Attur(SC),https://en.wikipedia.org/wiki/Attur_Assembly_constituency,AIADMK+,AIADMK,https://en.wikipedia.org/wiki/All_India_Anna_Dravida_Munnetra_Kazhagam,A. P. Jayasankaran,https://en.wikipedia.org/wiki/A._P._Jayasankaran,True,,,
TN-083-SPA,Tamil Nadu,Salem,83,Yercaud(ST),https://en.wikipedia.org/wiki/Yercaud_Assembly_constituency,SPA,DMK,https://en.wikipedia.org/wiki/Dravida_Munnetra_Kazhagam,T. M. Revathi Matheswaran,,False,,,
TN-083-AIADMK+,Tamil Nadu,Salem,83,Yercaud(ST),https://en.wikipedia.org/wiki/Yercaud_Assembly_constituency,AIADMK+,AIADMK,https://en.wikipedia.org/wiki/All_India_Anna_Dravida_Munnetra_Kazhagam,P. Usharani,,False,,,
TN-084-SPA,Tamil Nadu,Salem,84,Omalur,https://en.wikipedia.org/wiki/Omalur_Assembly_constituency,SPA,DMDK,https://en.wikipedia.org/wiki/Desiya_Murpokku_Dravida_Kazhagam,A. R. Elangovan,,False,,,
TN-084-AIADMK+,Tamil Nadu,Salem,84,Omalur,https://en.wikipedia.org/wiki/Omalur_Assembly_constituency,AIADMK+,AIADMK,https://en.wikipedia.org/wiki/All_India_Anna_Dravida_Munnetra_Kazhagam,R. Mani,https://en.wikipedia.org/wiki/R._Mani,True,,,
TN-085-SPA,Tamil Nadu,Salem,85,Mettur,https://en.wikipedia.org/wiki/Mettur_Assembly_constituency,SPA,DMK,https://en.wikipedia.org/wiki/Dravida_Munnetra_Kazhagam,Mithun Chakravarthy,,False,,,
TN-085-AIADMK+,Tamil Nadu,Salem,85,Mettur,https://en.wikipedia.org/wiki/Mettur_Assembly_constituency,AIADMK+,AIADMK,https://en.wikipedia.org/wiki/All_India_Anna_Dravida_Munnetra_Kazhagam,G. Venkatachalam,https://en.wikipedia.org/wiki/G._Venkatachalam,True,,,
TN-086-SPA,Tamil Nadu,Salem,86,Edappadi,https://en.wikipedia.org/wiki/Edappadi_Assembly_constituency,SPA,DMK,https://en.wikipedia.org/wiki/Dravida_Munnetra_Kazhagam,Kasi,,False,,,
TN-086-AIADMK+,Tamil Nadu,Salem,86,Edappadi,https://en.wikipedia.org/wiki/Edappadi_Assembly_constituency,AIADMK+,AIADMK,https://en.wikipedia.org/wiki/All_India_Anna_Dravida_Munnetra_Kazhagam,Edappadi K. Palaniswami,https://en.wikipedia.org/wiki/Edappadi_K._Palaniswami,True,,,
TN-087-SPA,Tamil Nadu,Salem,87,Sangagiri,https://en.wikipedia.org/wiki/Sangagiri_Assembly_constituency,SPA,DMK,https://en.wikipedia.org/wiki/Dravida_Munnetra_Kazhagam,M. Manikandan,,False,,,
TN-087-AIADMK+,Tamil Nadu,Salem,87,Sangagiri,https://en.wikipedia.org/wiki/Sangagiri_Assembly_constituency,AIADMK+,AIADMK,https://en.wikipedia.org/wiki/All_India_Anna_Dravida_Munnetra_Kazhagam,S. Vetrivel,https://en.wikipedia.org/wiki/S._Vetrivel,True,,,
TN-088-SPA,Tamil Nadu,Salem,88,Salem (West),https://en.wikipedia.org/wiki/Salem_West_Assembly_constituency,SPA,DMDK,https://en.wikipedia.org/wiki/Desiya_Murpokku_Dravida_Kazhagam,Azhagappuram Mohan Raj,https://en.wikipedia.org/wiki/Azhagappuram_Mohan_Raj,True,,,
TN-088-AIADMK+,Tamil Nadu,Salem,88,Salem (West),https://en.wikipedia.org/wiki/Salem_West_Assembly_constituency,AIADMK+,PMK,https://en.wikipedia.org/wiki/Pattali_Makkal_Katchi,M. Karthi,,False,,,
TN-089-SPA,Tamil Nadu,Salem,89,Salem (North),https://en.wikipedia.org/wiki/Salem_North_Assembly_constituency,SPA,DMK,https://en.wikipedia.org/wiki/Dravida_Munnetra_Kazhagam,R. Rajendran,https://en.wikipedia.org/wiki/R._Rajendran_(DMK_politician),True,,,
TN-089-AIADMK+,Tamil Nadu,Salem,89,Salem (North),https://en.wikipedia.org/wiki/Salem_North_Assembly_constituency,AIADMK+,PMK,https://en.wikipedia.org/wiki/Pattali_Makkal_Katchi,S. Sadhasivam,https://en.wikipedia.org/wiki/S._Sadhasivam,True,,,
TN-090-SPA,Tamil Nadu,Salem,90,Salem (South),https://en.wikipedia.org/wiki/Salem_South_Assembly_constituency,SPA,DMK,https://en.wikipedia.org/wiki/Dravida_Munnetra_Kazhagam,M. Loganathan,,False,,,
TN-090-AIADMK+,Tamil Nadu,Salem,90,Salem (South),https://en.wikipedia.org/wiki/Salem_South_Assembly_constituency,AIADMK+,AIADMK,https://en.wikipedia.org/wiki/All_India_Anna_Dravida_Munnetra_Kazhagam,J. Vinodh,,False,,,
TN-091-SPA,Tamil Nadu,Salem,91,Veerapandi,https://en.wikipedia.org/wiki/Veerapandi_Assembly_constituency,SPA,DMK,https://en.wikipedia.org/wiki/Dravida_Munnetra_Kazhagam,A. K. Tharun,,False,,,
TN-091-AIADMK+,Tamil Nadu,Salem,91,Veerapandi,https://en.wikipedia.org/wiki/Veerapandi_Assembly_constituency,AIADMK+,AIADMK,https://en.wikipedia.org/wiki/All_India_Anna_Dravida_Munnetra_Kazhagam,Sri Balaji Sukumar,,False,,,
TN-092-SPA,Tamil Nadu,Namakkal,92,Rasipuram(SC),https://en.wikipedia.org/wiki/Rasipuram_Assembly_constituency,SPA,DMK,https://en.wikipedia.org/wiki/Dravida_Munnetra_Kazhagam,M. Mathivendhan,https://en.wikipedia.org/wiki/M._Mathivendhan,True,,,
TN-092-AIADMK+,Tamil Nadu,Namakkal,92,Rasipuram(SC),https://en.wikipedia.org/wiki/Rasipuram_Assembly_constituency,AIADMK+,BJP,https://en.wikipedia.org/wiki/Bharatiya_Janata_Party,S. D. Premkumar,,False,,,
TN-093-SPA,Tamil Nadu,Namakkal,93,Senthamangalam(ST),https://en.wikipedia.org/wiki/Senthamangalam_Assembly_constituency,SPA,DMK,https://en.wikipedia.org/wiki/Dravida_Munnetra_Kazhagam,P. Poomalar,,False,,,
TN-093-AIADMK+,Tamil Nadu,Namakkal,93,Senthamangalam(ST),https://en.wikipedia.org/wiki/Senthamangalam_Assembly_constituency,AIADMK+,AIADMK,https://en.wikipedia.org/wiki/All_India_Anna_Dravida_Munnetra_Kazhagam,C. Chandrashekhar,https://en.wikipedia.org/wiki/C._Chandrashekhar,True,,,
TN-094-SPA,Tamil Nadu,Namakkal,94,Namakkal,https://en.wikipedia.org/wiki/Namakkal_Assembly_constituency,SPA,DMK,https://en.wikipedia.org/wiki/Dravida_Munnetra_Kazhagam,P. Rani,,False,,,
TN-094-AIADMK+,Tamil Nadu,Namakkal,94,Namakkal,https://en.wikipedia.org/wiki/Namakkal_Assembly_constituency,AIADMK+,AIADMK,https://en.wikipedia.org/wiki/All_India_Anna_Dravida_Munnetra_Kazhagam,Sridevi P. S. Mohan,,False,,,
TN-095-SPA,Tamil Nadu,Namakkal,95,Paramathi-Velur,https://en.wikipedia.org/wiki/Paramathi-Velur_Assembly_constituency,SPA,DMK,https://en.wikipedia.org/wiki/Dravida_Munnetra_Kazhagam,K. S. Moorthy,,False,,,
TN-095-AIADMK+,Tamil Nadu,Namakkal,95,Paramathi-Velur,https://en.wikipedia.org/wiki/Paramathi-Velur_Assembly_constituency,AIADMK+,AIADMK,https://en.wikipedia.org/wiki/All_India_Anna_Dravida_Munnetra_Kazhagam,S. Sekar,https://en.wikipedia.org/wiki/S._Sekar,True,,,
TN-096-SPA,Tamil Nadu,Namakkal,96,Tiruchengodu,https://en.wikipedia.org/wiki/Tiruchengode_Assembly_constituency,SPA,DMK,https://en.wikipedia.org/wiki/Dravida_Munnetra_Kazhagam,E. R. Eswaran[g],https://en.wikipedia.org/wiki/E._R._Eswaran,True,,,
TN-096-AIADMK+,Tamil Nadu,Namakkal,96,Tiruchengodu,https://en.wikipedia.org/wiki/Tiruchengode_Assembly_constituency,AIADMK+,AIADMK,https://en.wikipedia.org/wiki/All_India_Anna_Dravida_Munnetra_Kazhagam,R. Chandrashekhar,,False,,,
TN-097-SPA,Tamil Nadu,Namakkal,97,Kumarapalayam,https://en.wikipedia.org/wiki/Kumarapalayam_Assembly_constituency,SPA,DMK,https://en.wikipedia.org/wiki/Dravida_Munnetra_Kazhagam,S. Balu,,False,,,
TN-097-AIADMK+,Tamil Nadu,Namakkal,97,Kumarapalayam,https://en.wikipedia.org/wiki/Kumarapalayam_Assembly_constituency,AIADMK+,AIADMK,https://en.wikipedia.org/wiki/All_India_Anna_Dravida_Munnetra_Kazhagam,P. Thangamani,https://en.wikipedia.org/wiki/P._Thangamani,True,,,
TN-098-SPA,Tamil Nadu,Erode,98,Erode (East),https://en.wikipedia.org/wiki/Erode_East_Assembly_constituency,SPA,INC,https://en.wikipedia.org/wiki/Indian_National_Congress,Gobinath Palaniappan,,False,,,
TN-098-AIADMK+,Tamil Nadu,Erode,98,Erode (East),https://en.wikipedia.org/wiki/Erode_East_Assembly_constituency,AIADMK+,AIADMK,https://en.wikipedia.org/wiki/All_India_Anna_Dravida_Munnetra_Kazhagam,R. Manoharan,,False,,,
TN-099-SPA,Tamil Nadu,Erode,99,Erode (West),https://en.wikipedia.org/wiki/Erode_West_Assembly_constituency,SPA,DMK,https://en.wikipedia.org/wiki/Dravida_Munnetra_Kazhagam,S. Muthusamy,https://en.wikipedia.org/wiki/S._Muthusamy,True,,,
TN-099-AIADMK+,Tamil Nadu,Erode,99,Erode (West),https://en.wikipedia.org/wiki/Erode_West_Assembly_constituency,AIADMK+,BJP,https://en.wikipedia.org/wiki/Bharatiya_Janata_Party,M. Yuvaraja[e],https://en.wikipedia.org/wiki/2026_Tamil_Nadu_Legislative_Assembly_election#cite_note-TMC(M)-126,True,,,
TN-100-SPA,Tamil Nadu,Erode,100,Modakkurichi,https://en.wikipedia.org/wiki/Modakkurichi_Assembly_constituency,SPA,DMK,https://en.wikipedia.org/wiki/Dravida_Munnetra_Kazhagam,Senthilnathan[h],https://en.wikipedia.org/wiki/2026_Tamil_Nadu_Legislative_Assembly_election#cite_note-MDMK-129,True,,,
TN-100-AIADMK+,Tamil Nadu,Erode,100,Modakkurichi,https://en.wikipedia.org/wiki/Modakkurichi_Assembly_constituency,AIADMK+,BJP,https://en.wikipedia.org/wiki/Bharatiya_Janata_Party,Kirthika Sivakumar,,False,,,
TN-101-SPA,Tamil Nadu,Tiruppur,101,Dharapuram(SC),https://en.wikipedia.org/wiki/Dharapuram_Assembly_constituency,SPA,DMK,https://en.wikipedia.org/wiki/Dravida_Munnetra_Kazhagam,Indirani,,False,,,
TN-101-AIADMK+,Tamil Nadu,Tiruppur,101,Dharapuram(SC),https://en.wikipedia.org/wiki/Dharapuram_Assembly_constituency,AIADMK+,AIADMK,https://en.wikipedia.org/wiki/All_India_Anna_Dravida_Munnetra_Kazhagam,P. Sathyabama,,False,,,
TN-102-SPA,Tamil Nadu,Tiruppur,102,Kangayam,https://en.wikipedia.org/wiki/Kangayam_Assembly_constituency,SPA,DMK,https://en.wikipedia.org/wiki/Dravida_Munnetra_Kazhagam,M. P. Saminathan,https://en.wikipedia.org/wiki/M._P._Saminathan,True,,,
TN-102-AIADMK+,Tamil Nadu,Tiruppur,102,Kangayam,https://en.wikipedia.org/wiki/Kangayam_Assembly_constituency,AIADMK+,AIADMK,https://en.wikipedia.org/wiki/All_India_Anna_Dravida_Munnetra_Kazhagam,N. S. N. Nataraj,https://en.wikipedia.org/wiki/N._S._N._Nataraj,True,,,
TN-103-SPA,Tamil Nadu,Erode,103,Perundurai,https://en.wikipedia.org/wiki/Perundurai_Assembly_constituency,SPA,DMK,https://en.wikipedia.org/wiki/Dravida_Munnetra_Kazhagam,N. D. Venkatachalam,https://en.wikipedia.org/wiki/N._D._Venkatachalam,True,,,
TN-103-AIADMK+,Tamil Nadu,Erode,103,Perundurai,https://en.wikipedia.org/wiki/Perundurai_Assembly_constituency,AIADMK+,AIADMK,https://en.wikipedia.org/wiki/All_India_Anna_Dravida_Munnetra_Kazhagam,S. Jayakumar,https://en.wikipedia.org/wiki/S._Jayakumar_(Indian_politician),True,,,
TN-104-SPA,Tamil Nadu,Erode,104,Bhavani,https://en.wikipedia.org/wiki/Bhavani_Assembly_constituency,SPA,DMK,https://en.wikipedia.org/wiki/Dravida_Munnetra_Kazhagam,K. A. Chandrasekhar,,False,,,
TN-104-AIADMK+,Tamil Nadu,Erode,104,Bhavani,https://en.wikipedia.org/wiki/Bhavani_Assembly_constituency,AIADMK+,AIADMK,https://en.wikipedia.org/wiki/All_India_Anna_Dravida_Munnetra_Kazhagam,K. C. Karuppannan,https://en.wikipedia.org/wiki/K._C._Karuppannan,True,,,
TN-105-SPA,Tamil Nadu,Erode,105,Anthiyur,https://en.wikipedia.org/wiki/Anthiyur_Assembly_constituency,SPA,DMK,https://en.wikipedia.org/wiki/Dravida_Munnetra_Kazhagam,M. Sivabalan,,False,,,
TN-105-AIADMK+,Tamil Nadu,Erode,105,Anthiyur,https://en.wikipedia.org/wiki/Anthiyur_Assembly_constituency,AIADMK+,AIADMK,https://en.wikipedia.org/wiki/All_India_Anna_Dravida_Munnetra_Kazhagam,P. Haribhaskar,,False,,,
TN-106-SPA,Tamil Nadu,Erode,106,Gobichettipalayam,https://en.wikipedia.org/wiki/Gobichettipalayam_Assembly_constituency,SPA,DMK,https://en.wikipedia.org/wiki/Dravida_Munnetra_Kazhagam,N. Nallasivam,,False,,,
TN-106-AIADMK+,Tamil Nadu,Erode,106,Gobichettipalayam,https://en.wikipedia.org/wiki/Gobichettipalayam_Assembly_constituency,AIADMK+,AIADMK,https://en.wikipedia.org/wiki/All_India_Anna_Dravida_Munnetra_Kazhagam,V. B. Prabhu,,False,,,
TN-107-SPA,Tamil Nadu,Erode,107,Bhavanisagar(SC),https://en.wikipedia.org/wiki/Bhavanisagar_Assembly_constituency,SPA,CPI,https://en.wikipedia.org/wiki/Communist_Party_of_India,P. L. Sundaram,https://en.wikipedia.org/wiki/P._L._Sundaram,True,,,
TN-107-AIADMK+,Tamil Nadu,Erode,107,Bhavanisagar(SC),https://en.wikipedia.org/wiki/Bhavanisagar_Assembly_constituency,AIADMK+,AIADMK,https://en.wikipedia.org/wiki/All_India_Anna_Dravida_Munnetra_Kazhagam,A. Bannari,https://en.wikipedia.org/wiki/A._Bannari,True,,,
TN-108-SPA,Tamil Nadu,Nilgiris,108,Udhagamandalam,https://en.wikipedia.org/wiki/Udagamandalam_Assembly_constituency,SPA,INC,https://en.wikipedia.org/wiki/Indian_National_Congress,B. Ramachandran,,False,,,
TN-108-AIADMK+,Tamil Nadu,Nilgiris,108,Udhagamandalam,https://en.wikipedia.org/wiki/Udagamandalam_Assembly_constituency,AIADMK+,BJP,https://en.wikipedia.org/wiki/Bharatiya_Janata_Party,Bhojarajan,,False,,,
TN-109-SPA,Tamil Nadu,Nilgiris,109,Gudalur(SC),https://en.wikipedia.org/wiki/Gudalur_Assembly_constituency,SPA,DMK,https://en.wikipedia.org/wiki/Dravida_Munnetra_Kazhagam,Dravidamani,https://en.wikipedia.org/wiki/Dravidamani,True,,,
TN-109-AIADMK+,Tamil Nadu,Nilgiris,109,Gudalur(SC),https://en.wikipedia.org/wiki/Gudalur_Assembly_constituency,AIADMK+,AIADMK,https://en.wikipedia.org/wiki/All_India_Anna_Dravida_Munnetra_Kazhagam,Pon. Jayaseelan,https://en.wikipedia.org/wiki/Pon._Jayaseelan,True,,,
TN-110-SPA,Tamil Nadu,Nilgiris,110,Coonoor,https://en.wikipedia.org/wiki/Coonoor_Assembly_constituency,SPA,DMK,https://en.wikipedia.org/wiki/Dravida_Munnetra_Kazhagam,K. M. Raju,,False,,,
TN-110-AIADMK+,Tamil Nadu,Nilgiris,110,Coonoor,https://en.wikipedia.org/wiki/Coonoor_Assembly_constituency,AIADMK+,AIADMK,https://en.wikipedia.org/wiki/All_India_Anna_Dravida_Munnetra_Kazhagam,A. Ramu,,False,,,
TN-111-SPA,Tamil Nadu,Coimbatore,111,Mettupalayam,https://en.wikipedia.org/wiki/Mettupalayam_Assembly_constituency,SPA,DMK,https://en.wikipedia.org/wiki/Dravida_Munnetra_Kazhagam,Kavitha Kalyanachundaram,,False,,,
TN-111-AIADMK+,Tamil Nadu,Coimbatore,111,Mettupalayam,https://en.wikipedia.org/wiki/Mettupalayam_Assembly_constituency,AIADMK+,AIADMK,https://en.wikipedia.org/wiki/All_India_Anna_Dravida_Munnetra_Kazhagam,O. K. Chinnaraj,https://en.wikipedia.org/wiki/O._K._Chinnaraj,True,,,
TN-112-SPA,Tamil Nadu,Tiruppur,112,Avanashi(SC),https://en.wikipedia.org/wiki/Avanashi_Assembly_constituency,SPA,DMK,https://en.wikipedia.org/wiki/Dravida_Munnetra_Kazhagam,Gokilamani,,False,,,
TN-112-AIADMK+,Tamil Nadu,Tiruppur,112,Avanashi(SC),https://en.wikipedia.org/wiki/Avanashi_Assembly_constituency,AIADMK+,BJP,https://en.wikipedia.org/wiki/Bharatiya_Janata_Party,L. Murugan,https://en.wikipedia.org/wiki/L._Murugan,True,,,
TN-113-SPA,Tamil Nadu,Tiruppur,113,Tiruppur (North),https://en.wikipedia.org/wiki/Tiruppur_North_Assembly_constituency,SPA,CPI,https://en.wikipedia.org/wiki/Communist_Party_of_India,Ravi Subramanian,,False,,,
TN-113-AIADMK+,Tamil Nadu,Tiruppur,113,Tiruppur (North),https://en.wikipedia.org/wiki/Tiruppur_North_Assembly_constituency,AIADMK+,AIADMK,https://en.wikipedia.org/wiki/All_India_Anna_Dravida_Munnetra_Kazhagam,M. S. M. Anandan,https://en.wikipedia.org/wiki/M._S._M._Anandan,True,,,
TN-114-SPA,Tamil Nadu,Tiruppur,114,Tiruppur (South),https://en.wikipedia.org/wiki/Tiruppur_South_Assembly_constituency,SPA,DMK,https://en.wikipedia.org/wiki/Dravida_Munnetra_Kazhagam,K. Dineshkumar,,False,,,
TN-114-AIADMK+,Tamil Nadu,Tiruppur,114,Tiruppur (South),https://en.wikipedia.org/wiki/Tiruppur_South_Assembly_constituency,AIADMK+,BJP,https://en.wikipedia.org/wiki/Bharatiya_Janata_Party,S. Thangaraj,,False,,,
TN-115-SPA,Tamil Nadu,Tiruppur,115,Palladam,https://en.wikipedia.org/wiki/Palladam_Assembly_constituency,SPA,DMK,https://en.wikipedia.org/wiki/Dravida_Munnetra_Kazhagam,K. Selvaraj,https://en.wikipedia.org/wiki/K._Selvaraj_(DMK_politician),True,,,
TN-115-AIADMK+,Tamil Nadu,Tiruppur,115,Palladam,https://en.wikipedia.org/wiki/Palladam_Assembly_constituency,AIADMK+,AIADMK,https://en.wikipedia.org/wiki/All_India_Anna_Dravida_Munnetra_Kazhagam,K. P. Paramasivam,https://en.wikipedia.org/wiki/K._P._Paramasivam,True,,,
TN-116-SPA,Tamil Nadu,Coimbatore,116,Sulur,https://en.wikipedia.org/wiki/Sulur_Assembly_constituency,SPA,DMK,https://en.wikipedia.org/wiki/Dravida_Munnetra_Kazhagam,S. Murugesan,https://en.wikipedia.org/wiki/S._Murugesan_(DMK_politician),True,,,
TN-116-AIADMK+,Tamil Nadu,Coimbatore,116,Sulur,https://en.wikipedia.org/wiki/Sulur_Assembly_constituency,AIADMK+,AIADMK,https://en.wikipedia.org/wiki/All_India_Anna_Dravida_Munnetra_Kazhagam,V. P. Kandasamy,https://en.wikipedia.org/wiki/V._P._Kandasamy,True,,,
TN-117-SPA,Tamil Nadu,Coimbatore,117,Kavundampalayam,https://en.wikipedia.org/wiki/Kavundampalayam_Assembly_constituency,SPA,INC,https://en.wikipedia.org/wiki/Indian_National_Congress,K. P. Suryaprakash,,False,,,
TN-117-AIADMK+,Tamil Nadu,Coimbatore,117,Kavundampalayam,https://en.wikipedia.org/wiki/Kavundampalayam_Assembly_constituency,AIADMK+,AIADMK,https://en.wikipedia.org/wiki/All_India_Anna_Dravida_Munnetra_Kazhagam,P. R. G. Arunkumar,https://en.wikipedia.org/wiki/P._R._G._Arunkumar,True,,,
TN-118-SPA,Tamil Nadu,Coimbatore,118,Coimbatore (North),https://en.wikipedia.org/wiki/Coimbatore_North_Assembly_constituency,SPA,DMK,https://en.wikipedia.org/wiki/Dravida_Munnetra_Kazhagam,Senthamizhselvan,,False,,,
TN-118-AIADMK+,Tamil Nadu,Coimbatore,118,Coimbatore (North),https://en.wikipedia.org/wiki/Coimbatore_North_Assembly_constituency,AIADMK+,BJP,https://en.wikipedia.org/wiki/Bharatiya_Janata_Party,Vanathi Srinivasan,https://en.wikipedia.org/wiki/Vanathi_Srinivasan,True,,,
TN-119-SPA,Tamil Nadu,Coimbatore,119,Thondamuthur,https://en.wikipedia.org/wiki/Thondamuthur_Assembly_constituency,SPA,DMK,https://en.wikipedia.org/wiki/Dravida_Munnetra_Kazhagam,N. R. Karthikeyan,,False,,,
TN-119-AIADMK+,Tamil Nadu,Coimbatore,119,Thondamuthur,https://en.wikipedia.org/wiki/Thondamuthur_Assembly_constituency,AIADMK+,AIADMK,https://en.wikipedia.org/wiki/All_India_Anna_Dravida_Munnetra_Kazhagam,S. P. Velumani,https://en.wikipedia.org/wiki/S._P._Velumani,True,,,
TN-120-SPA,Tamil Nadu,Coimbatore,120,Coimbatore (South),https://en.wikipedia.org/wiki/Coimbatore_South_Assembly_constituency,SPA,DMK,https://en.wikipedia.org/wiki/Dravida_Munnetra_Kazhagam,V. Senthil Balaji,https://en.wikipedia.org/wiki/V._Senthil_Balaji,True,,,
TN-120-AIADMK+,Tamil Nadu,Coimbatore,120,Coimbatore (South),https://en.wikipedia.org/wiki/Coimbatore_South_Assembly_constituency,AIADMK+,AIADMK,https://en.wikipedia.org/wiki/All_India_Anna_Dravida_Munnetra_Kazhagam,Amman K. Arjunan,https://en.wikipedia.org/wiki/Amman_K._Arjunan,True,,,
TN-121-SPA,Tamil Nadu,Coimbatore,121,Singanallur,https://en.wikipedia.org/wiki/Singanallur_Assembly_constituency,SPA,INC,https://en.wikipedia.org/wiki/Indian_National_Congress,V. Srinidhi Naidu,,False,,,
TN-121-AIADMK+,Tamil Nadu,Coimbatore,121,Singanallur,https://en.wikipedia.org/wiki/Singanallur_Assembly_constituency,AIADMK+,AIADMK,https://en.wikipedia.org/wiki/All_India_Anna_Dravida_Munnetra_Kazhagam,K. R. Jayaraman,https://en.wikipedia.org/wiki/K._R._Jayaraman,True,,,
TN-122-SPA,Tamil Nadu,Coimbatore,122,Kinathukadavu,https://en.wikipedia.org/wiki/Kinathukadavu_Assembly_constituency,SPA,DMK,https://en.wikipedia.org/wiki/Dravida_Munnetra_Kazhagam,K. V. K. S. Sabari Karthikeyan,,False,,,
TN-122-AIADMK+,Tamil Nadu,Coimbatore,122,Kinathukadavu,https://en.wikipedia.org/wiki/Kinathukadavu_Assembly_constituency,AIADMK+,AIADMK,https://en.wikipedia.org/wiki/All_India_Anna_Dravida_Munnetra_Kazhagam,S. Damodaran,https://en.wikipedia.org/wiki/S._Damodaran_(politician),True,,,
TN-123-SPA,Tamil Nadu,Coimbatore,123,Pollachi,https://en.wikipedia.org/wiki/Pollachi_Assembly_constituency,SPA,DMK,https://en.wikipedia.org/wiki/Dravida_Munnetra_Kazhagam,K. Nithyanandhan[g],https://en.wikipedia.org/wiki/2026_Tamil_Nadu_Legislative_Assembly_election#cite_note-KMDK-128,True,,,
TN-123-AIADMK+,Tamil Nadu,Coimbatore,123,Pollachi,https://en.wikipedia.org/wiki/Pollachi_Assembly_constituency,AIADMK+,AIADMK,https://en.wikipedia.org/wiki/All_India_Anna_Dravida_Munnetra_Kazhagam,Pollachi V. Jayaraman,https://en.wikipedia.org/wiki/Pollachi_V._Jayaraman,True,,,
TN-124-SPA,Tamil Nadu,Coimbatore,124,Valparai(SC),https://en.wikipedia.org/wiki/Valparai_Assembly_constituency,SPA,DMK,https://en.wikipedia.org/wiki/Dravida_Munnetra_Kazhagam,A. Sudhakar,,False,,,
TN-124-AIADMK+,Tamil Nadu,Coimbatore,124,Valparai(SC),https://en.wikipedia.org/wiki/Valparai_Assembly_constituency,AIADMK+,AIADMK,https://en.wikipedia.org/wiki/All_India_Anna_Dravida_Munnetra_Kazhagam,D. Lakshmana Singh,,False,,,
TN-125-SPA,Tamil Nadu,Tiruppur,125,Udumalaipettai,https://en.wikipedia.org/wiki/Udumalaipettai_Assembly_constituency,SPA,DMK,https://en.wikipedia.org/wiki/Dravida_Munnetra_Kazhagam,K. Radhakrishnan,,False,,,
TN-125-AIADMK+,Tamil Nadu,Tiruppur,125,Udumalaipettai,https://en.wikipedia.org/wiki/Udumalaipettai_Assembly_constituency,AIADMK+,AIADMK,https://en.wikipedia.org/wiki/All_India_Anna_Dravida_Munnetra_Kazhagam,Udumalai K. Radhakrishnan,https://en.wikipedia.org/wiki/Udumalai_K._Radhakrishnan,True,,,
TN-126-SPA,Tamil Nadu,Tiruppur,126,Madathukulam,https://en.wikipedia.org/wiki/Madathukulam_Assembly_constituency,SPA,DMK,https://en.wikipedia.org/wiki/Dravida_Munnetra_Kazhagam,R. Jayaramakrishnan,https://en.wikipedia.org/wiki/R._Jayaramakrishnan,True,,,
TN-126-AIADMK+,Tamil Nadu,Tiruppur,126,Madathukulam,https://en.wikipedia.org/wiki/Madathukulam_Assembly_constituency,AIADMK+,AMMK,https://en.wikipedia.org/wiki/Amma_Makkal_Munnetra_Kazhagam,C. Shanmugavelu,https://en.wikipedia.org/wiki/C._Shanmugavelu,True,,,
TN-127-SPA,Tamil Nadu,Dindigul,127,Palani,https://en.wikipedia.org/wiki/Palani_Assembly_constituency,SPA,CPI(M),https://en.wikipedia.org/wiki/Communist_Party_of_India_(Marxist),N. Pandi,,False,,,
TN-127-AIADMK+,Tamil Nadu,Dindigul,127,Palani,https://en.wikipedia.org/wiki/Palani_Assembly_constituency,AIADMK+,AIADMK,https://en.wikipedia.org/wiki/All_India_Anna_Dravida_Munnetra_Kazhagam,K. Ravi Manoharan,,False,,,
TN-128-SPA,Tamil Nadu,Dindigul,128,Oddanchatram,https://en.wikipedia.org/wiki/Oddanchatram_Assembly_constituency,SPA,DMK,https://en.wikipedia.org/wiki/Dravida_Munnetra_Kazhagam,R. Sakkarapani,https://en.wikipedia.org/wiki/R._Sakkarapani,True,,,
TN-128-AIADMK+,Tamil Nadu,Dindigul,128,Oddanchatram,https://en.wikipedia.org/wiki/Oddanchatram_Assembly_constituency,AIADMK+,BJP,https://en.wikipedia.org/wiki/Bharatiya_Janata_Party,Vidiyal Sekar[e],https://en.wikipedia.org/wiki/2026_Tamil_Nadu_Legislative_Assembly_election#cite_note-TMC(M)-126,True,,,
TN-129-SPA,Tamil Nadu,Dindigul,129,Athoor,https://en.wikipedia.org/wiki/Athoor_Assembly_constituency,SPA,DMK,https://en.wikipedia.org/wiki/Dravida_Munnetra_Kazhagam,I. Periyasamy,https://en.wikipedia.org/wiki/I._Periyasamy,True,,,
TN-129-AIADMK+,Tamil Nadu,Dindigul,129,Athoor,https://en.wikipedia.org/wiki/Athoor_Assembly_constituency,AIADMK+,AIADMK,https://en.wikipedia.org/wiki/All_India_Anna_Dravida_Munnetra_Kazhagam,A. Viswanathan,,False,,,
TN-130-SPA,Tamil Nadu,Dindigul,130,Nilakottai(SC),https://en.wikipedia.org/wiki/Nilakottai_Assembly_constituency,SPA,DMK,https://en.wikipedia.org/wiki/Dravida_Munnetra_Kazhagam,Nagajothi,,False,,,
TN-130-AIADMK+,Tamil Nadu,Dindigul,130,Nilakottai(SC),https://en.wikipedia.org/wiki/Nilakottai_Assembly_constituency,AIADMK+,AIADMK,https://en.wikipedia.org/wiki/All_India_Anna_Dravida_Munnetra_Kazhagam,S. Thaenmozhi,https://en.wikipedia.org/wiki/S._Thaenmozhi,True,,,
TN-131-SPA,Tamil Nadu,Dindigul,131,Natham,https://en.wikipedia.org/wiki/Natham_Assembly_constituency,SPA,DMK,https://en.wikipedia.org/wiki/Dravida_Munnetra_Kazhagam,K. K. Selvakumar[i],https://en.wikipedia.org/wiki/2026_Tamil_Nadu_Legislative_Assembly_election#cite_note-TDK-130,True,,,
TN-131-AIADMK+,Tamil Nadu,Dindigul,131,Natham,https://en.wikipedia.org/wiki/Natham_Assembly_constituency,AIADMK+,AIADMK,https://en.wikipedia.org/wiki/All_India_Anna_Dravida_Munnetra_Kazhagam,Natham R. Viswanathan,https://en.wikipedia.org/wiki/Natham_R._Viswanathan,True,,,
TN-132-SPA,Tamil Nadu,Dindigul,132,Dindigul,https://en.wikipedia.org/wiki/Dindigul_Assembly_constituency,SPA,DMK,https://en.wikipedia.org/wiki/Dravida_Munnetra_Kazhagam,I. P. Senthilkumar,https://en.wikipedia.org/wiki/I._P._Senthilkumar,True,,,
TN-132-AIADMK+,Tamil Nadu,Dindigul,132,Dindigul,https://en.wikipedia.org/wiki/Dindigul_Assembly_constituency,AIADMK+,AIADMK,https://en.wikipedia.org/wiki/All_India_Anna_Dravida_Munnetra_Kazhagam,Dindigul C. Sreenivasan,https://en.wikipedia.org/wiki/Dindigul_C._Sreenivasan,True,,,
TN-133-SPA,Tamil Nadu,Dindigul,133,Vedasandur,https://en.wikipedia.org/wiki/Vedasandur_Assembly_constituency,SPA,DMK,https://en.wikipedia.org/wiki/Dravida_Munnetra_Kazhagam,S. Gandhirajan,https://en.wikipedia.org/wiki/S._Gandhirajan,True,,,
TN-133-AIADMK+,Tamil Nadu,Dindigul,133,Vedasandur,https://en.wikipedia.org/wiki/Vedasandur_Assembly_constituency,AIADMK+,AIADMK,https://en.wikipedia.org/wiki/All_India_Anna_Dravida_Munnetra_Kazhagam,V. P. B. Paramasivam,https://en.wikipedia.org/wiki/V._P._B._Paramasivam,True,,,
TN-134-SPA,Tamil Nadu,Karur,134,Aravakurichi,https://en.wikipedia.org/wiki/Aravakurichi_Assembly_constituency,SPA,DMK,https://en.wikipedia.org/wiki/Dravida_Munnetra_Kazhagam,Monjanur R. Elango,https://en.wikipedia.org/wiki/Monjanur_R._Elango,True,,,
TN-134-AIADMK+,Tamil Nadu,Karur,134,Aravakurichi,https://en.wikipedia.org/wiki/Aravakurichi_Assembly_constituency,AIADMK+,AIADMK,https://en.wikipedia.org/wiki/All_India_Anna_Dravida_Munnetra_Kazhagam,K. Selvakumar,,False,,,
TN-135-SPA,Tamil Nadu,Karur,135,Karur,https://en.wikipedia.org/wiki/Karur_Assembly_constituency,SPA,DMK,https://en.wikipedia.org/wiki/Dravida_Munnetra_Kazhagam,Asi. M. Thyagarajan,,False,,,
TN-135-AIADMK+,Tamil Nadu,Karur,135,Karur,https://en.wikipedia.org/wiki/Karur_Assembly_constituency,AIADMK+,AIADMK,https://en.wikipedia.org/wiki/All_India_Anna_Dravida_Munnetra_Kazhagam,M. R. Vijayabhaskar,https://en.wikipedia.org/wiki/M._R._Vijayabhaskar,True,,,
TN-136-SPA,Tamil Nadu,Karur,136,Krishnarayapuram(SC),https://en.wikipedia.org/wiki/Krishnarayapuram_Assembly_constituency,SPA,DMK,https://en.wikipedia.org/wiki/Dravida_Munnetra_Kazhagam,C. K. Raja,,False,,,
TN-136-AIADMK+,Tamil Nadu,Karur,136,Krishnarayapuram(SC),https://en.wikipedia.org/wiki/Krishnarayapuram_Assembly_constituency,AIADMK+,AIADMK,https://en.wikipedia.org/wiki/All_India_Anna_Dravida_Munnetra_Kazhagam,S. Dhivya,,False,,,
TN-137-SPA,Tamil Nadu,Karur,137,Kulithalai,https://en.wikipedia.org/wiki/Kulithalai_Assembly_constituency,SPA,DMK,https://en.wikipedia.org/wiki/Dravida_Munnetra_Kazhagam,Suriyanur A. Chandiran,,False,,,
TN-137-AIADMK+,Tamil Nadu,Karur,137,Kulithalai,https://en.wikipedia.org/wiki/Kulithalai_Assembly_constituency,AIADMK+,AIADMK,https://en.wikipedia.org/wiki/All_India_Anna_Dravida_Munnetra_Kazhagam,S. Karunakaran,,False,,,
TN-138-SPA,Tamil Nadu,Tiruchirappalli,138,Manapaarai,https://en.wikipedia.org/wiki/Manapaarai_Assembly_constituency,SPA,DMK,https://en.wikipedia.org/wiki/Dravida_Munnetra_Kazhagam,P. Abdul Samad[j],https://en.wikipedia.org/wiki/P._Abdul_Samad,True,,,
TN-138-AIADMK+,Tamil Nadu,Tiruchirappalli,138,Manapaarai,https://en.wikipedia.org/wiki/Manapaarai_Assembly_constituency,AIADMK+,AIADMK,https://en.wikipedia.org/wiki/All_India_Anna_Dravida_Munnetra_Kazhagam,P. L. Vijayakumar,,False,,,
TN-139-SPA,Tamil Nadu,Tiruchirappalli,139,Srirangam,https://en.wikipedia.org/wiki/Srirangam_Assembly_constituency,SPA,DMK,https://en.wikipedia.org/wiki/Dravida_Munnetra_Kazhagam,S. Durairaj,,False,,,
TN-139-AIADMK+,Tamil Nadu,Tiruchirappalli,139,Srirangam,https://en.wikipedia.org/wiki/Srirangam_Assembly_constituency,AIADMK+,AIADMK,https://en.wikipedia.org/wiki/All_India_Anna_Dravida_Munnetra_Kazhagam,R. Manoharan,https://en.wikipedia.org/wiki/R._Manoharan,True,,,
TN-140-SPA,Tamil Nadu,Tiruchirappalli,140,Tiruchirappalli (West),https://en.wikipedia.org/wiki/Tiruchirappalli_West_Assembly_constituency,SPA,DMK,https://en.wikipedia.org/wiki/Dravida_Munnetra_Kazhagam,K. N. Nehru,https://en.wikipedia.org/wiki/K._N._Nehru,True,,,
TN-140-AIADMK+,Tamil Nadu,Tiruchirappalli,140,Tiruchirappalli (West),https://en.wikipedia.org/wiki/Tiruchirappalli_West_Assembly_constituency,AIADMK+,AMMK,https://en.wikipedia.org/wiki/Amma_Makkal_Munnetra_Kazhagam,M. Rajasekhar,https://en.wikipedia.org/wiki/M._Rajasekhar,True,,,
TN-141-SPA,Tamil Nadu,Tiruchirappalli,141,Tiruchirappalli (East),https://en.wikipedia.org/wiki/Tiruchirappalli_East_Assembly_constituency,SPA,DMK,https://en.wikipedia.org/wiki/Dravida_Munnetra_Kazhagam,Inigo Irudhayaraj,https://en.wikipedia.org/wiki/Inigo_Irudhayaraj,True,,,
TN-141-AIADMK+,Tamil Nadu,Tiruchirappalli,141,Tiruchirappalli (East),https://en.wikipedia.org/wiki/Tiruchirappalli_East_Assembly_constituency,AIADMK+,AIADMK,https://en.wikipedia.org/wiki/All_India_Anna_Dravida_Munnetra_Kazhagam,K. Rajasekaran,,False,,,
TN-142-SPA,Tamil Nadu,Tiruchirappalli,142,Thiruverumbur,https://en.wikipedia.org/wiki/Thiruverumbur_Assembly_constituency,SPA,DMK,https://en.wikipedia.org/wiki/Dravida_Munnetra_Kazhagam,Anbil Mahesh Poyyamozhi,https://en.wikipedia.org/wiki/Anbil_Mahesh_Poyyamozhi,True,,,
TN-142-AIADMK+,Tamil Nadu,Tiruchirappalli,142,Thiruverumbur,https://en.wikipedia.org/wiki/Thiruverumbur_Assembly_constituency,AIADMK+,AIADMK,https://en.wikipedia.org/wiki/All_India_Anna_Dravida_Munnetra_Kazhagam,P. Kumar,https://en.wikipedia.org/wiki/P._Kumar,True,,,
TN-143-SPA,Tamil Nadu,Tiruchirappalli,143,Lalgudi,https://en.wikipedia.org/wiki/Lalgudi_Assembly_constituency,SPA,DMK,https://en.wikipedia.org/wiki/Dravida_Munnetra_Kazhagam,T. Parivallal,,False,,,
TN-143-AIADMK+,Tamil Nadu,Tiruchirappalli,143,Lalgudi,https://en.wikipedia.org/wiki/Lalgudi_Assembly_constituency,AIADMK+,AIADMK,https://en.wikipedia.org/wiki/All_India_Anna_Dravida_Munnetra_Kazhagam,Leema Rose Martin,,False,,,
TN-144-SPA,Tamil Nadu,Tiruchirappalli,144,Manachanallur,https://en.wikipedia.org/wiki/Manachanallur_Assembly_constituency,SPA,DMK,https://en.wikipedia.org/wiki/Dravida_Munnetra_Kazhagam,S. Kathiravan,https://en.wikipedia.org/wiki/S._Kathiravan,True,,,
TN-144-AIADMK+,Tamil Nadu,Tiruchirappalli,144,Manachanallur,https://en.wikipedia.org/wiki/Manachanallur_Assembly_constituency,AIADMK+,AIADMK,https://en.wikipedia.org/wiki/All_India_Anna_Dravida_Munnetra_Kazhagam,R. V. Bharathan[k],https://en.wikipedia.org/wiki/2026_Tamil_Nadu_Legislative_Assembly_election#cite_note-STMK-132,True,,,
TN-145-SPA,Tamil Nadu,Tiruchirappalli,145,Musiri,https://en.wikipedia.org/wiki/Musiri_Assembly_constituency,SPA,DMK,https://en.wikipedia.org/wiki/Dravida_Munnetra_Kazhagam,N. S. N. Karunairaja,,False,,,
TN-145-AIADMK+,Tamil Nadu,Tiruchirappalli,145,Musiri,https://en.wikipedia.org/wiki/Musiri_Assembly_constituency,AIADMK+,AIADMK,https://en.wikipedia.org/wiki/All_India_Anna_Dravida_Munnetra_Kazhagam,N. Yoganathan,,False,,,
TN-146-SPA,Tamil Nadu,Tiruchirappalli,146,Thuraiyur(SC),https://en.wikipedia.org/wiki/Thuraiyur_Assembly_constituency,SPA,INC,https://en.wikipedia.org/wiki/Indian_National_Congress,M. Vichu Lenin Prasath,,False,,,
TN-146-AIADMK+,Tamil Nadu,Tiruchirappalli,146,Thuraiyur(SC),https://en.wikipedia.org/wiki/Thuraiyur_Assembly_constituency,AIADMK+,AIADMK,https://en.wikipedia.org/wiki/All_India_Anna_Dravida_Munnetra_Kazhagam,E. Suroja,,False,,,
TN-147-SPA,Tamil Nadu,Perambalur,147,Perambalur(SC),https://en.wikipedia.org/wiki/Perambalur_Assembly_constituency,SPA,DMK,https://en.wikipedia.org/wiki/Dravida_Munnetra_Kazhagam,S. D. Jayalakshmi,,False,,,
TN-147-AIADMK+,Tamil Nadu,Perambalur,147,Perambalur(SC),https://en.wikipedia.org/wiki/Perambalur_Assembly_constituency,AIADMK+,AIADMK,https://en.wikipedia.org/wiki/All_India_Anna_Dravida_Munnetra_Kazhagam,R. Thamizhselvan,https://en.wikipedia.org/wiki/R._Thamizhselvan,True,,,
TN-148-SPA,Tamil Nadu,Perambalur,148,Kunnam,https://en.wikipedia.org/wiki/Kunnam_Assembly_constituency,SPA,DMK,https://en.wikipedia.org/wiki/Dravida_Munnetra_Kazhagam,S. S. Sivasankar,https://en.wikipedia.org/wiki/S._S._Sivasankar,True,,,
TN-148-AIADMK+,Tamil Nadu,Perambalur,148,Kunnam,https://en.wikipedia.org/wiki/Kunnam_Assembly_constituency,AIADMK+,AIADMK,https://en.wikipedia.org/wiki/All_India_Anna_Dravida_Munnetra_Kazhagam,Saranya Anbazhagan[d],https://en.wikipedia.org/wiki/2026_Tamil_Nadu_Legislative_Assembly_election#cite_note-IJK-125,True,,,
TN-149-SPA,Tamil Nadu,Ariyalur,149,Ariyalur,https://en.wikipedia.org/wiki/Ariyalur_Assembly_constituency,SPA,DMK,https://en.wikipedia.org/wiki/Dravida_Munnetra_Kazhagam,Latha Balu,,False,,,
TN-149-AIADMK+,Tamil Nadu,Ariyalur,149,Ariyalur,https://en.wikipedia.org/wiki/Ariyalur_Assembly_constituency,AIADMK+,AIADMK,https://en.wikipedia.org/wiki/All_India_Anna_Dravida_Munnetra_Kazhagam,Thamarai S. Rajendran,"https://en.wikipedia.org/wiki/S._Rajendran_(AIADMK_politician,_Ariyalur)",True,,,
TN-150-SPA,Tamil Nadu,Ariyalur,150,Jayankondam,https://en.wikipedia.org/wiki/Jayankondam_Assembly_constituency,SPA,DMK,https://en.wikipedia.org/wiki/Dravida_Munnetra_Kazhagam,Ka. So. Ka. Kannan,https://en.wikipedia.org/wiki/Ka._So._Ka._Kannan,True,,,
TN-150-AIADMK+,Tamil Nadu,Ariyalur,150,Jayankondam,https://en.wikipedia.org/wiki/Jayankondam_Assembly_constituency,AIADMK+,PMK,https://en.wikipedia.org/wiki/Pattali_Makkal_Katchi,K. Vaithi,,False,,,
TN-151-SPA,Tamil Nadu,Cuddalore,151,Tittakudi(SC),https://en.wikipedia.org/wiki/Tittakudi_Assembly_constituency,SPA,DMK,https://en.wikipedia.org/wiki/Dravida_Munnetra_Kazhagam,C. V. Ganesan,https://en.wikipedia.org/wiki/C._V._Ganesan,True,,,
TN-151-AIADMK+,Tamil Nadu,Cuddalore,151,Tittakudi(SC),https://en.wikipedia.org/wiki/Tittakudi_Assembly_constituency,AIADMK+,AIADMK,https://en.wikipedia.org/wiki/All_India_Anna_Dravida_Munnetra_Kazhagam,N. Murugumaran,https://en.wikipedia.org/wiki/N._Murugumaran,True,,,
TN-152-SPA,Tamil Nadu,Cuddalore,152,Virudhachalam,https://en.wikipedia.org/wiki/Virudhachalam_Assembly_constituency,SPA,DMDK,https://en.wikipedia.org/wiki/Desiya_Murpokku_Dravida_Kazhagam,Premalatha Vijayakhanth,,False,,,
TN-152-AIADMK+,Tamil Nadu,Cuddalore,152,Virudhachalam,https://en.wikipedia.org/wiki/Virudhachalam_Assembly_constituency,AIADMK+,PMK,https://en.wikipedia.org/wiki/Pattali_Makkal_Katchi,Tamilarasi Adhimoolam,,False,,,
TN-153-SPA,Tamil Nadu,Cuddalore,153,Neyveli,https://en.wikipedia.org/wiki/Neyveli_Assembly_constituency,SPA,DMK,https://en.wikipedia.org/wiki/Dravida_Munnetra_Kazhagam,Saba. Rajendran,https://en.wikipedia.org/wiki/Saba._Rajendran,True,,,
TN-153-AIADMK+,Tamil Nadu,Cuddalore,153,Neyveli,https://en.wikipedia.org/wiki/Neyveli_Assembly_constituency,AIADMK+,AIADMK,https://en.wikipedia.org/wiki/All_India_Anna_Dravida_Munnetra_Kazhagam,Sorathur R. Rajendran,https://en.wikipedia.org/wiki/Sorathur_R._Rajendran,True,,,
TN-154-SPA,Tamil Nadu,Cuddalore,154,Panruti,https://en.wikipedia.org/wiki/Panruti_Assembly_constituency,SPA,VCK,https://en.wikipedia.org/wiki/Viduthalai_Chiruthaigal_Katchi,Abdul Rahman,,False,,,
TN-154-AIADMK+,Tamil Nadu,Cuddalore,154,Panruti,https://en.wikipedia.org/wiki/Panruti_Assembly_constituency,AIADMK+,AIADMK,https://en.wikipedia.org/wiki/All_India_Anna_Dravida_Munnetra_Kazhagam,K. Mohan,,False,,,
TN-155-SPA,Tamil Nadu,Cuddalore,155,Cuddalore,https://en.wikipedia.org/wiki/Cuddalore_Assembly_constituency,SPA,INC,https://en.wikipedia.org/wiki/Indian_National_Congress,A. S. Chandrashekhar,,False,,,
TN-155-AIADMK+,Tamil Nadu,Cuddalore,155,Cuddalore,https://en.wikipedia.org/wiki/Cuddalore_Assembly_constituency,AIADMK+,AIADMK,https://en.wikipedia.org/wiki/All_India_Anna_Dravida_Munnetra_Kazhagam,M. C. Sampath,https://en.wikipedia.org/wiki/M._C._Sampath,True,,,
TN-156-SPA,Tamil Nadu,Cuddalore,156,Kurinjipadi,https://en.wikipedia.org/wiki/Kurinjipadi_Assembly_constituency,SPA,DMK,https://en.wikipedia.org/wiki/Dravida_Munnetra_Kazhagam,M. R. K. Panneerselvam,https://en.wikipedia.org/wiki/M._R._K._Panneerselvam,True,,,
TN-156-AIADMK+,Tamil Nadu,Cuddalore,156,Kurinjipadi,https://en.wikipedia.org/wiki/Kurinjipadi_Assembly_constituency,AIADMK+,AIADMK,https://en.wikipedia.org/wiki/All_India_Anna_Dravida_Munnetra_Kazhagam,A. Bhuvanendhran,,False,,,
TN-157-SPA,Tamil Nadu,Cuddalore,157,Bhuvanagiri,https://en.wikipedia.org/wiki/Bhuvanagiri_Assembly_constituency,SPA,DMK,https://en.wikipedia.org/wiki/Dravida_Munnetra_Kazhagam,Durai K. Saravana,,False,,,
TN-157-AIADMK+,Tamil Nadu,Cuddalore,157,Bhuvanagiri,https://en.wikipedia.org/wiki/Bhuvanagiri_Assembly_constituency,AIADMK+,AIADMK,https://en.wikipedia.org/wiki/All_India_Anna_Dravida_Munnetra_Kazhagam,A. Arunmozhithevan,https://en.wikipedia.org/wiki/A._Arunmozhithevan,True,,,
TN-158-SPA,Tamil Nadu,Cuddalore,158,Chidambaram,https://en.wikipedia.org/wiki/Chidambaram_Assembly_constituency,SPA,DMK,https://en.wikipedia.org/wiki/Dravida_Munnetra_Kazhagam,Thamimun Ansari[l],https://en.wikipedia.org/wiki/Thamimun_Ansari,True,,,
TN-158-AIADMK+,Tamil Nadu,Cuddalore,158,Chidambaram,https://en.wikipedia.org/wiki/Chidambaram_Assembly_constituency,AIADMK+,AIADMK,https://en.wikipedia.org/wiki/All_India_Anna_Dravida_Munnetra_Kazhagam,K. A. Pandian,https://en.wikipedia.org/wiki/K._A._Pandian,True,,,
TN-159-SPA,Tamil Nadu,Cuddalore,159,Kattumannarkoil(SC),https://en.wikipedia.org/wiki/Kattumannarkoil_Assembly_constituency,SPA,VCK,https://en.wikipedia.org/wiki/Viduthalai_Chiruthaigal_Katchi,Jothimani Ilayaperumal,,False,,,
TN-159-AIADMK+,Tamil Nadu,Cuddalore,159,Kattumannarkoil(SC),https://en.wikipedia.org/wiki/Kattumannarkoil_Assembly_constituency,AIADMK+,PMK,https://en.wikipedia.org/wiki/Pattali_Makkal_Katchi,Anbu Cholan,,False,,,
TN-160-SPA,Tamil Nadu,Mayiladuthurai,160,Sirkazhi(SC),https://en.wikipedia.org/wiki/Sirkazhi_Assembly_constituency,SPA,DMK,https://en.wikipedia.org/wiki/Dravida_Munnetra_Kazhagam,Senthil Selvan[h],https://en.wikipedia.org/wiki/2026_Tamil_Nadu_Legislative_Assembly_election#cite_note-MDMK-129,True,,,
TN-160-AIADMK+,Tamil Nadu,Mayiladuthurai,160,Sirkazhi(SC),https://en.wikipedia.org/wiki/Sirkazhi_Assembly_constituency,AIADMK+,AIADMK,https://en.wikipedia.org/wiki/All_India_Anna_Dravida_Munnetra_Kazhagam,M. Sakthi,https://en.wikipedia.org/wiki/M._Sakthi_(Sirkazhi_MLA),True,,,
TN-161-SPA,Tamil Nadu,Mayiladuthurai,161,Mayiladuthurai,https://en.wikipedia.org/wiki/Mayiladuthurai_Assembly_constituency,SPA,INC,https://en.wikipedia.org/wiki/Indian_National_Congress,Jamal Yunus Muhammed,,False,,,
TN-161-AIADMK+,Tamil Nadu,Mayiladuthurai,161,Mayiladuthurai,https://en.wikipedia.org/wiki/Mayiladuthurai_Assembly_constituency,AIADMK+,PMK,https://en.wikipedia.org/wiki/Pattali_Makkal_Katchi,S. A. Palanichamy,,False,,,
TN-162-SPA,Tamil Nadu,Mayiladuthurai,162,Poompuhar,https://en.wikipedia.org/wiki/Poompuhar_Assembly_constituency,SPA,DMK,https://en.wikipedia.org/wiki/Dravida_Munnetra_Kazhagam,Nivedha M. Murugan,https://en.wikipedia.org/wiki/Nivedha_M._Murugan,True,,,
TN-162-AIADMK+,Tamil Nadu,Mayiladuthurai,162,Poompuhar,https://en.wikipedia.org/wiki/Poompuhar_Assembly_constituency,AIADMK+,AIADMK,https://en.wikipedia.org/wiki/All_India_Anna_Dravida_Munnetra_Kazhagam,S. Pavunraj,https://en.wikipedia.org/wiki/S._Pavunraj,True,,,
TN-163-SPA,Tamil Nadu,Nagapattinam,163,Nagapattinam,https://en.wikipedia.org/wiki/Nagapattinam_Assembly_constituency,SPA,DMK,https://en.wikipedia.org/wiki/Dravida_Munnetra_Kazhagam,M. H. Jawahirullah[j],https://en.wikipedia.org/wiki/M._H._Jawahirullah,True,,,
TN-163-AIADMK+,Tamil Nadu,Nagapattinam,163,Nagapattinam,https://en.wikipedia.org/wiki/Nagapattinam_Assembly_constituency,AIADMK+,AIADMK,https://en.wikipedia.org/wiki/All_India_Anna_Dravida_Munnetra_Kazhagam,Thanga Kathiravan,,False,,,
TN-164-SPA,Tamil Nadu,Nagapattinam,164,Kilvelur(SC),https://en.wikipedia.org/wiki/Kilvelur_Assembly_constituency,SPA,CPI(M),https://en.wikipedia.org/wiki/Communist_Party_of_India_(Marxist),D. Latha,,False,,,
TN-164-AIADMK+,Tamil Nadu,Nagapattinam,164,Kilvelur(SC),https://en.wikipedia.org/wiki/Kilvelur_Assembly_constituency,AIADMK+,PMK,https://en.wikipedia.org/wiki/Pattali_Makkal_Katchi,Vadivel Ravanan,,False,,,
TN-165-SPA,Tamil Nadu,Nagapattinam,165,Vedaranyam,https://en.wikipedia.org/wiki/Vedaranyam_Assembly_constituency,SPA,DMK,https://en.wikipedia.org/wiki/Dravida_Munnetra_Kazhagam,Ma.Me. Pugazhendhi,,False,,,
TN-165-AIADMK+,Tamil Nadu,Nagapattinam,165,Vedaranyam,https://en.wikipedia.org/wiki/Vedaranyam_Assembly_constituency,AIADMK+,AIADMK,https://en.wikipedia.org/wiki/All_India_Anna_Dravida_Munnetra_Kazhagam,O. S. Manian,https://en.wikipedia.org/wiki/O._S._Manian,True,,,
TN-166-SPA,Tamil Nadu,Tiruvarur,166,Thiruthuraipoondi(SC),https://en.wikipedia.org/wiki/Thiruthuraipoondi_Assembly_constituency,SPA,CPI,https://en.wikipedia.org/wiki/Communist_Party_of_India,K. Marimuthu,https://en.wikipedia.org/wiki/K._Marimuthu,True,,,
TN-166-AIADMK+,Tamil Nadu,Tiruvarur,166,Thiruthuraipoondi(SC),https://en.wikipedia.org/wiki/Thiruthuraipoondi_Assembly_constituency,AIADMK+,AIADMK,https://en.wikipedia.org/wiki/All_India_Anna_Dravida_Munnetra_Kazhagam,U. Paladhandayutham,,False,,,
TN-167-SPA,Tamil Nadu,Tiruvarur,167,Mannargudi,https://en.wikipedia.org/wiki/Mannargudi_Assembly_constituency,SPA,DMK,https://en.wikipedia.org/wiki/Dravida_Munnetra_Kazhagam,T. R. B. Rajaa,https://en.wikipedia.org/wiki/T._R._B._Rajaa,True,,,
TN-167-AIADMK+,Tamil Nadu,Tiruvarur,167,Mannargudi,https://en.wikipedia.org/wiki/Mannargudi_Assembly_constituency,AIADMK+,AMMK,https://en.wikipedia.org/wiki/Amma_Makkal_Munnetra_Kazhagam,S. Kamaraj,https://en.wikipedia.org/wiki/S._Kamaraj,True,,,
TN-168-SPA,Tamil Nadu,Tiruvarur,168,Thiruvarur,https://en.wikipedia.org/wiki/Tiruvarur_Assembly_constituency,SPA,DMK,https://en.wikipedia.org/wiki/Dravida_Munnetra_Kazhagam,K. Poondi Kalaivanan,https://en.wikipedia.org/wiki/K._Poondi_Kalaivanan,True,,,
TN-168-AIADMK+,Tamil Nadu,Tiruvarur,168,Thiruvarur,https://en.wikipedia.org/wiki/Tiruvarur_Assembly_constituency,AIADMK+,BJP,https://en.wikipedia.org/wiki/Bharatiya_Janata_Party,Govi Chandru,,False,,,
TN-169-SPA,Tamil Nadu,Tiruvarur,169,Nannilam,https://en.wikipedia.org/wiki/Nannilam_Assembly_constituency,SPA,DMK,https://en.wikipedia.org/wiki/Dravida_Munnetra_Kazhagam,V. M. S. Mohammed Mubarak[m],https://en.wikipedia.org/wiki/2026_Tamil_Nadu_Legislative_Assembly_election#cite_note-SDPI-134,True,,,
TN-169-AIADMK+,Tamil Nadu,Tiruvarur,169,Nannilam,https://en.wikipedia.org/wiki/Nannilam_Assembly_constituency,AIADMK+,AIADMK,https://en.wikipedia.org/wiki/All_India_Anna_Dravida_Munnetra_Kazhagam,R. Kamaraj,https://en.wikipedia.org/wiki/R._Kamaraj,True,,,
TN-170-SPA,Tamil Nadu,Thanjavur,170,Thiruvidaimarudur(SC),https://en.wikipedia.org/wiki/Thiruvidamarudur_Assembly_constituency,SPA,DMK,https://en.wikipedia.org/wiki/Dravida_Munnetra_Kazhagam,Govi. Chezian,https://en.wikipedia.org/wiki/Govi._Chezian,True,,,
TN-170-AIADMK+,Tamil Nadu,Thanjavur,170,Thiruvidaimarudur(SC),https://en.wikipedia.org/wiki/Thiruvidamarudur_Assembly_constituency,AIADMK+,AIADMK,https://en.wikipedia.org/wiki/All_India_Anna_Dravida_Munnetra_Kazhagam,Ilamathi Subramanian,https://en.wikipedia.org/wiki/Ilamathi_Subramanian,True,,,
TN-171-SPA,Tamil Nadu,Thanjavur,171,Kumbakonam,https://en.wikipedia.org/wiki/Kumbakonam_Assembly_constituency,SPA,DMK,https://en.wikipedia.org/wiki/Dravida_Munnetra_Kazhagam,G. Anbalagan,https://en.wikipedia.org/wiki/G._Anbalagan,True,,,
TN-171-AIADMK+,Tamil Nadu,Thanjavur,171,Kumbakonam,https://en.wikipedia.org/wiki/Kumbakonam_Assembly_constituency,AIADMK+,BJP,https://en.wikipedia.org/wiki/Bharatiya_Janata_Party,M. K. R. Ashok Kumar[e],https://en.wikipedia.org/wiki/2026_Tamil_Nadu_Legislative_Assembly_election#cite_note-TMC(M)-126,True,,,
TN-172-SPA,Tamil Nadu,Thanjavur,172,Papanasam,https://en.wikipedia.org/wiki/Papanasam_Assembly_constituency,SPA,IUML,https://en.wikipedia.org/wiki/Indian_Union_Muslim_League,A. M. Shahjahan,,False,,,
TN-172-AIADMK+,Tamil Nadu,Thanjavur,172,Papanasam,https://en.wikipedia.org/wiki/Papanasam_Assembly_constituency,AIADMK+,AIADMK,https://en.wikipedia.org/wiki/All_India_Anna_Dravida_Munnetra_Kazhagam,D. Shanmugaprabhu,,False,,,
TN-173-SPA,Tamil Nadu,Thanjavur,173,Thiruvaiyaru,https://en.wikipedia.org/wiki/Tiruvaiyaru_Assembly_constituency,SPA,DMK,https://en.wikipedia.org/wiki/Dravida_Munnetra_Kazhagam,Durai. Chandrashekhar,https://en.wikipedia.org/wiki/Durai._Chandrashekhar,True,,,
TN-173-AIADMK+,Tamil Nadu,Thanjavur,173,Thiruvaiyaru,https://en.wikipedia.org/wiki/Tiruvaiyaru_Assembly_constituency,AIADMK+,AMMK,https://en.wikipedia.org/wiki/Amma_Makkal_Munnetra_Kazhagam,V. Karthikeyan,,False,,,
TN-174-SPA,Tamil Nadu,Thanjavur,174,Thanjavur,https://en.wikipedia.org/wiki/Thanjavur_Assembly_constituency,SPA,DMK,https://en.wikipedia.org/wiki/Dravida_Munnetra_Kazhagam,Ramanathan,,False,,,
TN-174-AIADMK+,Tamil Nadu,Thanjavur,174,Thanjavur,https://en.wikipedia.org/wiki/Thanjavur_Assembly_constituency,AIADMK+,BJP,https://en.wikipedia.org/wiki/Bharatiya_Janata_Party,M. Muruganantham,,False,,,
TN-175-SPA,Tamil Nadu,Thanjavur,175,Orathanadu,https://en.wikipedia.org/wiki/Orathanad_Assembly_constituency,SPA,DMK,https://en.wikipedia.org/wiki/Dravida_Munnetra_Kazhagam,R. Vaithialingam,https://en.wikipedia.org/wiki/R._Vaithialingam,True,,,
TN-175-AIADMK+,Tamil Nadu,Thanjavur,175,Orathanadu,https://en.wikipedia.org/wiki/Orathanad_Assembly_constituency,AIADMK+,AIADMK,https://en.wikipedia.org/wiki/All_India_Anna_Dravida_Munnetra_Kazhagam,M. Sekar,,False,,,
TN-176-SPA,Tamil Nadu,Thanjavur,176,Pattukkottai,https://en.wikipedia.org/wiki/Pattukkottai_Assembly_constituency,SPA,DMK,https://en.wikipedia.org/wiki/Dravida_Munnetra_Kazhagam,K. Annadurai,https://en.wikipedia.org/wiki/K._Annadurai,True,,,
TN-176-AIADMK+,Tamil Nadu,Thanjavur,176,Pattukkottai,https://en.wikipedia.org/wiki/Pattukkottai_Assembly_constituency,AIADMK+,AIADMK,https://en.wikipedia.org/wiki/All_India_Anna_Dravida_Munnetra_Kazhagam,C. V. Sekar,,False,,,
TN-177-SPA,Tamil Nadu,Thanjavur,177,Peravurani,https://en.wikipedia.org/wiki/Peravurani_Assembly_constituency,SPA,DMK,https://en.wikipedia.org/wiki/Dravida_Munnetra_Kazhagam,N. Ashokkumar,https://en.wikipedia.org/wiki/Peravurani_N._Ashokkumar,True,,,
TN-177-AIADMK+,Tamil Nadu,Thanjavur,177,Peravurani,https://en.wikipedia.org/wiki/Peravurani_Assembly_constituency,AIADMK+,AIADMK,https://en.wikipedia.org/wiki/All_India_Anna_Dravida_Munnetra_Kazhagam,Govi Ilango,,False,,,
TN-178-SPA,Tamil Nadu,Pudukkottai,178,Gandarvakottai(SC),https://en.wikipedia.org/wiki/Gandarvakottai_Assembly_constituency,SPA,CPI(M),https://en.wikipedia.org/wiki/Communist_Party_of_India_(Marxist),M. Chinndadurai,,False,,,
TN-178-AIADMK+,Tamil Nadu,Pudukkottai,178,Gandarvakottai(SC),https://en.wikipedia.org/wiki/Gandarvakottai_Assembly_constituency,AIADMK+,BJP,https://en.wikipedia.org/wiki/Bharatiya_Janata_Party,C. Udhayakumar,,False,,,
TN-179-SPA,Tamil Nadu,Pudukkottai,179,Viralimalai,https://en.wikipedia.org/wiki/Viralimalai_Assembly_constituency,SPA,DMK,https://en.wikipedia.org/wiki/Dravida_Munnetra_Kazhagam,K. K. Chellapandian,,False,,,
TN-179-AIADMK+,Tamil Nadu,Pudukkottai,179,Viralimalai,https://en.wikipedia.org/wiki/Viralimalai_Assembly_constituency,AIADMK+,AIADMK,https://en.wikipedia.org/wiki/All_India_Anna_Dravida_Munnetra_Kazhagam,C. Vijayabhaskar,https://en.wikipedia.org/wiki/C._Vijayabhaskar,True,,,
TN-180-SPA,Tamil Nadu,Pudukkottai,180,Pudukkottai,https://en.wikipedia.org/wiki/Pudukkottai_Assembly_constituency,SPA,DMK,https://en.wikipedia.org/wiki/Dravida_Munnetra_Kazhagam,V. Muthuraja,https://en.wikipedia.org/wiki/V._Muthuraja,True,,,
TN-180-AIADMK+,Tamil Nadu,Pudukkottai,180,Pudukkottai,https://en.wikipedia.org/wiki/Pudukkottai_Assembly_constituency,AIADMK+,BJP,https://en.wikipedia.org/wiki/Bharatiya_Janata_Party,N. Ramachandran,,False,,,
TN-181-SPA,Tamil Nadu,Pudukkottai,181,Thirumayam,https://en.wikipedia.org/wiki/Tirumayam_Assembly_constituency,SPA,DMK,https://en.wikipedia.org/wiki/Dravida_Munnetra_Kazhagam,S. Regupathy,https://en.wikipedia.org/wiki/S._Regupathy,True,,,
TN-181-AIADMK+,Tamil Nadu,Pudukkottai,181,Thirumayam,https://en.wikipedia.org/wiki/Tirumayam_Assembly_constituency,AIADMK+,AIADMK,https://en.wikipedia.org/wiki/All_India_Anna_Dravida_Munnetra_Kazhagam,P. K. Vairamuthu,https://en.wikipedia.org/wiki/P._K._Vairamuthu,True,,,
TN-182-SPA,Tamil Nadu,Pudukkottai,182,Alangudi,https://en.wikipedia.org/wiki/Alangudi_Assembly_constituency,SPA,DMK,https://en.wikipedia.org/wiki/Dravida_Munnetra_Kazhagam,Siva V. Meyyanathan,https://en.wikipedia.org/wiki/Siva_V._Meyyanathan,True,,,
TN-182-AIADMK+,Tamil Nadu,Pudukkottai,182,Alangudi,https://en.wikipedia.org/wiki/Alangudi_Assembly_constituency,AIADMK+,AIADMK,https://en.wikipedia.org/wiki/All_India_Anna_Dravida_Munnetra_Kazhagam,D. Vimal,,False,,,
TN-183-SPA,Tamil Nadu,Pudukkottai,183,Aranthangi,https://en.wikipedia.org/wiki/Arantangi_Assembly_constituency,SPA,INC,https://en.wikipedia.org/wiki/Indian_National_Congress,T. Ramachandran,https://en.wikipedia.org/wiki/T._Ramachandran_(INC_politician),True,,,
TN-183-AIADMK+,Tamil Nadu,Pudukkottai,183,Aranthangi,https://en.wikipedia.org/wiki/Arantangi_Assembly_constituency,AIADMK+,BJP,https://en.wikipedia.org/wiki/Bharatiya_Janata_Party,Kavitha Srikanth,,False,,,
TN-184-SPA,Tamil Nadu,Sivaganga,184,Karaikudi,https://en.wikipedia.org/wiki/Karaikudi_Assembly_constituency,SPA,INC,https://en.wikipedia.org/wiki/Indian_National_Congress,S. Mangudi,https://en.wikipedia.org/wiki/S._Mangudi,True,,,
TN-184-AIADMK+,Tamil Nadu,Sivaganga,184,Karaikudi,https://en.wikipedia.org/wiki/Karaikudi_Assembly_constituency,AIADMK+,AMMK,https://en.wikipedia.org/wiki/Amma_Makkal_Munnetra_Kazhagam,Dherpoki V. Pandi,,False,,,
TN-185-SPA,Tamil Nadu,Sivaganga,185,Tiruppattur,"https://en.wikipedia.org/wiki/Tiruppattur,_Sivaganga_Assembly_constituency",SPA,DMK,https://en.wikipedia.org/wiki/Dravida_Munnetra_Kazhagam,K. R. Periyakaruppan,https://en.wikipedia.org/wiki/K._R._Periyakaruppan,True,,,
TN-185-AIADMK+,Tamil Nadu,Sivaganga,185,Tiruppattur,"https://en.wikipedia.org/wiki/Tiruppattur,_Sivaganga_Assembly_constituency",AIADMK+,BJP,https://en.wikipedia.org/wiki/Bharatiya_Janata_Party,K. C. Thirumaran[n],https://en.wikipedia.org/wiki/2026_Tamil_Nadu_Legislative_Assembly_election#cite_note-SIFB-135,True,,,
TN-186-SPA,Tamil Nadu,Sivaganga,186,Sivaganga,https://en.wikipedia.org/wiki/Sivaganga_Assembly_constituency,SPA,DMK,https://en.wikipedia.org/wiki/Dravida_Munnetra_Kazhagam,Karunas[o],https://en.wikipedia.org/wiki/Karunas,True,,,
TN-186-AIADMK+,Tamil Nadu,Sivaganga,186,Sivaganga,https://en.wikipedia.org/wiki/Sivaganga_Assembly_constituency,AIADMK+,AIADMK,https://en.wikipedia.org/wiki/All_India_Anna_Dravida_Munnetra_Kazhagam,P. R. Senthilnathan,https://en.wikipedia.org/wiki/P._R._Senthilnathan,True,,,
TN-187-SPA,Tamil Nadu,Sivaganga,187,Manamadurai(SC),https://en.wikipedia.org/wiki/Manamadurai_Assembly_constituency,SPA,DMK,https://en.wikipedia.org/wiki/Dravida_Munnetra_Kazhagam,A. Tamilarasi,https://en.wikipedia.org/wiki/A._Tamilarasi,True,,,
TN-187-AIADMK+,Tamil Nadu,Sivaganga,187,Manamadurai(SC),https://en.wikipedia.org/wiki/Manamadurai_Assembly_constituency,AIADMK+,BJP,https://en.wikipedia.org/wiki/Bharatiya_Janata_Party,Pon V. Balaganapathy,,False,,,
TN-188-SPA,Tamil Nadu,Madurai,188,Melur,https://en.wikipedia.org/wiki/Melur_Assembly_constituency,SPA,INC,https://en.wikipedia.org/wiki/Indian_National_Congress,P. Viswanathan,https://en.wikipedia.org/wiki/P._Viswanathan,True,,,
TN-188-AIADMK+,Tamil Nadu,Madurai,188,Melur,https://en.wikipedia.org/wiki/Melur_Assembly_constituency,AIADMK+,AIADMK,https://en.wikipedia.org/wiki/All_India_Anna_Dravida_Munnetra_Kazhagam,Periyapullan alias Selvam,https://en.wikipedia.org/wiki/Periyapullan_alias_Selvam,True,,,
TN-189-SPA,Tamil Nadu,Madurai,189,Madurai East,https://en.wikipedia.org/wiki/Madurai_East_Assembly_constituency,SPA,DMK,https://en.wikipedia.org/wiki/Dravida_Munnetra_Kazhagam,P. Moorthy,https://en.wikipedia.org/wiki/P._Moorthy,True,,,
TN-189-AIADMK+,Tamil Nadu,Madurai,189,Madurai East,https://en.wikipedia.org/wiki/Madurai_East_Assembly_constituency,AIADMK+,AIADMK,https://en.wikipedia.org/wiki/All_India_Anna_Dravida_Munnetra_Kazhagam,K. Mahendran,,False,,,
TN-190-SPA,Tamil Nadu,Madurai,190,Sholavandan(SC),https://en.wikipedia.org/wiki/Sholavandan_Assembly_constituency,SPA,DMK,https://en.wikipedia.org/wiki/Dravida_Munnetra_Kazhagam,A. Venkatesan,https://en.wikipedia.org/wiki/A._Venkatesan,True,,,
TN-190-AIADMK+,Tamil Nadu,Madurai,190,Sholavandan(SC),https://en.wikipedia.org/wiki/Sholavandan_Assembly_constituency,AIADMK+,AIADMK,https://en.wikipedia.org/wiki/All_India_Anna_Dravida_Munnetra_Kazhagam,K. Manickam,https://en.wikipedia.org/wiki/K._Manickam,True,,,
TN-191-SPA,Tamil Nadu,Madurai,191,Madurai North,https://en.wikipedia.org/wiki/Madurai_North_Assembly_constituency,SPA,DMK,https://en.wikipedia.org/wiki/Dravida_Munnetra_Kazhagam,G. Thalapathy,https://en.wikipedia.org/wiki/G._Thalapathy,True,,,
TN-191-AIADMK+,Tamil Nadu,Madurai,191,Madurai North,https://en.wikipedia.org/wiki/Madurai_North_Assembly_constituency,AIADMK+,AIADMK,https://en.wikipedia.org/wiki/All_India_Anna_Dravida_Munnetra_Kazhagam,P. Saravanan,https://en.wikipedia.org/wiki/P._Saravanan,True,,,
TN-192-SPA,Tamil Nadu,Madurai,192,Madurai South,https://en.wikipedia.org/wiki/Madurai_South_Assembly_constituency,SPA,DMK,https://en.wikipedia.org/wiki/Dravida_Munnetra_Kazhagam,M. Boominathan[h],https://en.wikipedia.org/wiki/M._Boominathan,True,,,
TN-192-AIADMK+,Tamil Nadu,Madurai,192,Madurai South,https://en.wikipedia.org/wiki/Madurai_South_Assembly_constituency,AIADMK+,BJP,https://en.wikipedia.org/wiki/Bharatiya_Janata_Party,Raama Sreenivasan,,False,,,
TN-193-SPA,Tamil Nadu,Madurai,193,Madurai Central,https://en.wikipedia.org/wiki/Madurai_Central_Assembly_constituency,SPA,DMK,https://en.wikipedia.org/wiki/Dravida_Munnetra_Kazhagam,Palanivel Thiaga Rajan,https://en.wikipedia.org/wiki/Palanivel_Thiaga_Rajan,True,,,
TN-193-AIADMK+,Tamil Nadu,Madurai,193,Madurai Central,https://en.wikipedia.org/wiki/Madurai_Central_Assembly_constituency,AIADMK+,AIADMK,https://en.wikipedia.org/wiki/All_India_Anna_Dravida_Munnetra_Kazhagam,Sundar C[p],https://en.wikipedia.org/wiki/Sundar_C,True,,,
TN-194-SPA,Tamil Nadu,Madurai,194,Madurai West,https://en.wikipedia.org/wiki/Madurai_West_Assembly_constituency,SPA,DMK,https://en.wikipedia.org/wiki/Dravida_Munnetra_Kazhagam,Raghu Balaji,,False,,,
TN-194-AIADMK+,Tamil Nadu,Madurai,194,Madurai West,https://en.wikipedia.org/wiki/Madurai_West_Assembly_constituency,AIADMK+,AIADMK,https://en.wikipedia.org/wiki/All_India_Anna_Dravida_Munnetra_Kazhagam,Sellur K. Raju,https://en.wikipedia.org/wiki/Sellur_K._Raju,True,,,
TN-195-SPA,Tamil Nadu,Madurai,195,Thiruparankundram,https://en.wikipedia.org/wiki/Thiruparankundram_Assembly_constituency,SPA,DMK,https://en.wikipedia.org/wiki/Dravida_Munnetra_Kazhagam,S. Keerthiga Thangapandi,,False,,,
TN-195-AIADMK+,Tamil Nadu,Madurai,195,Thiruparankundram,https://en.wikipedia.org/wiki/Thiruparankundram_Assembly_constituency,AIADMK+,AIADMK,https://en.wikipedia.org/wiki/All_India_Anna_Dravida_Munnetra_Kazhagam,V. V. Rajan Chellappa,https://en.wikipedia.org/wiki/V._V._Rajan_Chellappa,True,,,
TN-196-SPA,Tamil Nadu,Madurai,196,Thirumangalam,https://en.wikipedia.org/wiki/Thirumangalam_Assembly_constituency,SPA,DMK,https://en.wikipedia.org/wiki/Dravida_Munnetra_Kazhagam,M. Manimaran,https://en.wikipedia.org/wiki/M._Manimaran,True,,,
TN-196-AIADMK+,Tamil Nadu,Madurai,196,Thirumangalam,https://en.wikipedia.org/wiki/Thirumangalam_Assembly_constituency,AIADMK+,AIADMK,https://en.wikipedia.org/wiki/All_India_Anna_Dravida_Munnetra_Kazhagam,R. B. Udhayakumar,https://en.wikipedia.org/wiki/R._B._Udhayakumar,True,,,
TN-197-SPA,Tamil Nadu,Madurai,197,Usilampatti,https://en.wikipedia.org/wiki/Usilampatti_Assembly_constituency,SPA,INC,https://en.wikipedia.org/wiki/Indian_National_Congress,T. Saravanakumar,,False,,,
TN-197-AIADMK+,Tamil Nadu,Madurai,197,Usilampatti,https://en.wikipedia.org/wiki/Usilampatti_Assembly_constituency,AIADMK+,AIADMK,https://en.wikipedia.org/wiki/All_India_Anna_Dravida_Munnetra_Kazhagam,I. Mahendran,https://en.wikipedia.org/wiki/I._Mahendran,True,,,
TN-198-SPA,Tamil Nadu,Theni,198,Andipatti,https://en.wikipedia.org/wiki/Andipatti_Assembly_constituency,SPA,DMK,https://en.wikipedia.org/wiki/Dravida_Munnetra_Kazhagam,A. Maharajan,https://en.wikipedia.org/wiki/A._Maharajan,True,,,
TN-198-AIADMK+,Tamil Nadu,Theni,198,Andipatti,https://en.wikipedia.org/wiki/Andipatti_Assembly_constituency,AIADMK+,AIADMK,https://en.wikipedia.org/wiki/All_India_Anna_Dravida_Munnetra_Kazhagam,A. Logirajan,,False,,,
TN-199-SPA,Tamil Nadu,Theni,199,Periyakulam(SC),https://en.wikipedia.org/wiki/Periyakulam_Assembly_constituency,SPA,VCK,https://en.wikipedia.org/wiki/Viduthalai_Chiruthaigal_Katchi,Attral Arasu,,False,,,
TN-199-AIADMK+,Tamil Nadu,Theni,199,Periyakulam(SC),https://en.wikipedia.org/wiki/Periyakulam_Assembly_constituency,AIADMK+,AMMK,https://en.wikipedia.org/wiki/Amma_Makkal_Munnetra_Kazhagam,K. Kathirkamu,https://en.wikipedia.org/wiki/K._Kathirkamu,True,,,
TN-200-SPA,Tamil Nadu,Theni,200,Bodinayakanur,https://en.wikipedia.org/wiki/Bodinayakkanur_Assembly_constituency,SPA,DMK,https://en.wikipedia.org/wiki/Dravida_Munnetra_Kazhagam,O. Panneerselvam,https://en.wikipedia.org/wiki/O._Panneerselvam,True,,,
TN-200-AIADMK+,Tamil Nadu,Theni,200,Bodinayakanur,https://en.wikipedia.org/wiki/Bodinayakkanur_Assembly_constituency,AIADMK+,AIADMK,https://en.wikipedia.org/wiki/All_India_Anna_Dravida_Munnetra_Kazhagam,V. T. Narayansamy,,False,,,
TN-201-SPA,Tamil Nadu,Theni,201,Cumbum,https://en.wikipedia.org/wiki/Cumbum_Assembly_constituency,SPA,DMK,https://en.wikipedia.org/wiki/Dravida_Munnetra_Kazhagam,N. Eramakrishnan,https://en.wikipedia.org/wiki/N._Eramakrishnan,True,,,
TN-201-AIADMK+,Tamil Nadu,Theni,201,Cumbum,https://en.wikipedia.org/wiki/Cumbum_Assembly_constituency,AIADMK+,AIADMK,https://en.wikipedia.org/wiki/All_India_Anna_Dravida_Munnetra_Kazhagam,S. T. K. Jakkaiyan,https://en.wikipedia.org/wiki/S._T._K._Jakkaiyan,True,,,
TN-202-SPA,Tamil Nadu,Virudhunagar,202,Rajapalayam,https://en.wikipedia.org/wiki/Rajapalayam_Assembly_constituency,SPA,DMK,https://en.wikipedia.org/wiki/Dravida_Munnetra_Kazhagam,S. Thanga Pandian,https://en.wikipedia.org/wiki/S._Thanga_Pandian,True,,,
TN-202-AIADMK+,Tamil Nadu,Virudhunagar,202,Rajapalayam,https://en.wikipedia.org/wiki/Rajapalayam_Assembly_constituency,AIADMK+,BJP,https://en.wikipedia.org/wiki/Bharatiya_Janata_Party,Priscilla Pandian[q],https://en.wikipedia.org/wiki/2026_Tamil_Nadu_Legislative_Assembly_election#cite_note-TMMK-138,True,,,
TN-203-SPA,Tamil Nadu,Virudhunagar,203,Srivilliputhur(SC),https://en.wikipedia.org/wiki/Srivilliputhur_Assembly_constituency,SPA,CPI,https://en.wikipedia.org/wiki/Communist_Party_of_India,P. Mahalingam,,False,,,
TN-203-AIADMK+,Tamil Nadu,Virudhunagar,203,Srivilliputhur(SC),https://en.wikipedia.org/wiki/Srivilliputhur_Assembly_constituency,AIADMK+,AIADMK,https://en.wikipedia.org/wiki/All_India_Anna_Dravida_Munnetra_Kazhagam,M. Chandra Prabha,https://en.wikipedia.org/wiki/M._Chandra_Prabha,True,,,
TN-204-SPA,Tamil Nadu,Virudhunagar,204,Sattur,https://en.wikipedia.org/wiki/Sattur_Assembly_constituency,SPA,DMK,https://en.wikipedia.org/wiki/Dravida_Munnetra_Kazhagam,A. Kadarkarairaj,,False,,,
TN-204-AIADMK+,Tamil Nadu,Virudhunagar,204,Sattur,https://en.wikipedia.org/wiki/Sattur_Assembly_constituency,AIADMK+,BJP,https://en.wikipedia.org/wiki/Bharatiya_Janata_Party,Nainar Nagendran,https://en.wikipedia.org/wiki/Nainar_Nagendran,True,,,
TN-205-SPA,Tamil Nadu,Virudhunagar,205,Sivakasi,https://en.wikipedia.org/wiki/Sivakasi_Assembly_constituency,SPA,INC,https://en.wikipedia.org/wiki/Indian_National_Congress,Ganesan Ashokan,,False,,,
TN-205-AIADMK+,Tamil Nadu,Virudhunagar,205,Sivakasi,https://en.wikipedia.org/wiki/Sivakasi_Assembly_constituency,AIADMK+,AIADMK,https://en.wikipedia.org/wiki/All_India_Anna_Dravida_Munnetra_Kazhagam,K. T. Rajenthra Bhalaji,https://en.wikipedia.org/wiki/K._T._Rajenthra_Bhalaji,True,,,
TN-206-SPA,Tamil Nadu,Virudhunagar,206,Virudhunagar,https://en.wikipedia.org/wiki/Virudhunagar_Assembly_constituency,SPA,DMDK,https://en.wikipedia.org/wiki/Desiya_Murpokku_Dravida_Kazhagam,Vijayaprabhakar,,False,,,
TN-206-AIADMK+,Tamil Nadu,Virudhunagar,206,Virudhunagar,https://en.wikipedia.org/wiki/Virudhunagar_Assembly_constituency,AIADMK+,AIADMK,https://en.wikipedia.org/wiki/All_India_Anna_Dravida_Munnetra_Kazhagam,V. G. Ganesan,,False,,,
TN-207-SPA,Tamil Nadu,Virudhunagar,207,Aruppukkottai,https://en.wikipedia.org/wiki/Aruppukottai_Assembly_constituency,SPA,DMK,https://en.wikipedia.org/wiki/Dravida_Munnetra_Kazhagam,K. K. S. S. R. Ramachandran,https://en.wikipedia.org/wiki/K._K._S._S._R._Ramachandran,True,,,
TN-207-AIADMK+,Tamil Nadu,Virudhunagar,207,Aruppukkottai,https://en.wikipedia.org/wiki/Aruppukottai_Assembly_constituency,AIADMK+,AIADMK,https://en.wikipedia.org/wiki/All_India_Anna_Dravida_Munnetra_Kazhagam,S. Sethupathi,,False,,,
TN-208-SPA,Tamil Nadu,Virudhunagar,208,Tiruchuli,https://en.wikipedia.org/wiki/Tiruchuli_Assembly_constituency,SPA,DMK,https://en.wikipedia.org/wiki/Dravida_Munnetra_Kazhagam,Thangam Thennarasu,https://en.wikipedia.org/wiki/Thangam_Thennarasu,True,,,
TN-208-AIADMK+,Tamil Nadu,Virudhunagar,208,Tiruchuli,https://en.wikipedia.org/wiki/Tiruchuli_Assembly_constituency,AIADMK+,AIADMK,https://en.wikipedia.org/wiki/All_India_Anna_Dravida_Munnetra_Kazhagam,M. S. R. Rajavarman,https://en.wikipedia.org/wiki/M._S._R._Rajavarman,True,,,
TN-209-SPA,Tamil Nadu,Ramanathapuram,209,Paramakudi(SC),https://en.wikipedia.org/wiki/Paramakudi_Assembly_constituency,SPA,DMK,https://en.wikipedia.org/wiki/Dravida_Munnetra_Kazhagam,K. K. Kathiravan,,False,,,
TN-209-AIADMK+,Tamil Nadu,Ramanathapuram,209,Paramakudi(SC),https://en.wikipedia.org/wiki/Paramakudi_Assembly_constituency,AIADMK+,AIADMK,https://en.wikipedia.org/wiki/All_India_Anna_Dravida_Munnetra_Kazhagam,S. Muthaiah,https://en.wikipedia.org/wiki/S._Muthiah_(politician),True,,,
TN-210-SPA,Tamil Nadu,Ramanathapuram,210,Tiruvadanai,https://en.wikipedia.org/wiki/Tiruvadanai_Assembly_constituency,SPA,INC,https://en.wikipedia.org/wiki/Indian_National_Congress,Karu Manickam,https://en.wikipedia.org/wiki/Karu_Manickam,True,,,
TN-210-AIADMK+,Tamil Nadu,Ramanathapuram,210,Tiruvadanai,https://en.wikipedia.org/wiki/Tiruvadanai_Assembly_constituency,AIADMK+,AIADMK,https://en.wikipedia.org/wiki/All_India_Anna_Dravida_Munnetra_Kazhagam,Keerthika Muniyasamy,,False,,,
TN-211-SPA,Tamil Nadu,Ramanathapuram,211,Ramanathapuram,https://en.wikipedia.org/wiki/Ramanathapuram_Assembly_constituency,SPA,DMK,https://en.wikipedia.org/wiki/Dravida_Munnetra_Kazhagam,Katharbatcha Muthuramalingam,https://en.wikipedia.org/wiki/Katharbatcha_Muthuramalingam,True,,,
TN-211-AIADMK+,Tamil Nadu,Ramanathapuram,211,Ramanathapuram,https://en.wikipedia.org/wiki/Ramanathapuram_Assembly_constituency,AIADMK+,BJP,https://en.wikipedia.org/wiki/Bharatiya_Janata_Party,K. Nagendran,,False,,,
TN-212-SPA,Tamil Nadu,Ramanathapuram,212,Mudhukulathur,https://en.wikipedia.org/wiki/Mudukulathur_Assembly_constituency,SPA,DMK,https://en.wikipedia.org/wiki/Dravida_Munnetra_Kazhagam,R. S. Raja Kannappan,https://en.wikipedia.org/wiki/R._S._Raja_Kannappan,True,,,
TN-212-AIADMK+,Tamil Nadu,Ramanathapuram,212,Mudhukulathur,https://en.wikipedia.org/wiki/Mudukulathur_Assembly_constituency,AIADMK+,AIADMK,https://en.wikipedia.org/wiki/All_India_Anna_Dravida_Munnetra_Kazhagam,S. Pandi,https://en.wikipedia.org/wiki/S._Pandi,True,,,
TN-213-SPA,Tamil Nadu,Thoothukudi,213,Vilathikulam,https://en.wikipedia.org/wiki/Vilathikulam_Assembly_constituency,SPA,DMK,https://en.wikipedia.org/wiki/Dravida_Munnetra_Kazhagam,G. V. Markandayan,https://en.wikipedia.org/wiki/G._V._Markandayan,True,,,
TN-213-AIADMK+,Tamil Nadu,Thoothukudi,213,Vilathikulam,https://en.wikipedia.org/wiki/Vilathikulam_Assembly_constituency,AIADMK+,AIADMK,https://en.wikipedia.org/wiki/All_India_Anna_Dravida_Munnetra_Kazhagam,R. Sathya,,False,,,
TN-214-SPA,Tamil Nadu,Thoothukudi,214,Thoothukkudi,https://en.wikipedia.org/wiki/Thoothukkudi_Assembly_constituency,SPA,DMK,https://en.wikipedia.org/wiki/Dravida_Munnetra_Kazhagam,P. Geetha Jeevan,https://en.wikipedia.org/wiki/P._Geetha_Jeevan,True,,,
TN-214-AIADMK+,Tamil Nadu,Thoothukudi,214,Thoothukkudi,https://en.wikipedia.org/wiki/Thoothukkudi_Assembly_constituency,AIADMK+,AIADMK,https://en.wikipedia.org/wiki/All_India_Anna_Dravida_Munnetra_Kazhagam,S. T. Chellapandian,https://en.wikipedia.org/wiki/S._T._Chellapandian,True,,,
TN-215-SPA,Tamil Nadu,Thoothukudi,215,Tiruchendur,https://en.wikipedia.org/wiki/Tiruchendur_Assembly_constituency,SPA,DMK,https://en.wikipedia.org/wiki/Dravida_Munnetra_Kazhagam,Anitha R. Radhakrishnan,https://en.wikipedia.org/wiki/Anitha_R._Radhakrishnan,True,,,
TN-215-AIADMK+,Tamil Nadu,Thoothukudi,215,Tiruchendur,https://en.wikipedia.org/wiki/Tiruchendur_Assembly_constituency,AIADMK+,BJP,https://en.wikipedia.org/wiki/Bharatiya_Janata_Party,K. R. M. Radhakrishnan,,False,,,
TN-216-SPA,Tamil Nadu,Thoothukudi,216,Srivaikuntam,https://en.wikipedia.org/wiki/Srivaikuntam_Assembly_constituency,SPA,INC,https://en.wikipedia.org/wiki/Indian_National_Congress,Oorvasi S. Amirtharaj,https://en.wikipedia.org/wiki/Oorvasi_S._Amirtharaj,True,,,
TN-216-AIADMK+,Tamil Nadu,Thoothukudi,216,Srivaikuntam,https://en.wikipedia.org/wiki/Srivaikuntam_Assembly_constituency,AIADMK+,AIADMK,https://en.wikipedia.org/wiki/All_India_Anna_Dravida_Munnetra_Kazhagam,S. P. Shanmuganathan,https://en.wikipedia.org/wiki/S._P._Shanmuganathan,True,,,
TN-217-SPA,Tamil Nadu,Thoothukudi,217,Ottapidaram(SC),https://en.wikipedia.org/wiki/Ottapidaram_Assembly_constituency,SPA,DMK,https://en.wikipedia.org/wiki/Dravida_Munnetra_Kazhagam,M. C. Shunmugaiah,https://en.wikipedia.org/wiki/M._C._Shunmugaiah,True,,,
TN-217-AIADMK+,Tamil Nadu,Thoothukudi,217,Ottapidaram(SC),https://en.wikipedia.org/wiki/Ottapidaram_Assembly_constituency,AIADMK+,AMMK,https://en.wikipedia.org/wiki/Amma_Makkal_Munnetra_Kazhagam,R. Sundararaj,https://en.wikipedia.org/wiki/R._Sundararaj,True,,,
TN-218-SPA,Tamil Nadu,Thoothukudi,218,Kovilpatti,https://en.wikipedia.org/wiki/Kovilpatti_Assembly_constituency,SPA,DMK,https://en.wikipedia.org/wiki/Dravida_Munnetra_Kazhagam,Ka. Karunanithi,,False,,,
TN-218-AIADMK+,Tamil Nadu,Thoothukudi,218,Kovilpatti,https://en.wikipedia.org/wiki/Kovilpatti_Assembly_constituency,AIADMK+,AIADMK,https://en.wikipedia.org/wiki/All_India_Anna_Dravida_Munnetra_Kazhagam,Kadambur Raju,https://en.wikipedia.org/wiki/Kadambur_Raju,True,,,
TN-219-SPA,Tamil Nadu,Tenkasi,219,Sankarankovil(SC),https://en.wikipedia.org/wiki/Sankarankoil_Assembly_constituency,SPA,INC,https://en.wikipedia.org/wiki/Indian_National_Congress,Sangai Ganesan,,False,,,
TN-219-AIADMK+,Tamil Nadu,Tenkasi,219,Sankarankovil(SC),https://en.wikipedia.org/wiki/Sankarankoil_Assembly_constituency,AIADMK+,AIADMK,https://en.wikipedia.org/wiki/All_India_Anna_Dravida_Munnetra_Kazhagam,Dhileepan Jayasankaran,,False,,,
TN-220-SPA,Tamil Nadu,Tenkasi,220,Vasudevanallur(SC),https://en.wikipedia.org/wiki/Vasudevanallur_Assembly_constituency,SPA,DMK,https://en.wikipedia.org/wiki/Dravida_Munnetra_Kazhagam,E. Raja,https://en.wikipedia.org/wiki/E._Raja,True,,,
TN-220-AIADMK+,Tamil Nadu,Tenkasi,220,Vasudevanallur(SC),https://en.wikipedia.org/wiki/Vasudevanallur_Assembly_constituency,AIADMK+,BJP,https://en.wikipedia.org/wiki/Bharatiya_Janata_Party,Ananthan Ayyasamy,,False,,,
TN-221-SPA,Tamil Nadu,Tenkasi,221,Kadayanallur,https://en.wikipedia.org/wiki/Kadayanallur_Assembly_constituency,SPA,DMK,https://en.wikipedia.org/wiki/Dravida_Munnetra_Kazhagam,T. M. Rajendran[h],https://en.wikipedia.org/wiki/2026_Tamil_Nadu_Legislative_Assembly_election#cite_note-MDMK-129,True,,,
TN-221-AIADMK+,Tamil Nadu,Tenkasi,221,Kadayanallur,https://en.wikipedia.org/wiki/Kadayanallur_Assembly_constituency,AIADMK+,AIADMK,https://en.wikipedia.org/wiki/All_India_Anna_Dravida_Munnetra_Kazhagam,C. Krishnamurali,https://en.wikipedia.org/wiki/C._Krishnamurali,True,,,
TN-222-SPA,Tamil Nadu,Tenkasi,222,Tenkasi,https://en.wikipedia.org/wiki/Tenkasi_Assembly_constituency,SPA,DMK,https://en.wikipedia.org/wiki/Dravida_Munnetra_Kazhagam,Kalai Kathiravan,,False,,,
TN-222-AIADMK+,Tamil Nadu,Tenkasi,222,Tenkasi,https://en.wikipedia.org/wiki/Tenkasi_Assembly_constituency,AIADMK+,AIADMK,https://en.wikipedia.org/wiki/All_India_Anna_Dravida_Munnetra_Kazhagam,S. Selvamohandas Pandian,https://en.wikipedia.org/wiki/S._Selvamohandas_Pandian,True,,,
TN-223-SPA,Tamil Nadu,Tenkasi,223,Alangulam,https://en.wikipedia.org/wiki/Alangulam_Assembly_constituency,SPA,DMK,https://en.wikipedia.org/wiki/Dravida_Munnetra_Kazhagam,Manoj Pandian,https://en.wikipedia.org/wiki/Manoj_Pandian,True,,,
TN-223-AIADMK+,Tamil Nadu,Tenkasi,223,Alangulam,https://en.wikipedia.org/wiki/Alangulam_Assembly_constituency,AIADMK+,AIADMK,https://en.wikipedia.org/wiki/All_India_Anna_Dravida_Munnetra_Kazhagam,K. R. P. Prabakaran,https://en.wikipedia.org/wiki/K._R._P._Prabakaran,True,,,
TN-224-SPA,Tamil Nadu,Tirunelveli,224,Tirunelveli,https://en.wikipedia.org/wiki/Tirunelveli_Assembly_constituency,SPA,DMK,https://en.wikipedia.org/wiki/Dravida_Munnetra_Kazhagam,Su. Subramanian,,False,,,
TN-224-AIADMK+,Tamil Nadu,Tirunelveli,224,Tirunelveli,https://en.wikipedia.org/wiki/Tirunelveli_Assembly_constituency,AIADMK+,AIADMK,https://en.wikipedia.org/wiki/All_India_Anna_Dravida_Munnetra_Kazhagam,Thachai N. Ganesaraja,,False,,,
TN-225-SPA,Tamil Nadu,Tirunelveli,225,Ambasamudram,https://en.wikipedia.org/wiki/Ambasamudram_Assembly_constituency,SPA,INC,https://en.wikipedia.org/wiki/Indian_National_Congress,V. P. Durai,,False,,,
TN-225-AIADMK+,Tamil Nadu,Tirunelveli,225,Ambasamudram,https://en.wikipedia.org/wiki/Ambasamudram_Assembly_constituency,AIADMK+,AIADMK,https://en.wikipedia.org/wiki/All_India_Anna_Dravida_Munnetra_Kazhagam,Isakki Subhaya,https://en.wikipedia.org/wiki/Isakki_Subhaya,True,,,
TN-226-SPA,Tamil Nadu,Tirunelveli,226,Palayamkottai,https://en.wikipedia.org/wiki/Palayamkottai_Assembly_constituency,SPA,DMK,https://en.wikipedia.org/wiki/Dravida_Munnetra_Kazhagam,M. Abdul Wahab,https://en.wikipedia.org/wiki/M._Abdul_Wahab,True,,,
TN-226-AIADMK+,Tamil Nadu,Tirunelveli,226,Palayamkottai,https://en.wikipedia.org/wiki/Palayamkottai_Assembly_constituency,AIADMK+,AIADMK,https://en.wikipedia.org/wiki/All_India_Anna_Dravida_Munnetra_Kazhagam,Syed Sulthan Sumsuddin,,False,,,
TN-227-SPA,Tamil Nadu,Tirunelveli,227,Nanguneri,https://en.wikipedia.org/wiki/Nanguneri_Assembly_constituency,SPA,INC,https://en.wikipedia.org/wiki/Indian_National_Congress,Rubi Manoharan,https://en.wikipedia.org/wiki/Rubi_Manoharan,True,,,
TN-227-AIADMK+,Tamil Nadu,Tirunelveli,227,Nanguneri,https://en.wikipedia.org/wiki/Nanguneri_Assembly_constituency,AIADMK+,AMMK,https://en.wikipedia.org/wiki/Amma_Makkal_Munnetra_Kazhagam,R. Esakkimuthu,,False,,,
TN-228-SPA,Tamil Nadu,Tirunelveli,228,Radhapuram,https://en.wikipedia.org/wiki/Radhapuram_Assembly_constituency,SPA,DMK,https://en.wikipedia.org/wiki/Dravida_Munnetra_Kazhagam,M. Appavu,https://en.wikipedia.org/wiki/M._Appavu,True,,,
TN-228-AIADMK+,Tamil Nadu,Tirunelveli,228,Radhapuram,https://en.wikipedia.org/wiki/Radhapuram_Assembly_constituency,AIADMK+,BJP,https://en.wikipedia.org/wiki/Bharatiya_Janata_Party,S. P. Balakrishnan,,False,,,
TN-229-SPA,Tamil Nadu,Kanyakumari,229,Kanniyakumari,https://en.wikipedia.org/wiki/Kanniyakumari_Assembly_constituency,SPA,DMK,https://en.wikipedia.org/wiki/Dravida_Munnetra_Kazhagam,R. Mahesh,,False,,,
TN-229-AIADMK+,Tamil Nadu,Kanyakumari,229,Kanniyakumari,https://en.wikipedia.org/wiki/Kanniyakumari_Assembly_constituency,AIADMK+,AIADMK,https://en.wikipedia.org/wiki/All_India_Anna_Dravida_Munnetra_Kazhagam,Thalavai N. Sundaram,https://en.wikipedia.org/wiki/Thalavai_N._Sundaram,True,,,
TN-230-SPA,Tamil Nadu,Kanyakumari,230,Nagercoil,https://en.wikipedia.org/wiki/Nagercoil_Assembly_constituency,SPA,DMK,https://en.wikipedia.org/wiki/Dravida_Munnetra_Kazhagam,S. Austin,https://en.wikipedia.org/wiki/S._Austin,True,,,
TN-230-AIADMK+,Tamil Nadu,Kanyakumari,230,Nagercoil,https://en.wikipedia.org/wiki/Nagercoil_Assembly_constituency,AIADMK+,BJP,https://en.wikipedia.org/wiki/Bharatiya_Janata_Party,M. R. Gandhi,https://en.wikipedia.org/wiki/M._R._Gandhi,True,,,
TN-231-SPA,Tamil Nadu,Kanyakumari,231,Colachal,https://en.wikipedia.org/wiki/Colachal_Assembly_constituency,SPA,INC,https://en.wikipedia.org/wiki/Indian_National_Congress,Tharahai Cuthbert,https://en.wikipedia.org/wiki/Tharahai_Cuthbert,True,,,
TN-231-AIADMK+,Tamil Nadu,Kanyakumari,231,Colachal,https://en.wikipedia.org/wiki/Colachal_Assembly_constituency,AIADMK+,BJP,https://en.wikipedia.org/wiki/Bharatiya_Janata_Party,T. Sivakumar,,False,,,
TN-232-SPA,Tamil Nadu,Kanyakumari,232,Padmanabhapuram,https://en.wikipedia.org/wiki/Padmanabhapuram_Assembly_constituency,SPA,CPI(M),https://en.wikipedia.org/wiki/Communist_Party_of_India_(Marxist),R. Chellasamy,,False,,,
TN-232-AIADMK+,Tamil Nadu,Kanyakumari,232,Padmanabhapuram,https://en.wikipedia.org/wiki/Padmanabhapuram_Assembly_constituency,AIADMK+,BJP,https://en.wikipedia.org/wiki/Bharatiya_Janata_Party,P. Ramesh,,False,,,
TN-233-SPA,Tamil Nadu,Kanyakumari,233,Vilavancode,https://en.wikipedia.org/wiki/Vilavancode_Assembly_constituency,SPA,INC,https://en.wikipedia.org/wiki/Indian_National_Congress,T. T. Pravin,,False,,,
TN-233-AIADMK+,Tamil Nadu,Kanyakumari,233,Vilavancode,https://en.wikipedia.org/wiki/Vilavancode_Assembly_constituency,AIADMK+,BJP,https://en.wikipedia.org/wiki/Bharatiya_Janata_Party,S. Vijayadharani,https://en.wikipedia.org/wiki/S._Vijayadharani,True,,,
TN-234-SPA,Tamil Nadu,Kanyakumari,234,Killiyoor,https://en.wikipedia.org/wiki/Killiyoor_Assembly_constituency,SPA,INC,https://en.wikipedia.org/wiki/Indian_National_Congress,S. Rajesh Kumar,https://en.wikipedia.org/wiki/S._Rajesh_Kumar,True,,,
TN-234-AIADMK+,Tamil Nadu,Kanyakumari,234,Killiyoor,https://en.wikipedia.org/wiki/Killiyoor_Assembly_constituency,AIADMK+,BJP,https://en.wikipedia.org/wiki/Bharatiya_Janata_Party,Nivin Simon[e],https://en.wikipedia.org/wiki/2026_Tamil_Nadu_Legislative_Assembly_election#cite_note-TMC(M)-126,True,,,
PY-001-NDA,Puducherry,Puducherry,1,Mannadipet,https://en.wikipedia.org/wiki/Mannadipet_Assembly_constituency,NDA,Bharatiya Janata Party,https://en.wikipedia.org/wiki/Bharatiya_Janata_Party,A. Namassivayam,https://en.wikipedia.org/wiki/A._Namassivayam,True,Minister for Home,GEN,
PY-002-INDIA,Puducherry,Puducherry,2,Thirubhuvanai,https://en.wikipedia.org/wiki/Thirubuvanai_Assembly_constituency,INDIA,Dravida Munnetra Kazhagam,https://en.wikipedia.org/wiki/Dravida_Munnetra_Kazhagam,P. Angalane,https://en.wikipedia.org/wiki/P._Angalane,True,Joined DMK,SC,
PY-003-None,Puducherry,Puducherry,3,Oussudu,https://en.wikipedia.org/wiki/Ossudu_Assembly_constituency,None,Independent,https://en.wikipedia.org/wiki/Independent_politician,A. K. Sai J. Saravanan Kumar,https://en.wikipedia.org/wiki/A._K._Sai_J._Saravanan_Kumar,True,Resigned,SC,
PY-004-NDA,Puducherry,Puducherry,4,Mangalam,https://en.wikipedia.org/wiki/Mangalam_Assembly_constituency,NDA,All India N.R. Congress,https://en.wikipedia.org/wiki/All_India_N.R._Congress,C. Djeacoumar,https://en.wikipedia.org/wiki/C._Djeacoumar,True,Minister for Agriculture,GEN,
PY-005-INDIA,Puducherry,Puducherry,5,Villianur,https://en.wikipedia.org/wiki/Villianur_Assembly_constituency,INDIA,Dravida Munnetra Kazhagam,https://en.wikipedia.org/wiki/Dravida_Munnetra_Kazhagam,R. Siva,https://en.wikipedia.org/wiki/R._Siva,True,Leader of the Opposition,GEN,
PY-006-INDIA,Puducherry,Puducherry,6,Ozhukarai,https://en.wikipedia.org/wiki/Ozhukarai_Assembly_constituency,INDIA,Indian National Congress,https://en.wikipedia.org/wiki/Indian_National_Congress,M. Sivasankar,https://en.wikipedia.org/wiki/M._Sivasankar,True,Joined INC,GEN,
PY-007-NDA,Puducherry,Puducherry,7,Kadirgamam,https://en.wikipedia.org/wiki/Kadirkamam_Assembly_constituency,NDA,All India N.R. Congress,https://en.wikipedia.org/wiki/All_India_N.R._Congress,K. S. P. S. Ramesh,,False,,GEN,
PY-008-NDA,Puducherry,Puducherry,8,Indira Nagar,https://en.wikipedia.org/wiki/Indira_Nagar_Assembly_constituency,NDA,All India N.R. Congress,https://en.wikipedia.org/wiki/All_India_N.R._Congress,A. K. D.   V. Aroumougame,https://en.wikipedia.org/wiki/A._K._D._Arumugam,True,Chief Whip of the Government,GEN,
PY-009-NDA,Puducherry,Puducherry,9,Thattanchavady,https://en.wikipedia.org/wiki/Thattanchavady_Assembly_constituency,NDA,All India N.R. Congress,https://en.wikipedia.org/wiki/All_India_N.R._Congress,N. Rangasamy,https://en.wikipedia.org/wiki/N._Rangasamy,True,Chief Minister,GEN,
PY-010-NDA,Puducherry,Puducherry,10,Kamaraj Nagar,https://en.wikipedia.org/wiki/Kamaraj_Nagar_Assembly_constituency,NDA,Bharatiya Janata Party,https://en.wikipedia.org/wiki/Bharatiya_Janata_Party,A. Johnkumar,https://en.wikipedia.org/wiki/A._Johnkumar,True,Minister,GEN,
PY-011-INDIA,Puducherry,Puducherry,11,Lawspet,https://en.wikipedia.org/wiki/Lawspet_Assembly_constituency,INDIA,Indian National Congress,https://en.wikipedia.org/wiki/Indian_National_Congress,M. Vaithianathan,https://en.wikipedia.org/wiki/M._Vaithianathan,True,,GEN,
PY-012-NDA,Puducherry,Puducherry,12,Kalapet,https://en.wikipedia.org/wiki/Kalapet_Assembly_constituency,NDA,Bharatiya Janata Party,https://en.wikipedia.org/wiki/Bharatiya_Janata_Party,P. M. L. Kalyanasundaram,https://en.wikipedia.org/wiki/P._M._L._Kalyanasundaram,True,,GEN,
PY-013-NDA,Puducherry,Puducherry,13,Muthialpet,https://en.wikipedia.org/wiki/Muthialpet_Assembly_constituency,NDA,Independent,https://en.wikipedia.org/wiki/Independent_politician,J. Prakash Kumar,https://en.wikipedia.org/wiki/J._Prakash_Kumar,True,,GEN,
PY-014-NDA,Puducherry,Puducherry,14,Raj Bhavan,https://en.wikipedia.org/wiki/Raj_Bhavan_Assembly_constituency,NDA,All India N.R. Congress,https://en.wikipedia.org/wiki/All_India_N.R._Congress,K. Lakshminarayanan,https://en.wikipedia.org/wiki/K._Lakshminarayanan,True,Minister for Public Works,GEN,
PY-015-INDIA,Puducherry,Puducherry,15,Oupalam,https://en.wikipedia.org/wiki/Oupalam_Assembly_constituency,INDIA,Dravida Munnetra Kazhagam,https://en.wikipedia.org/wiki/Dravida_Munnetra_Kazhagam,Annibal Kennedy,,False,,GEN,
PY-016-None,Puducherry,Puducherry,16,Orleampeth,https://en.wikipedia.org/wiki/Orleampeth_Assembly_constituency,None,Namadhu Makkal Kazhagam,,G. Nehru   Kuppusamy,https://en.wikipedia.org/wiki/G._Nehru_Kuppusamy,True,,GEN,
PY-017-NDA,Puducherry,Puducherry,17,Nellithope,https://en.wikipedia.org/wiki/Nellithope_Assembly_constituency,NDA,Bharatiya Janata Party,https://en.wikipedia.org/wiki/Bharatiya_Janata_Party,Richards Johnkumar,https://en.wikipedia.org/wiki/Richards_Johnkumar,True,,GEN,
PY-018-INDIA,Puducherry,Puducherry,18,Mudaliarpet,https://en.wikipedia.org/wiki/Mudaliarpet_Assembly_constituency,INDIA,Dravida Munnetra Kazhagam,https://en.wikipedia.org/wiki/Dravida_Munnetra_Kazhagam,L. Sambath,,False,,GEN,
PY-019-NDA,Puducherry,Puducherry,19,Ariankuppam,https://en.wikipedia.org/wiki/Ariankuppam_Assembly_constituency,NDA,All India N.R. Congress,https://en.wikipedia.org/wiki/All_India_N.R._Congress,R. Baskar   Datchanamourtty,https://en.wikipedia.org/wiki/R._Baskar_Datchanamourtty,True,,GEN,
PY-020-NDA,Puducherry,Puducherry,20,Manavely,https://en.wikipedia.org/wiki/Manavely_Assembly_constituency,NDA,Bharatiya Janata Party,https://en.wikipedia.org/wiki/Bharatiya_Janata_Party,Embalam R. Selvam,https://en.wikipedia.org/wiki/Embalam_R._Selvam,True,Speaker,GEN,
PY-021-NDA,Puducherry,Puducherry,21,Embalam,https://en.wikipedia.org/wiki/Embalam_Assembly_constituency,NDA,All India N.R. Congress,https://en.wikipedia.org/wiki/All_India_N.R._Congress,U. Lakshmikandhan,https://en.wikipedia.org/wiki/U._Lakshmikandhan,True,,SC,
PY-022-NDA,Puducherry,Puducherry,22,Nettapakkam,https://en.wikipedia.org/wiki/Nettapakkam_Assembly_constituency,NDA,All India N.R. Congress,https://en.wikipedia.org/wiki/All_India_N.R._Congress,P. Rajavelu,https://en.wikipedia.org/wiki/P._Rajavelu,True,Deputy Speaker,SC,
PY-023-INDIA,Puducherry,Puducherry,23,Bahour,https://en.wikipedia.org/wiki/Bahour_Assembly_constituency,INDIA,Dravida Munnetra Kazhagam,https://en.wikipedia.org/wiki/Dravida_Munnetra_Kazhagam,R. Senthilkumar,,False,,GEN,
PY-024-NDA,Puducherry,Puducherry,24,Nedungadu,https://en.wikipedia.org/wiki/Nedungadu_Assembly_constituency,NDA,All India N.R. Congress,https://en.wikipedia.org/wiki/All_India_N.R._Congress,Chandira Priyanga,https://en.wikipedia.org/wiki/Chandira_Priyanga,True,,SC,
PY-025-None,Puducherry,Puducherry,25,Thirunallar,https://en.wikipedia.org/wiki/Thirunallar_Assembly_constituency,None,Independent,https://en.wikipedia.org/wiki/Independent_politician,P. R. Siva,https://en.wikipedia.org/wiki/P._R._Siva,True,,GEN,
PY-026-NDA,Puducherry,Puducherry,26,Karaikal North,https://en.wikipedia.org/wiki/Karaikal_North_Assembly_constituency,NDA,All India N.R. Congress,https://en.wikipedia.org/wiki/All_India_N.R._Congress,P. R. N. Thirumurugan,https://en.wikipedia.org/wiki/P._R._N._Thirumurugan,True,Minister for Civil Supplies and Consumer Affairs,GEN,
PY-027-INDIA,Puducherry,Puducherry,27,Karaikal South,https://en.wikipedia.org/wiki/Karaikal_South_Assembly_constituency,INDIA,Dravida Munnetra Kazhagam,https://en.wikipedia.org/wiki/Dravida_Munnetra_Kazhagam,A. M. H. Nazeem,https://en.wikipedia.org/wiki/A._M._H._Nazeem,True,,GEN,
PY-028-INDIA,Puducherry,Puducherry,28,Neravy – T. R. Pattinam,https://en.wikipedia.org/wiki/Neravy_T._R._Pattinam_Assembly_constituency,INDIA,Dravida Munnetra Kazhagam,https://en.wikipedia.org/wiki/Dravida_Munnetra_Kazhagam,M. Nagathiyagarajan,,False,,GEN,
PY-029-INDIA,Puducherry,Puducherry,29,Mahe,https://en.wikipedia.org/wiki/Mahe_Assembly_constituency,INDIA,Indian National Congress,https://en.wikipedia.org/wiki/Indian_National_Congress,Ramesh Parambath,https://en.wikipedia.org/wiki/Ramesh_Parambath,True,,GEN,
PY-030-INDIA,Puducherry,Puducherry,30,Yanam,https://en.wikipedia.org/wiki/Yanam_Assembly_constituency,INDIA,Indian National Congress,https://en.wikipedia.org/wiki/Indian_National_Congress,Gollapalli Srinivas Ashok,https://en.wikipedia.org/wiki/Gollapalli_Srinivas_Ashok,True,Joined INC,GEN,
AS-001-NDA,Assam,Sribhumi,1,Ratabari,https://en.wikipedia.org/wiki/Ratabari_(Vidhan_Sabha_constituency),NDA,BJP,https://en.wikipedia.org/wiki/Bharatiya_Janata_Party,Bijoy Malakar,https://en.wikipedia.org/wiki/Bijoy_Malakar,True,,SC,
AS-002-,Assam,Sribhumi,2,Patharkandi,https://en.wikipedia.org/wiki/Patharkandi_(Vidhan_Sabha_constituency),,,,Krishnendu Paul,https://en.wikipedia.org/wiki/Krishnendu_Paul,True,,,
AS-003-,Assam,Sribhumi,3,Karimganj North,https://en.wikipedia.org/wiki/Karimganj_North_(Vidhan_Sabha_constituency),,,,Kamalakhya Dey Purkayastha,https://en.wikipedia.org/wiki/Kamalakhya_Dey_Purkayastha,True,,,
AS-004-ASOM,Assam,Sribhumi,4,Karimganj South,https://en.wikipedia.org/wiki/Karimganj_South_(Vidhan_Sabha_constituency),ASOM,INC,https://en.wikipedia.org/wiki/Indian_National_Congress,Siddique Ahmed,https://en.wikipedia.org/wiki/Siddique_Ahmed_(Indian_politician),True,,,
AS-005-None,Assam,Sribhumi,5,Badarpur,https://en.wikipedia.org/wiki/Badarpur_(Assam_Vidhan_Sabha_constituency),None,AIUDF,https://en.wikipedia.org/wiki/All_India_United_Democratic_Front,Abdul Aziz,https://en.wikipedia.org/wiki/Abdul_Aziz_(Indian_politician),True,,,
AS-006-,Assam,Hailakandi,6,Hailakandi,https://en.wikipedia.org/wiki/Hailakandi_(Vidhan_Sabha_constituency),,,,Zakir Hussain Laskar,https://en.wikipedia.org/wiki/Zakir_Hussain_Laskar,True,,,
AS-007-,Assam,Hailakandi,7,Katlicherra,https://en.wikipedia.org/wiki/Katlicherra_(Vidhan_Sabha_constituency),,,,Suzam Uddin Laskar,https://en.wikipedia.org/wiki/Suzam_Uddin_Laskar,True,,,
AS-008-,Assam,Hailakandi,8,Algapur,https://en.wikipedia.org/wiki/Algapur_(Vidhan_Sabha_constituency),,,,Nizam Uddin Choudhury,https://en.wikipedia.org/wiki/Nizam_Uddin_Choudhury,True,,,
AS-009-NDA,Assam,Cachar,9,Silchar,https://en.wikipedia.org/wiki/Silchar_(Vidhan_Sabha_constituency),NDA,BJP,https://en.wikipedia.org/wiki/Bharatiya_Janata_Party,Dipayan Chakraborty,https://en.wikipedia.org/wiki/Dipayan_Chakraborty,True,,,
AS-010-NDA,Assam,Cachar,10,Sonai,https://en.wikipedia.org/wiki/Sonai_(Vidhan_Sabha_constituency),NDA,AGP,https://en.wikipedia.org/wiki/Asom_Gana_Parishad,Karimuddin Barbhuiya,https://en.wikipedia.org/wiki/Karim_Uddin_Barbhuiya,True,,,
AS-011-NDA,Assam,Cachar,11,Dholai,https://en.wikipedia.org/wiki/Dholai_(Vidhan_Sabha_constituency),NDA,BJP,https://en.wikipedia.org/wiki/Bharatiya_Janata_Party,Parimal Suklabaidya,https://en.wikipedia.org/wiki/Parimal_Suklabaidya,True,,SC,
AS-012-,Assam,Nihar Ranjan Das,12,Udharbond,https://en.wikipedia.org/wiki/Udharbond_(Vidhan_Sabha_constituency),,,,Mihir Kanti Shome,https://en.wikipedia.org/wiki/Mihir_Kanti_Shome,True,,,
AS-013-,Assam,Nihar Ranjan Das,13,Lakhipur,https://en.wikipedia.org/wiki/Lakhipur_(Vidhan_Sabha_constituency),,,,Kaushik Rai,https://en.wikipedia.org/wiki/Kaushik_Rai,True,,,
AS-014-ASOM,Assam,Nihar Ranjan Das,14,Barkhola,https://en.wikipedia.org/wiki/Barkhola_(Vidhan_Sabha_constituency),ASOM,INC,https://en.wikipedia.org/wiki/Indian_National_Congress,Misbahul Islam Laskar,https://en.wikipedia.org/wiki/Misbahul_Islam_Laskar,True,,,
AS-015-,Assam,Nihar Ranjan Das,15,Katigorah,https://en.wikipedia.org/wiki/Katigorah_(Vidhan_Sabha_constituency),,,,Khalil Uddin Mazumder,https://en.wikipedia.org/wiki/Khalil_Uddin_Mazumder,True,,,
AS-016-NDA,Assam,Dima Hasao,16,Haflong,https://en.wikipedia.org/wiki/Haflong_(Assembly_constituency),NDA,BJP,https://en.wikipedia.org/wiki/Bharatiya_Janata_Party,Nandita Garlosa,https://en.wikipedia.org/wiki/Nandita_Garlosa,True,,ST,
AS-017-,Assam,Karbi Anglong,17,Bokajan,https://en.wikipedia.org/wiki/Bokajan_(Vidhan_Sabha_constituency),,,,Numal Momin,https://en.wikipedia.org/wiki/Numal_Momin,True,,ST,
AS-018-,Assam,Karbi Anglong,18,Howraghat,https://en.wikipedia.org/wiki/Howraghat_(Vidhan_Sabha_constituency),,,,Darsing Ronghang,https://en.wikipedia.org/wiki/Dorsing_Ronghang,True,,ST,
AS-019-,Assam,Karbi Anglong,19,Diphu,https://en.wikipedia.org/wiki/Diphu_(Vidhan_Sabha_constituency),,,,Bidya Sing Engleng,https://en.wikipedia.org/wiki/Bidya_Sing_Engleng,True,,ST,
AS-020-,Assam,West Karbi Anglong,20,Baithalangso,https://en.wikipedia.org/wiki/Baithalangso_(Vidhan_Sabha_constituency),,,,Rupsing Teron,https://en.wikipedia.org/wiki/Rupsing_Teron,True,,ST,
AS-021-None,Assam,South Salmara-Mankachar,21,Mankachar,https://en.wikipedia.org/wiki/Mankachar_(Vidhan_Sabha_constituency),None,AIUDF,https://en.wikipedia.org/wiki/All_India_United_Democratic_Front,Aminul Islam,"https://en.wikipedia.org/wiki/Aminul_Islam_(Indian_politician,_born_1975)",True,,,
AS-022-ASOM,Assam,South Salmara-Mankachar,22,Salmara South,https://en.wikipedia.org/wiki/Salmara_South_(Vidhan_Sabha_constituency),ASOM,INC,https://en.wikipedia.org/wiki/Indian_National_Congress,Wazed Ali Choudhury,https://en.wikipedia.org/wiki/Wazed_Ali_Choudhury,True,,,
AS-023-None,Assam,Dhubri,23,Dhubri,https://en.wikipedia.org/wiki/Dhubri_(Vidhan_Sabha_constituency),None,AIUDF,https://en.wikipedia.org/wiki/All_India_United_Democratic_Front,Najrul Hoque,https://en.wikipedia.org/wiki/Najrul_Hoque,True,,,
AS-024-,Assam,Dhubri,24,Gauripur,https://en.wikipedia.org/wiki/Gauripur_(Vidhan_Sabha_constituency),,,,Nijanur Rahman,https://en.wikipedia.org/wiki/Nijanur_Rahman,True,,,
AS-025-ASOM,Assam,Dhubri,25,Golakganj,https://en.wikipedia.org/wiki/Golakganj_(Vidhan_Sabha_constituency),ASOM,INC,https://en.wikipedia.org/wiki/Indian_National_Congress,Abdus Sobahun Ali Sarkar,https://en.wikipedia.org/wiki/Abdus_Sobahan_Ali_Sarkar,True,,,
AS-026-None,Assam,Dhubri,26,Bilasipara West,https://en.wikipedia.org/wiki/Bilasipara_West_(Vidhan_Sabha_constituency),None,AIUDF,https://en.wikipedia.org/wiki/All_India_United_Democratic_Front,Hafiz Bashir Ahmed,https://en.wikipedia.org/wiki/Hafiz_Bashir_Ahmed,True,,,
AS-027-,Assam,Dhubri,27,Bilasipara East,https://en.wikipedia.org/wiki/Bilasipara_East_(Vidhan_Sabha_constituency),,,,Samsul Huda,https://en.wikipedia.org/wiki/Samsul_Huda,True,,,
AS-028-,Assam,Kokrajhar,28,Gossaigaon,https://en.wikipedia.org/wiki/Gossaigaon_(Vidhan_Sabha_constituency),,UPPL,https://en.wikipedia.org/wiki/United_People%27s_Party_Liberal,Majendra Narzary,https://en.wikipedia.org/wiki/Majendra_Narzary,True,,,
AS-029-NDA,Assam,Jiron Basumatary,29,Kokrajhar West,https://en.wikipedia.org/wiki/Kokrajhar_West,NDA,BPF,https://en.wikipedia.org/wiki/Bodoland_People%27s_Front,Rabiram Narzary,https://en.wikipedia.org/wiki/Rabiram_Narzary,True,,ST,
AS-030-None,Assam,Jiron Basumatary,30,Kokrajhar East,https://en.wikipedia.org/wiki/Kokrajhar_East,None,UPPL,https://en.wikipedia.org/wiki/United_People%27s_Party_Liberal,Lawrence Islary,https://en.wikipedia.org/wiki/Lawrence_Islary,True,,ST,
AS-031-,Assam,Chirang,31,Sidli,https://en.wikipedia.org/wiki/Sidli_(Vidhan_Sabha_constituency),,,,Jayanta Basumatary,https://en.wikipedia.org/wiki/Joyanta_Basumatary,True,,ST,
AS-032-NDA,Assam,Bongaigaon,32,Bongaigaon,https://en.wikipedia.org/wiki/Bongaigaon_(Vidhan_Sabha_constituency),NDA,AGP,https://en.wikipedia.org/wiki/Asom_Gana_Parishad,Phani Bhusan Choudhury,https://en.wikipedia.org/wiki/Phani_Bhusan_Choudhury,True,,,
AS-033-,Assam,Chirang,33,Bijni,https://en.wikipedia.org/wiki/Bijni_(Vidhan_Sabha_constituency),,BJP,https://en.wikipedia.org/wiki/Bharatiya_Janata_Party,Ajoy Kumar Ray,https://en.wikipedia.org/wiki/Ajoy_Kumar_Ray,True,,,
AS-034-ASOM,Assam,Bongaigaon,34,Abhayapuri North,https://en.wikipedia.org/wiki/Abhayapuri_North_(Vidhan_Sabha_constituency),ASOM,INC,https://en.wikipedia.org/wiki/Indian_National_Congress,Abdul Batin Khandakar,https://en.wikipedia.org/wiki/Abdul_Batin_Khandakar,True,,,
AS-035-,Assam,Bongaigaon,35,Abhayapuri South,https://en.wikipedia.org/wiki/Abhayapuri_South_(Vidhan_Sabha_constituency),,,,Pradip Sarkar,https://en.wikipedia.org/wiki/Pradip_Sarkar_(politician),True,,SC,
AS-036-,Assam,Goalpara,36,Dudhnai,https://en.wikipedia.org/wiki/Dudhnai_(Vidhan_Sabha_constituency),,,,Jadab Sawargiary,https://en.wikipedia.org/wiki/Jadab_Sawargiary,True,,ST,
AS-037-,Assam,Goalpara,37,Goalpara East,https://en.wikipedia.org/wiki/Goalpara_East_(Vidhan_Sabha_constituency),,,,Abdul Kalam Rasheed Alam,https://en.wikipedia.org/wiki/Abul_Kalam_Rasheed_Alam,True,,,
AS-038-ASOM,Assam,Goalpara,38,Goalpara West,https://en.wikipedia.org/wiki/Goalpara_West_(Vidhan_Sabha_constituency),ASOM,RD,https://en.wikipedia.org/wiki/Raijor_Dal,Abdur Rasheed Mandal,https://en.wikipedia.org/wiki/Abdur_Rashid_Mandal,True,,,
AS-039-,Assam,Goalpara,39,Jaleswar,https://en.wikipedia.org/wiki/Jaleswar_(Assam_Vidhan_Sabha_constituency),,INC,https://en.wikipedia.org/wiki/Indian_National_Congress,Aftab Uddin Mollah,https://en.wikipedia.org/wiki/Aftabuddin,True,,,
AS-040-,Assam,Barpeta,40,Sorbhog,https://en.wikipedia.org/wiki/Sorbhog_(Vidhan_Sabha_constituency),,CPI(M),https://en.wikipedia.org/wiki/Communist_Party_of_India_(Marxist),Manoranjan Talukdar,https://en.wikipedia.org/wiki/Manoranjan_Talukdar,True,,,
AS-041-NDA,Assam,Bajali,41,Bhabanipur,https://en.wikipedia.org/wiki/Bhabanipur_(Assam_Vidhan_Sabha_constituency),NDA,BJP,https://en.wikipedia.org/wiki/Bharatiya_Janata_Party,Phanidhar Talukdar,https://en.wikipedia.org/wiki/Phanidhar_Talukdar,True,,,
AS-042-,Assam,Bajali,42,Patacharkuchi,https://en.wikipedia.org/wiki/Patacharkuchi_(Vidhan_Sabha_constituency),,,,Ranjeet Kumar Dass,https://en.wikipedia.org/wiki/Ranjeet_Kumar_Dass,True,,,
AS-043-ASOM,Assam,Barpeta,43,Barpeta,https://en.wikipedia.org/wiki/Barpeta_(Vidhan_Sabha_constituency),ASOM,INC,https://en.wikipedia.org/wiki/Indian_National_Congress,Abdur Rahim Ahmed,https://en.wikipedia.org/wiki/Abdur_Rahim_Ahmed,True,,,
AS-044-None,Assam,Barpeta,44,Jania,https://en.wikipedia.org/wiki/Jania_(Vidhan_Sabha_constituency),None,AIUDF,https://en.wikipedia.org/wiki/All_India_United_Democratic_Front,Rafiqul Islam,https://en.wikipedia.org/wiki/Rafiqul_Islam_(Indian_politician),True,,,
AS-045-,Assam,Barpeta,45,Baghbor,https://en.wikipedia.org/wiki/Baghbar_(Vidhan_Sabha_constituency),,AITC,https://en.wikipedia.org/wiki/All_India_Trinamool_Congress,Sherman Ali Ahmed,https://en.wikipedia.org/wiki/Sherman_Ali_Ahmed,True,,,
AS-046-ASOM,Assam,Barpeta,46,Sarukhetri,https://en.wikipedia.org/wiki/Sarukhetri_(Vidhan_Sabha_constituency),ASOM,INC,https://en.wikipedia.org/wiki/Indian_National_Congress,Jakir Hussain Sikdar,https://en.wikipedia.org/wiki/Jakir_Hussain_Sikdar,True,,,
AS-047-None,Assam,Barpeta,47,Chenga,https://en.wikipedia.org/wiki/Chenga_(Vidhan_Sabha_constituency),None,AIUDF,https://en.wikipedia.org/wiki/All_India_United_Democratic_Front,Ashraful Hussain,https://en.wikipedia.org/wiki/Ashraful_Hussain,True,,,
AS-048-ASOM,Assam,Kamrup,48,Boko,https://en.wikipedia.org/wiki/Boko_(Vidhan_Sabha_constituency),ASOM,INC,https://en.wikipedia.org/wiki/Indian_National_Congress,Nandita Das,https://en.wikipedia.org/wiki/Nandita_Das_(politician),True,,SC,
AS-049-,Assam,Kamrup,49,Chaygaon,https://en.wikipedia.org/wiki/Chaygaon_(Vidhan_Sabha_constituency),,,,Rekibuddin Ahmed,https://en.wikipedia.org/wiki/Rekibuddin_Ahmed,True,,,
AS-050-NDA,Assam,Kamrup,50,Palasbari,https://en.wikipedia.org/wiki/Palasbari_(Vidhan_Sabha_constituency),NDA,BJP,https://en.wikipedia.org/wiki/Bharatiya_Janata_Party,Hemanga Thakuria,https://en.wikipedia.org/wiki/Hemanga_Thakuria,True,,,
AS-051-,Assam,Kamrup Metropolitan,51,Jalukbari,https://en.wikipedia.org/wiki/Jalukbari_(Vidhan_Sabha_constituency),,,,Himanta Biswa Sarma,https://en.wikipedia.org/wiki/Himanta_Biswa_Sarma,True,,,
AS-052-,Assam,Kamrup Metropolitan,52,Dispur,https://en.wikipedia.org/wiki/Dispur_(Vidhan_Sabha_constituency),,,,Atul Bora,https://en.wikipedia.org/wiki/Atul_Bora_Sr.,True,,,
AS-053-,Assam,Kamrup Metropolitan,53,Gauhati East,https://en.wikipedia.org/wiki/Gauhati_East_(Vidhan_Sabha_constituency),,,,Siddhartha Bhattacharya,https://en.wikipedia.org/wiki/Siddhartha_Bhattacharya,True,,,
AS-054-,Assam,Kamrup Metropolitan,54,Gauhati West,https://en.wikipedia.org/wiki/Gauhati_West_(Vidhan_Sabha_constituency),,AGP,https://en.wikipedia.org/wiki/Asom_Gana_Parishad,Ramendra Narayan Kalita,https://en.wikipedia.org/wiki/Ramendra_Narayan_Kalita,True,,,
AS-055-,Assam,Kamrup,55,Hajo,https://en.wikipedia.org/wiki/Hajo_(Vidhan_Sabha_constituency),,BJP,https://en.wikipedia.org/wiki/Bharatiya_Janata_Party,Suman Haripriya,https://en.wikipedia.org/wiki/Suman_Haripriya,True,,,
AS-056-,Assam,Kamrup,56,Kamalpur,"https://en.wikipedia.org/wiki/Kamalpur,_Assam_Assembly_constituency",,,,Diganta Kalita,https://en.wikipedia.org/wiki/Diganta_Kalita,True,,,
AS-057-,Assam,Kamrup,57,Rangia,https://en.wikipedia.org/wiki/Rangiya_(Vidhan_Sabha_constituency),,,,Bhabesh Kalita,https://en.wikipedia.org/wiki/Bhabesh_Kalita,True,,,
AS-058-None,Assam,Baksa,58,Tamulpur,https://en.wikipedia.org/wiki/Tamulpur_(Vidhan_Sabha_constituency),None,UPPL,https://en.wikipedia.org/wiki/United_People%27s_Party_Liberal,Leho Ram Boro,https://en.wikipedia.org/wiki/Leho_Ram_Boro,True,,,
AS-059-NDA,Assam,Nalbari,59,Nalbari,https://en.wikipedia.org/wiki/Nalbari_(Vidhan_Sabha_constituency),NDA,BJP,https://en.wikipedia.org/wiki/Bharatiya_Janata_Party,Jayanta Malla Baruah,https://en.wikipedia.org/wiki/Jayanta_Malla_Baruah,True,,,
AS-060-ASOM,Assam,Nalbari,60,Barkhetry,https://en.wikipedia.org/wiki/Barkhetry_(Vidhan_Sabha_constituency),ASOM,INC,https://en.wikipedia.org/wiki/Indian_National_Congress,Diganta Barman,https://en.wikipedia.org/wiki/Diganta_Barman,True,,,
AS-061-NDA,Assam,Nalbari,61,Dharmapur,https://en.wikipedia.org/wiki/Dharmapur_(Vidhan_Sabha_constituency),NDA,BJP,https://en.wikipedia.org/wiki/Bharatiya_Janata_Party,Chandra Mohan Patowary,https://en.wikipedia.org/wiki/Chandra_Mohan_Patowary,True,,,
AS-062-None,Assam,Baksa,62,Barama,https://en.wikipedia.org/wiki/Barama_(Vidhan_Sabha_constituency),None,UPPL,https://en.wikipedia.org/wiki/United_People%27s_Party_Liberal,Bhupen Baro,https://en.wikipedia.org/wiki/Bhupen_Baro,True,,ST,
AS-063-,Assam,Baksa,63,Chapaguri,https://en.wikipedia.org/wiki/Chapaguri_(Vidhan_Sabha_constituency),,,,Urkhao Gwra Brahma,https://en.wikipedia.org/wiki/Urkhao_Gwra_Brahma,True,,ST,
AS-064-NDA,Assam,Udalguri,64,Panery,https://en.wikipedia.org/wiki/Panery_(Vidhan_Sabha_constituency),NDA,BJP,https://en.wikipedia.org/wiki/Bharatiya_Janata_Party,Biswajit Daimary,https://en.wikipedia.org/wiki/Biswajit_Daimary,True,,,
AS-065-,Assam,Darrang,65,Kalaigaon,https://en.wikipedia.org/wiki/Kalaigaon_(Vidhan_Sabha_constituency),,BPF,https://en.wikipedia.org/wiki/Bodoland_People%27s_Front,Durga Das Boro,https://en.wikipedia.org/wiki/Durga_Das_Boro,True,,,
AS-066-,Assam,Darrang,66,Sipajhar,https://en.wikipedia.org/wiki/Sipajhar_(Vidhan_Sabha_constituency),,BJP,https://en.wikipedia.org/wiki/Bharatiya_Janata_Party,Paramananda Rajbongshi,https://en.wikipedia.org/wiki/Paramananda_Rajbongshi,True,,,
AS-067-,Assam,Darrang,67,Mangaldoi,https://en.wikipedia.org/wiki/Mangaldoi_(Vidhan_Sabha_constituency),,,,Basanta Das,https://en.wikipedia.org/wiki/Basanta_Das,True,,SC,
AS-068-None,Assam,Darrang,68,Dalgaon,https://en.wikipedia.org/wiki/Dalgaon_(Vidhan_Sabha_constituency),None,AIUDF,https://en.wikipedia.org/wiki/All_India_United_Democratic_Front,Mazibur Rahman,https://en.wikipedia.org/wiki/Mazibur_Rahman,True,,,
AS-069-None,Assam,Udalguri,69,Udalguri,https://en.wikipedia.org/wiki/Udalguri_(Vidhan_Sabha_constituency),None,UPPL,https://en.wikipedia.org/wiki/United_People%27s_Party_Liberal,Gobinda Chandra Basumatary,https://en.wikipedia.org/wiki/Gobinda_Chandra_Basumatari,True,,ST,
AS-070-NDA,Assam,Udalguri,70,Majbat,https://en.wikipedia.org/wiki/Majbat_(Vidhan_Sabha_constituency),NDA,BPF,https://en.wikipedia.org/wiki/Bodoland_People%27s_Front,Charan Boro,https://en.wikipedia.org/wiki/Charan_Boro,True,,,
AS-071-,Assam,Sonitpur,71,Dhekiajuli,https://en.wikipedia.org/wiki/Dhekiajuli_(Vidhan_Sabha_constituency),,BJP,https://en.wikipedia.org/wiki/Bharatiya_Janata_Party,Ashok Singhal,https://en.wikipedia.org/wiki/Ashok_Singhal_(politician),True,,,
AS-072-,Assam,Sonitpur,72,Barchalla,https://en.wikipedia.org/wiki/Barchalla_(Vidhan_Sabha_constituency),,,,Ganesh Kumar Limbu,https://en.wikipedia.org/wiki/Ganesh_Kumar_Limbu,True,,,
AS-073-,Assam,Sonitpur,73,Tezpur,https://en.wikipedia.org/wiki/Tezpur_(Vidhan_Sabha_constituency),,AGP,https://en.wikipedia.org/wiki/Asom_Gana_Parishad,Prithiraj Rava,https://en.wikipedia.org/wiki/Prithiraj_Rava,True,,,
AS-074-,Assam,Sonitpur,74,Rangapara,https://en.wikipedia.org/wiki/Rangapara_(Vidhan_Sabha_constituency),,BJP,https://en.wikipedia.org/wiki/Bharatiya_Janata_Party,Krishna Kamal Tanti,https://en.wikipedia.org/wiki/Krishna_Kamal_Tanti,True,,,
AS-075-,Assam,Sonitpur,75,Sootea,https://en.wikipedia.org/wiki/Sootea_(Vidhan_Sabha_constituency),,,,Padma Hazarika,https://en.wikipedia.org/wiki/Padma_Hazarika,True,,,
AS-076-,Assam,Biswanath,76,Biswanath,https://en.wikipedia.org/wiki/Biswanath_(Vidhan_Sabha_constituency),,,,Promod Borthakur,https://en.wikipedia.org/wiki/Promod_Borthakur,True,,,
AS-077-,Assam,Biswanath,77,Behali,https://en.wikipedia.org/wiki/Behali_(Vidhan_Sabha_constituency),,,,Ranjit Dutta,https://en.wikipedia.org/wiki/Ranjit_Dutta,True,,,
AS-078-,Assam,Sonitpur,78,Gohpur,https://en.wikipedia.org/wiki/Gohpur_(Vidhan_Sabha_constituency),,,,Utpal Borah,https://en.wikipedia.org/wiki/Utpal_Borah,True,,,
AS-079-,Assam,Morigaon,79,Jagiroad,https://en.wikipedia.org/wiki/Jagiroad_(Vidhan_Sabha_constituency),,,,Pijush Hazarika,https://en.wikipedia.org/wiki/Pijush_Hazarika,True,,SC,
AS-080-,Assam,Morigaon,80,Marigaon,https://en.wikipedia.org/wiki/Morigaon_Assembly_constituency,,,,Rama Kanta Dewri,https://en.wikipedia.org/wiki/Rama_Kanta_Dewri,True,,,
AS-081-ASOM,Assam,Morigaon,81,Laharighat,https://en.wikipedia.org/wiki/Laharighat_(Vidhan_Sabha_constituency),ASOM,INC,https://en.wikipedia.org/wiki/Indian_National_Congress,Asif Mohammad Nazar,https://en.wikipedia.org/wiki/Asif_Mohammad_Nazar,True,,,
AS-082-NDA,Assam,Nagaon,82,Raha,https://en.wikipedia.org/wiki/Raha_(Vidhan_Sabha_constituency),NDA,BJP,https://en.wikipedia.org/wiki/Bharatiya_Janata_Party,Sashi Kanta Das,https://en.wikipedia.org/wiki/Sashi_Kanta_Das,True,,SC,
AS-083-None,Assam,Nagaon,83,Dhing,https://en.wikipedia.org/wiki/Dhing_(Vidhan_Sabha_constituency),None,AIUDF,https://en.wikipedia.org/wiki/All_India_United_Democratic_Front,Aminul Islam,"https://en.wikipedia.org/wiki/Aminul_Islam_(Indian_politician,_born_1975)",True,,,
AS-084-ASOM,Assam,Nagaon,84,Batadroba,https://en.wikipedia.org/wiki/Batadroba_(Vidhan_Sabha_constituency),ASOM,INC,https://en.wikipedia.org/wiki/Indian_National_Congress,Sibamoni Bora,https://en.wikipedia.org/wiki/Sibamoni_Bora,True,,,
AS-085-,Assam,Nagaon,85,Rupohihat,https://en.wikipedia.org/wiki/Rupohihat_(Vidhan_Sabha_constituency),,,,Nurul Huda,https://en.wikipedia.org/wiki/Nurul_Huda_(Assamese_politician),True,,,
AS-086-NDA,Assam,Nagaon,86,Nowgong,https://en.wikipedia.org/wiki/Nowgong_(Vidhan_Sabha_constituency),NDA,BJP,https://en.wikipedia.org/wiki/Bharatiya_Janata_Party,Rupak Sarmah,https://en.wikipedia.org/wiki/Rupak_Sarmah,True,,,
AS-087-,Assam,Nagaon,87,Barhampur,https://en.wikipedia.org/wiki/Barhampur_(Vidhan_Sabha_constituency),,,,Jitu Goswami,https://en.wikipedia.org/wiki/Jitu_Goswami,True,,,
AS-088-ASOM,Assam,Nagaon,88,Samaguri,https://en.wikipedia.org/wiki/Samaguri_(Vidhan_Sabha_constituency),ASOM,INC,https://en.wikipedia.org/wiki/Indian_National_Congress,Rakibul Hussain,https://en.wikipedia.org/wiki/Rakibul_Hussain,True,,,
AS-089-,Assam,Diplu Ranjan Sarmah,89,Kaliabor,https://en.wikipedia.org/wiki/Kaliabor_(Vidhan_Sabha_constituency),,AGP,https://en.wikipedia.org/wiki/Asom_Gana_Parishad,Keshab Mahanta,https://en.wikipedia.org/wiki/Keshab_Mahanta,True,,,
AS-090-None,Assam,Hojai,90,Jamunamukh,https://en.wikipedia.org/wiki/Jamunamukh_(Vidhan_Sabha_constituency),None,AIUDF,https://en.wikipedia.org/wiki/All_India_United_Democratic_Front,Sirajuddin Ajmal,https://en.wikipedia.org/wiki/Sirajuddin_Ajmal,True,,,
AS-091-NDA,Assam,Hojai,91,Hojai,https://en.wikipedia.org/wiki/Hojai_(Vidhan_Sabha_constituency),NDA,BJP,https://en.wikipedia.org/wiki/Bharatiya_Janata_Party,Ramkrishna Ghosh,https://en.wikipedia.org/wiki/Ramkrishna_Ghosh,True,,,
AS-092-,Assam,Hojai,92,Lumding,https://en.wikipedia.org/wiki/Lumding_(Vidhan_Sabha_constituency),,,,Sibu Misra,https://en.wikipedia.org/wiki/Sibu_Misra,True,,,
AS-093-,Assam,Golaghat,93,Bokakhat,https://en.wikipedia.org/wiki/Bokakhat_(Vidhan_Sabha_constituency),,AGP,https://en.wikipedia.org/wiki/Asom_Gana_Parishad,Atul Bora,https://en.wikipedia.org/wiki/Atul_Bora,True,,,
AS-094-,Assam,Golaghat,94,Sarupathar,https://en.wikipedia.org/wiki/Sarupathar_(Vidhan_Sabha_constituency),,BJP,https://en.wikipedia.org/wiki/Bharatiya_Janata_Party,Biswajit Phukan,https://en.wikipedia.org/wiki/Biswajit_Phukan,True,,,
AS-095-,Assam,Golaghat,95,Golaghat,https://en.wikipedia.org/wiki/Golaghat_(Vidhan_Sabha_constituency),,,,Ajanta Neog,https://en.wikipedia.org/wiki/Ajanta_Neog,True,,,
AS-096-,Assam,Golaghat,96,Khumtai,https://en.wikipedia.org/wiki/Khumtai_(Vidhan_Sabha_constituency),,,,Mrinal Saikia,https://en.wikipedia.org/wiki/Mrinal_Saikia,True,,,
AS-097-,Assam,Golaghat,97,Dergaon,https://en.wikipedia.org/wiki/Dergaon_(Vidhan_Sabha_constituency),,AGP,https://en.wikipedia.org/wiki/Asom_Gana_Parishad,Bhabendra Nath Bharali,https://en.wikipedia.org/wiki/Bhabendra_Nath_Bharali,True,,SC,
AS-098-,Assam,Jorhat,98,Jorhat,https://en.wikipedia.org/wiki/Jorhat_(Vidhan_Sabha_constituency),,BJP,https://en.wikipedia.org/wiki/Bharatiya_Janata_Party,Hitendra Nath Goswami,https://en.wikipedia.org/wiki/Hitendra_Nath_Goswami,True,,,
AS-099-,Assam,Majuli,99,Majuli,https://en.wikipedia.org/wiki/Majuli_(Vidhan_Sabha_constituency),,,,Sarbananda Sonowal,https://en.wikipedia.org/wiki/Sarbananda_Sonowal,True,,ST,
AS-100-ASOM,Assam,Jorhat,100,Titabar,https://en.wikipedia.org/wiki/Titabar_(Vidhan_Sabha_constituency),ASOM,INC,https://en.wikipedia.org/wiki/Indian_National_Congress,Bhaskar Jyoti Baruah,https://en.wikipedia.org/wiki/Bhaskar_Jyoti_Baruah,True,,,
AS-101-NDA,Assam,Jorhat,101,Mariani,https://en.wikipedia.org/wiki/Mariani_(Vidhan_Sabha_constituency),NDA,BJP,https://en.wikipedia.org/wiki/Bharatiya_Janata_Party,Rupjyoti Kurmi,https://en.wikipedia.org/wiki/Rupjyoti_Kurmi,True,,,
AS-102-,Assam,Jorhat,102,Teok,https://en.wikipedia.org/wiki/Teok_(Vidhan_Sabha_constituency),,AGP,https://en.wikipedia.org/wiki/Asom_Gana_Parishad,Renupoma Rajkhowa,https://en.wikipedia.org/wiki/Renupoma_Rajkhowa,True,,,
AS-103-,Assam,Sibsagar,103,Amguri,https://en.wikipedia.org/wiki/Amguri_(Vidhan_Sabha_constituency),,,,Prodip Hazarika,https://en.wikipedia.org/wiki/Prodip_Hazarika,True,,,
AS-104-ASOM,Assam,Sibsagar,104,Nazira,https://en.wikipedia.org/wiki/Nazira_(Vidhan_Sabha_constituency),ASOM,INC,https://en.wikipedia.org/wiki/Indian_National_Congress,Debabrata Saikia,https://en.wikipedia.org/wiki/Debabrata_Saikia,True,,,
AS-105-NDA,Assam,Charaideo,105,Mahmara,https://en.wikipedia.org/wiki/Mahmara_(Vidhan_Sabha_constituency),NDA,BJP,https://en.wikipedia.org/wiki/Bharatiya_Janata_Party,Jogen Mohan,https://en.wikipedia.org/wiki/Jogen_Mohan,True,,,
AS-106-,Assam,Charaideo,106,Sonari,https://en.wikipedia.org/wiki/Sonari_(Vidhan_Sabha_constituency),,,,Dharmeswar Konwar,https://en.wikipedia.org/wiki/Dharmeswar_Konwar,True,,,
AS-107-,Assam,Sibsagar,107,Thowra,https://en.wikipedia.org/wiki/Thowra_(Vidhan_Sabha_constituency),,,,Sushanta Borgohain,https://en.wikipedia.org/wiki/Sushanta_Borgohain,True,,,
AS-108-None,Assam,Sibsagar,108,Sibsagar,https://en.wikipedia.org/wiki/Sibsagar_(Vidhan_Sabha_constituency),None,RD,https://en.wikipedia.org/wiki/Raijor_Dal,Akhil Gogoi,https://en.wikipedia.org/wiki/Akhil_Gogoi,True,,,
AS-109-NDA,Assam,Lakhimpur,109,Bihpuria,https://en.wikipedia.org/wiki/Bihpuria_(Vidhan_Sabha_constituency),NDA,BJP,https://en.wikipedia.org/wiki/Bharatiya_Janata_Party,Amiya Kumar Bhuyan,https://en.wikipedia.org/wiki/Amiya_Kumar_Bhuyan,True,,,
AS-110-None,Assam,Lakhimpur,110,Naoboicha,https://en.wikipedia.org/wiki/Naoboicha_(Vidhan_Sabha_constituency),None,Independent,https://en.wikipedia.org/wiki/Independent_politician,Bharat Narah,https://en.wikipedia.org/wiki/Bharat_Narah,True,,,
AS-111-NDA,Assam,Lakhimpur,111,Lakhimpur,"https://en.wikipedia.org/wiki/Lakhimpur,_Assam_Assembly_constituency",NDA,BJP,https://en.wikipedia.org/wiki/Bharatiya_Janata_Party,Manab Deka,https://en.wikipedia.org/wiki/Manab_Deka,True,,,
AS-112-,Assam,Lakhimpur,112,Dhakuakhana,https://en.wikipedia.org/wiki/Dhakuakhana_(Vidhan_Sabha_constituency),,,,Naba Kumar Doley,https://en.wikipedia.org/wiki/Naba_Kumar_Doley,True,,ST,
AS-113-,Assam,Dhemaji,113,Dhemaji,https://en.wikipedia.org/wiki/Dhemaji_(Vidhan_Sabha_constituency),,,,Ranoj Pegu,https://en.wikipedia.org/wiki/Ranoj_Pegu,True,,ST,
AS-114-,Assam,Dhemaji,114,Jonai,https://en.wikipedia.org/wiki/Jonai_(Vidhan_Sabha_constituency),,,,Bhubon Pegu,https://en.wikipedia.org/wiki/Bhubon_Pegu,True,,ST,
AS-115-,Assam,Dibrugarh,115,Moran,https://en.wikipedia.org/wiki/Moran_(Vidhan_Sabha_constituency),,,,Chakradhar Gogoi,https://en.wikipedia.org/wiki/Chakradhar_Gogoi,True,,,
AS-116-,Assam,Dibrugarh,116,Dibrugarh,https://en.wikipedia.org/wiki/Dibrugarh_(Vidhan_Sabha_constituency),,,,Prasanta Phukan,https://en.wikipedia.org/wiki/Prasanta_Phukan,True,,,
AS-117-,Assam,Dibrugarh,117,Lahowal,https://en.wikipedia.org/wiki/Lahowal_(Vidhan_Sabha_constituency),,,,Binod Hazarika,https://en.wikipedia.org/wiki/Binod_Hazarika,True,,,
AS-118-,Assam,Dibrugarh,118,Duliajan,https://en.wikipedia.org/wiki/Duliajan_(Vidhan_Sabha_constituency),,,,Terash Gowalla,https://en.wikipedia.org/wiki/Terash_Gowalla,True,,,
AS-119-,Assam,Dibrugarh,119,Tingkhong,https://en.wikipedia.org/wiki/Tingkhong_(Vidhan_Sabha_constituency),,,,Bimal Bora,https://en.wikipedia.org/wiki/Bimal_Bora,True,,,
AS-120-,Assam,Dibrugarh,120,Naharkatia,https://en.wikipedia.org/wiki/Naharkatia_(Vidhan_Sabha_constituency),,,,Taranga Gogoi,https://en.wikipedia.org/wiki/Taranga_Gogoi,True,,,
AS-121-,Assam,Dibrugarh,121,Chabua,https://en.wikipedia.org/wiki/Chabua_(Vidhan_Sabha_constituency),,AGP,https://en.wikipedia.org/wiki/Asom_Gana_Parishad,Ponakan Baruah,https://en.wikipedia.org/wiki/Ponakan_Baruah,True,,,
AS-122-,Assam,Tinsukia,122,Tinsukia,https://en.wikipedia.org/wiki/Tinsukia_(Vidhan_Sabha_constituency),,BJP,https://en.wikipedia.org/wiki/Bharatiya_Janata_Party,Sanjoy Kishan,https://en.wikipedia.org/wiki/Sanjoy_Kishan,True,,,
AS-123-,Assam,Tinsukia,123,Digboi,https://en.wikipedia.org/wiki/Digboi_(Vidhan_Sabha_constituency),,,,Suren Phukan,https://en.wikipedia.org/wiki/Suren_Phukan,True,,,
AS-124-,Assam,Tinsukia,124,Margherita,https://en.wikipedia.org/wiki/Margherita_(Vidhan_Sabha_constituency),,,,Bhaskar Sharma,https://en.wikipedia.org/wiki/Bhaskar_Sharma,True,,,
AS-125-,Assam,Tinsukia,125,Doomdooma,https://en.wikipedia.org/wiki/Doomdooma_(Vidhan_Sabha_constituency),,,,Rupesh Gowala,https://en.wikipedia.org/wiki/Rupesh_Gowala,True,,,
AS-126-,Assam,Tinsukia,126,Sadiya,https://en.wikipedia.org/wiki/Sadiya_(Vidhan_Sabha_constituency),,,,Bolin Chetia,https://en.wikipedia.org/wiki/Bolin_Chetia,True,,,
