state,district,constituency,last_election_year,winner_2021,runner_up_2021,predicted_winner_party_2026,winning_margin_pct,rolling_avg_margin,voter_turnout_pct,turnout_std,last_vote_share,n_elections_tracked,ml_risk_level,risk_numeric,rural_pct,urban_pct,literacy_rate,sc_st_pct,n_candidates_2026,parties_2026,alliances_2026,swing_index,competitiveness,predicted_outcome,prediction_confidence,prediction_basis,_alliance_2021,_alliance_runner,_vulnerability,swing_applied
Assam,KARIMGANJ,Badarpur,2021,AIUDF,BJP,BJP+ Candidate,18.21,11.71,80.26,9.99,56.62,13,LOW,1,50.0,50.0,75.0,20.0,1,AIUDF,None,0.82,4.15,SWING / FLIP,MODERATE,Historical TCPD + ML Risk Model + Gemini Live Sentiment,UPA,NDA,8.71,True
Assam,SILCHAR,Lakhipur,2021,BJP,INC,BJP+ Candidate,10.24,17.81,74.03,7.86,44.61,13,LOW,1,50.0,50.0,75.0,20.0,1,,,0.55,3.17,SWING / FLIP,MODERATE,Historical TCPD + ML Risk Model + Gemini Live Sentiment,NDA,UPA,14.809999999999999,True
Assam,BOGAIGAON,Bongaigaon,2021,AGP,INC,OTHER Candidate,24.84,24.81,86.42,8.49,53.9,11,LOW,1,50.0,50.0,75.0,20.0,1,AGP,NDA,0.4,3.23,SWING / FLIP,MODERATE,Historical TCPD + ML Risk Model + Gemini Live Sentiment,NDA,UPA,21.81,True
Assam,JONAI,Jonai,2021,BJP,INC,BJP+ Candidate,45.27,16.1,78.34,20.29,68.69,10,LOW,1,50.0,50.0,75.0,20.0,1,,,0.6,7.36,SWING / FLIP,MODERATE,Historical TCPD + ML Risk Model + Gemini Live Sentiment,NDA,UPA,13.100000000000001,True
Assam,MARGHERITA,Margherita,2021,BJP,INC,OTHER Candidate,38.17,22.51,77.95,16.04,56.52,9,LOW,1,50.0,50.0,75.0,20.0,1,,,0.43,5.78,SWING / FLIP,MODERATE,Historical TCPD + ML Risk Model + Gemini Live Sentiment,NDA,UPA,19.51,True
Assam,KARIMGANJ,Karimganj North,2021,INC,BJP,BJP+ Candidate,5.67,8.74,73.89,6.81,41.57,13,LOW,1,50.0,50.0,75.0,20.0,1,,,1.08,3.35,SWING / FLIP,MODERATE,Historical TCPD + ML Risk Model + Gemini Live Sentiment,UPA,NDA,5.74,True
Assam,SILCHAR,Barkhola,2021,INC,BJP,BJP+ Candidate,5.65,9.81,81.21,5.16,51.77,10,LOW,1,50.0,50.0,75.0,20.0,1,INC,ASOM,0.97,2.69,SWING / FLIP,MODERATE,Historical TCPD + ML Risk Model + Gemini Live Sentiment,UPA,NDA,6.8100000000000005,True
Assam,BAJALI,Patacharkuchi,2021,BJP,INC,OTHER Candidate,55.42,27.53,77.98,22.26,71.67,13,LOW,1,50.0,50.0,75.0,20.0,1,,,0.36,7.78,SWING / FLIP,MODERATE,Historical TCPD + ML Risk Model + Gemini Live Sentiment,NDA,UPA,24.53,True
Assam,MORIGAON,Jagiroad,2021,BJP,INC,BJP+ Candidate,14.76,16.29,83.33,23.04,53.54,10,LOW,1,50.0,50.0,75.0,20.0,1,,,0.6,8.28,SWING / FLIP,MODERATE,Historical TCPD + ML Risk Model + Gemini Live Sentiment,NDA,UPA,13.29,True
Assam,LAKHIMPUR,Lakhimpur,2021,BJP,INC,BJP+ Candidate,1.94,16.38,81.99,21.19,45.03,11,LOW,1,50.0,50.0,75.0,20.0,1,BJP,NDA,0.59,7.65,SWING / FLIP,MODERATE,Historical TCPD + ML Risk Model + Gemini Live Sentiment,NDA,UPA,13.379999999999999,True
Assam,DIBRUGARH,Lahowal,2021,BJP,INC,BJP+ Candidate,14.0,21.6,79.39,18.25,48.13,13,LOW,1,50.0,50.0,75.0,20.0,1,,,0.45,6.53,SWING / FLIP,MODERATE,Historical TCPD + ML Risk Model + Gemini Live Sentiment,NDA,UPA,18.6,True
Assam,BOKAJAN,Bokajan,2021,BJP,INC,BJP+ Candidate,15.04,19.65,79.07,15.5,51.05,12,LOW,1,50.0,50.0,75.0,20.0,1,,,0.5,5.67,SWING / FLIP,MODERATE,Historical TCPD + ML Risk Model + Gemini Live Sentiment,NDA,UPA,16.65,True
Assam,MORIGAON,Laharighat,2021,INC,IND,BJP+ Candidate,1.24,14.35,87.43,10.28,37.3,12,LOW,1,50.0,50.0,75.0,20.0,1,INC,ASOM,0.67,4.1,SWING / FLIP,MODERATE,Historical TCPD + ML Risk Model + Gemini Live Sentiment,UPA,OTHER,11.35,True
Assam,GOALPARA,Dudhnai,2021,INC,BJP,BJP+ Candidate,0.71,14.38,87.2,20.74,43.46,10,LOW,1,50.0,50.0,75.0,20.0,1,,,0.67,7.58,SWING / FLIP,MODERATE,Historical TCPD + ML Risk Model + Gemini Live Sentiment,UPA,NDA,11.38,True
Assam,CHARAIDEO (SONARI),Sonari,2021,BJP,INC,OTHER Candidate,10.41,26.52,81.39,19.08,48.0,14,LOW,1,50.0,50.0,75.0,20.0,1,,,0.37,6.73,SWING / FLIP,MODERATE,Historical TCPD + ML Risk Model + Gemini Live Sentiment,NDA,UPA,23.52,True
Assam,HAMREN,Baithalangso,2021,BJP,INC,BJP+ Candidate,32.76,17.28,77.95,15.46,55.0,12,LOW,1,50.0,50.0,75.0,20.0,1,,,0.56,5.71,SWING / FLIP,MODERATE,Historical TCPD + ML Risk Model + Gemini Live Sentiment,NDA,UPA,14.280000000000001,True
Assam,KARIMGANJ,Ratabari,2021,BJP,INC,BJP+ Candidate,26.48,13.32,78.61,8.02,61.92,14,LOW,1,50.0,50.0,75.0,20.0,1,BJP,NDA,0.72,3.39,SWING / FLIP,MODERATE,Historical TCPD + ML Risk Model + Gemini Live Sentiment,NDA,UPA,10.32,True
Assam,BISWANATH CHARIALI,Biswanath,2021,BJP,INC,BJP+ Candidate,6.57,16.2,84.15,9.15,50.8,12,LOW,1,50.0,50.0,75.0,20.0,1,,,0.6,3.65,SWING / FLIP,MODERATE,Historical TCPD + ML Risk Model + Gemini Live Sentiment,NDA,UPA,13.2,True
Assam,BIJNI,Bijni,2021,BJP,BOPF,BJP+ Candidate,0.72,10.13,85.9,11.32,32.69,12,MODERATE,2,50.0,50.0,75.0,20.0,1,BJP,,0.94,4.71,SWING / FLIP,MODERATE,Historical TCPD + ML Risk Model + Gemini Live Sentiment,NDA,NDA,7.130000000000001,True
Assam,KOKRAJHAR,Kokrajhar East,2021,UPPL,BOPF,OTHER Candidate,13.03,31.31,82.21,20.27,54.14,12,LOW,1,50.0,50.0,75.0,20.0,1,UPPL,None,0.31,7.07,SWING / FLIP,MODERATE,Historical TCPD + ML Risk Model + Gemini Live Sentiment,NDA,NDA,28.31,True
Assam,SOUTH SALMARA,Mankachar,2021,AIUDF,AGP,BJP+ Candidate,27.42,12.32,91.83,11.73,60.72,12,LOW,1,50.0,50.0,75.0,20.0,1,AIUDF,None,0.78,4.69,SWING / FLIP,MODERATE,Historical TCPD + ML Risk Model + Gemini Live Sentiment,UPA,NDA,9.32,True
Assam,NAGAON,Nowgong,2021,BJP,INC,BJP+ Candidate,7.11,21.27,81.94,16.9,52.01,15,LOW,1,50.0,50.0,75.0,20.0,1,BJP,NDA,0.46,6.09,SWING / FLIP,MODERATE,Historical TCPD + ML Risk Model + Gemini Live Sentiment,NDA,UPA,18.27,True
Assam,SIBSAGAR,Sibsagar,2021,IND,BJP,RD,9.56,14.11,82.33,19.72,46.06,13,LOW,1,50.0,50.0,75.0,20.0,1,RD,None,0.68,7.25,LIKELY HOLD,MODERATE,Historical TCPD + ML Risk Model + Gemini Live Sentiment,OTHER,NDA,,False
Assam,HAILAKANDI,Algapur,2021,AIUDF,BJP,BJP+ Candidate,13.04,14.82,82.63,11.22,49.46,11,LOW,1,50.0,50.0,75.0,20.0,1,,,0.65,4.39,SWING / FLIP,MODERATE,Historical TCPD + ML Risk Model + Gemini Live Sentiment,UPA,NDA,11.82,True
Assam,TEZPUR,Tezpur,2021,AGP,INC,BJP+ Candidate,6.76,21.25,79.17,17.44,47.69,14,LOW,1,50.0,50.0,75.0,20.0,1,AGP,,0.46,6.27,SWING / FLIP,MODERATE,Historical TCPD + ML Risk Model + Gemini Live Sentiment,NDA,UPA,18.25,True
Assam,KAMRUP METRO,Dispur,2021,BJP,INC,BJP+ Candidate,39.72,22.23,74.32,19.11,64.0,9,LOW,1,50.0,50.0,75.0,20.0,1,,,0.44,6.81,SWING / FLIP,MODERATE,Historical TCPD + ML Risk Model + Gemini Live Sentiment,NDA,UPA,19.23,True
Assam,,Rangia,2021,BJP,CPM,BJP+ Candidate,12.42,14.62,82.66,20.25,52.11,13,LOW,1,50.0,50.0,75.0,20.0,1,,,0.66,7.41,SWING / FLIP,MODERATE,Historical TCPD + ML Risk Model + Gemini Live Sentiment,NDA,UPA,11.62,True
Assam,KAMRUP,Palasbari,2021,BJP,AJP,AJP,30.09,25.27,83.45,21.87,51.81,13,LOW,1,50.0,50.0,75.0,20.0,1,BJP,NDA,0.39,7.68,SWING / FLIP,MODERATE,Historical TCPD + ML Risk Model + Gemini Live Sentiment,NDA,OTHER,22.27,True
Assam,DIPHU,Howraghat,2021,BJP,INC,OTHER Candidate,30.49,22.56,78.67,13.78,55.74,12,LOW,1,50.0,50.0,75.0,20.0,1,,,0.43,5.02,SWING / FLIP,MODERATE,Historical TCPD + ML Risk Model + Gemini Live Sentiment,NDA,UPA,19.56,True
Assam,SADIYA,Sadiya,2021,BJP,INC,BJP+ Candidate,15.49,11.35,74.99,19.98,45.49,10,LOW,1,50.0,50.0,75.0,20.0,1,,,0.84,7.5,SWING / FLIP,MODERATE,Historical TCPD + ML Risk Model + Gemini Live Sentiment,NDA,UPA,8.35,True
Assam,GOLAGHAT,Golaghat,2021,BJP,INC,BJP+ Candidate,5.78,20.94,78.02,20.35,50.63,13,LOW,1,50.0,50.0,75.0,20.0,1,,,0.47,7.25,SWING / FLIP,MODERATE,Historical TCPD + ML Risk Model + Gemini Live Sentiment,NDA,UPA,17.94,True
Assam,,Behali,2006,BJP,INC,BJP+ Candidate,11.21,20.81,80.16,5.14,35.76,6,LOW,1,50.0,50.0,75.0,20.0,1,,,0.47,2.18,SWING / FLIP,MODERATE,Historical TCPD + ML Risk Model + Gemini Live Sentiment,NDA,UPA,17.81,True
Assam,BARPETA,Chenga,2021,AIUDF,AGP,BJP+ Candidate,40.58,19.77,87.97,18.69,58.83,12,LOW,1,50.0,50.0,75.0,20.0,1,AIUDF,None,0.49,6.72,SWING / FLIP,MODERATE,Historical TCPD + ML Risk Model + Gemini Live Sentiment,UPA,NDA,16.77,True
Assam,NALBARI,Barama,2021,UPPL,BOPF,BJP+ Candidate,17.83,17.15,78.8,20.1,46.78,12,LOW,1,50.0,50.0,75.0,20.0,1,UPPL,None,0.57,7.27,SWING / FLIP,MODERATE,Historical TCPD + ML Risk Model + Gemini Live Sentiment,NDA,NDA,14.149999999999999,True
Assam,DIBRUGARH,Tingkhong,2021,BJP,INC,BJP+ Candidate,23.86,14.11,79.52,18.14,52.66,11,LOW,1,50.0,50.0,75.0,20.0,1,,,0.68,6.73,SWING / FLIP,MODERATE,Historical TCPD + ML Risk Model + Gemini Live Sentiment,NDA,UPA,11.11,True
Assam,MANGALDOI,Dalgaon,2021,AIUDF,INC,BJP+ Candidate,25.83,16.79,89.21,13.7,55.2,13,LOW,1,50.0,50.0,91.89,20.0,1,AIUDF,None,0.58,5.15,SWING / FLIP,MODERATE,Historical TCPD + ML Risk Model + Gemini Live Sentiment,UPA,UPA,13.79,True
Assam,KAMRUP METRO,Jalukbari,2021,BJP,INC,OTHER Candidate,60.31,32.93,82.34,19.71,77.39,12,LOW,1,50.0,50.0,75.0,20.0,1,,,0.3,6.87,SWING / FLIP,MODERATE,Historical TCPD + ML Risk Model + Gemini Live Sentiment,NDA,UPA,29.93,True
Assam,,Doomdooma,1967,INC,IND,IND,53.94,53.94,53.8,0.0,64.52,1,LOW,1,50.0,50.0,75.0,20.0,1,,,0.18,0.18,SWING / FLIP,MODERATE,Historical TCPD + ML Risk Model + Gemini Live Sentiment,UPA,OTHER,50.94,True
Assam,KAMRUP,Boko,2021,INC,AGP,BJP+ Candidate,25.58,18.26,86.7,22.52,58.82,13,LOW,1,50.0,50.0,75.0,20.0,1,INC,ASOM,0.53,8.04,SWING / FLIP,MODERATE,Historical TCPD + ML Risk Model + Gemini Live Sentiment,UPA,NDA,15.260000000000002,True
Assam,JORHAT,Dergaon,2021,AGP,INC,BJP+ Candidate,9.39,17.82,76.47,22.05,48.12,13,LOW,1,50.0,50.0,75.0,20.0,1,AGP,,0.55,7.9,SWING / FLIP,MODERATE,Historical TCPD + ML Risk Model + Gemini Live Sentiment,NDA,UPA,14.82,True
Assam,SIBSAGAR,Amguri,2021,AGP,INC,BJP+ Candidate,5.95,14.72,83.02,21.02,48.03,13,LOW,1,50.0,50.0,75.0,20.0,1,,,0.66,7.67,SWING / FLIP,MODERATE,Historical TCPD + ML Risk Model + Gemini Live Sentiment,NDA,UPA,11.72,True
Assam,,Majbat,2006,IND,AUDF,BPF,5.31,11.8,73.61,13.31,26.4,7,MODERATE,2,50.0,50.0,75.0,20.0,1,BPF,NDA,0.81,5.25,LIKELY HOLD,MODERATE,Historical TCPD + ML Risk Model + Gemini Live Sentiment,OTHER,OTHER,,False
Assam,MAJULI,Majuli,2021,BJP,INC,BJP+ Candidate,40.83,16.83,79.31,14.46,67.53,12,LOW,1,100.0,0.0,77.72,0.0,1,,,0.58,5.4,SWING / FLIP,MODERATE,Historical TCPD + ML Risk Model + Gemini Live Sentiment,NDA,UPA,10.829999999999998,True
Assam,DHAKUAKHANA,Dhakuakhana,2021,BJP,INC,BJP+ Candidate,5.65,18.29,81.53,23.23,50.83,12,LOW,1,50.0,50.0,75.0,20.0,1,,,0.53,8.27,SWING / FLIP,MODERATE,Historical TCPD + ML Risk Model + Gemini Live Sentiment,NDA,UPA,15.29,True
Assam,DIBRUGARH,Moran,2021,BJP,INC,OTHER Candidate,19.96,22.43,77.77,17.4,49.68,14,LOW,1,50.0,50.0,75.0,20.0,1,,,0.44,6.24,SWING / FLIP,MODERATE,Historical TCPD + ML Risk Model + Gemini Live Sentiment,NDA,UPA,19.43,True
Assam,BAJALI,Bhabanipur,2021,AIUDF,BJP,BJP+ Candidate,2.57,10.4,84.08,15.26,44.57,16,LOW,1,50.0,50.0,75.0,20.0,1,BJP,NDA,0.92,6.01,SWING / FLIP,MODERATE,Historical TCPD + ML Risk Model + Gemini Live Sentiment,UPA,NDA,7.4,True
Assam,SILCHAR,Dholai,2021,BJP,INC,BJP+ Candidate,13.59,12.81,78.13,11.2,55.03,12,LOW,1,50.0,50.0,75.0,20.0,1,BJP,NDA,0.75,4.48,SWING / FLIP,MODERATE,Historical TCPD + ML Risk Model + Gemini Live Sentiment,NDA,UPA,9.81,True
Assam,GOALPARA,Goalpara East,2021,INC,AGP,BJP+ Candidate,23.15,10.93,87.8,16.06,57.81,12,LOW,1,50.0,50.0,75.0,20.0,1,,,0.87,6.22,SWING / FLIP,MODERATE,Historical TCPD + ML Risk Model + Gemini Live Sentiment,UPA,NDA,7.93,True
Assam,DHEMAJI,Dhemaji,2021,BJP,AJP,BJP+ Candidate,15.92,12.62,77.43,20.7,45.33,13,LOW,1,50.0,50.0,75.0,20.0,1,,,0.76,7.66,SWING / FLIP,MODERATE,Historical TCPD + ML Risk Model + Gemini Live Sentiment,NDA,OTHER,9.62,True
Assam,KOKRAJHAR,Sidli,2021,UPPL,BOPF,BJP+ Candidate,18.23,20.47,83.44,12.45,56.5,13,LOW,1,50.0,50.0,75.0,20.0,1,,,0.48,4.63,SWING / FLIP,MODERATE,Historical TCPD + ML Risk Model + Gemini Live Sentiment,NDA,NDA,17.47,True
Assam,KALIABOR,Kaliabor,2021,AGP,INC,OTHER Candidate,23.02,22.63,83.66,18.24,59.06,13,LOW,1,50.0,50.0,75.0,20.0,1,AGP,,0.43,6.51,SWING / FLIP,MODERATE,Historical TCPD + ML Risk Model + Gemini Live Sentiment,NDA,UPA,19.63,True
Assam,RANGIA,Kamalpur,2021,BJP,INC,BJP+ Candidate,12.05,21.76,83.33,22.56,53.93,12,LOW,1,50.0,50.0,75.0,20.0,1,,,0.45,7.97,SWING / FLIP,MODERATE,Historical TCPD + ML Risk Model + Gemini Live Sentiment,NDA,UPA,18.76,True
Assam,GOLAGHAT,Khumtai,2021,BJP,INC,BJP+ Candidate,23.34,20.08,81.92,25.04,56.49,11,LOW,1,50.0,50.0,75.0,20.0,1,,,0.49,8.84,SWING / FLIP,MODERATE,Historical TCPD + ML Risk Model + Gemini Live Sentiment,NDA,UPA,17.08,True
Assam,DIBRUGARH,Naharkatia,2021,BJP,INC,BJP+ Candidate,13.49,13.82,77.85,6.15,42.57,9,LOW,1,50.0,50.0,75.0,20.0,1,,,0.7,2.75,SWING / FLIP,MODERATE,Historical TCPD + ML Risk Model + Gemini Live Sentiment,NDA,UPA,10.82,True
Assam,NAGAON,Batadroba,2021,INC,BJP,BJP+ Candidate,23.37,16.65,84.33,17.26,60.02,10,LOW,1,50.0,50.0,75.0,20.0,1,INC,ASOM,0.58,6.33,SWING / FLIP,MODERATE,Historical TCPD + ML Risk Model + Gemini Live Sentiment,UPA,NDA,13.649999999999999,True
Assam,DHUBRI,Gauripur,2021,AIUDF,BJP,BJP+ Candidate,26.59,14.68,90.5,8.67,61.07,13,LOW,1,50.0,50.0,75.0,20.0,1,,,0.66,3.55,SWING / FLIP,MODERATE,Historical TCPD + ML Risk Model + Gemini Live Sentiment,UPA,NDA,11.68,True
Assam,BARPETA,Jania,2021,AIUDF,BJP,OTHER Candidate,78.42,28.4,86.94,7.31,84.6,13,LOW,1,50.0,50.0,75.0,20.0,1,AIUDF,None,0.35,2.79,SWING / FLIP,MODERATE,Historical TCPD + ML Risk Model + Gemini Live Sentiment,UPA,NDA,25.4,True
Assam,NAGAON,Barhampur,2021,BJP,INC,OTHER Candidate,0.52,23.69,80.05,20.55,48.7,11,LOW,1,50.0,50.0,75.0,20.0,1,,,0.41,7.26,SWING / FLIP,MODERATE,Historical TCPD + ML Risk Model + Gemini Live Sentiment,NDA,UPA,20.69,True
Assam,SOUTH SALMARA,Salmara South,2021,INC,IND,IND,77.85,26.75,92.6,7.11,83.98,11,LOW,1,50.0,50.0,75.0,20.0,1,INC,ASOM,0.37,2.74,SWING / FLIP,MODERATE,Historical TCPD + ML Risk Model + Gemini Live Sentiment,UPA,OTHER,23.75,True
Assam,HAILAKANDI,Katlicherra,2021,AIUDF,BJP,BJP+ Candidate,8.43,18.59,85.59,9.31,51.83,13,LOW,1,50.0,50.0,75.0,20.0,1,,,0.52,3.62,SWING / FLIP,MODERATE,Historical TCPD + ML Risk Model + Gemini Live Sentiment,UPA,NDA,15.59,True
Assam,,Marigaon,2006,INC,CPI,BJP+ Candidate,7.51,16.37,78.21,22.81,41.6,10,LOW,1,50.0,50.0,75.0,20.0,1,,,0.59,8.19,SWING / FLIP,MODERATE,Historical TCPD + ML Risk Model + Gemini Live Sentiment,UPA,UPA,13.370000000000001,True
Assam,DIPHU,Diphu,2021,BJP,INC,BJP+ Candidate,26.61,13.82,75.52,9.88,50.58,10,LOW,1,50.0,50.0,75.0,20.0,1,,,0.7,3.99,SWING / FLIP,MODERATE,Historical TCPD + ML Risk Model + Gemini Live Sentiment,NDA,UPA,10.82,True
Assam,BOKAKHAT,Bokakhat,2021,AGP,IND,IND,37.52,24.71,80.92,22.47,60.56,11,LOW,1,50.0,50.0,75.0,20.0,1,AGP,,0.4,7.89,SWING / FLIP,MODERATE,Historical TCPD + ML Risk Model + Gemini Live Sentiment,NDA,OTHER,21.71,True
Assam,KARIMGANJ,Patharkandi,2021,BJP,INC,BJP+ Candidate,2.96,10.29,78.51,8.35,49.66,12,MODERATE,2,50.0,50.0,75.0,20.0,1,,,0.93,3.71,SWING / FLIP,MODERATE,Historical TCPD + ML Risk Model + Gemini Live Sentiment,NDA,UPA,7.289999999999999,True
Assam,MANGALDOI,Mangaldoi,2021,INC,BJP,BJP+ Candidate,11.96,11.96,85.71,24.44,54.68,10,LOW,1,50.0,50.0,91.89,20.0,1,,,0.8,8.95,SWING / FLIP,MODERATE,Historical TCPD + ML Risk Model + Gemini Live Sentiment,UPA,NDA,8.96,True
Assam,NORTH SALMARA,Abhayapuri South,2021,INC,AGP,BJP+ Candidate,25.44,11.77,89.02,6.38,61.04,9,LOW,1,50.0,50.0,75.0,20.0,1,,,0.81,2.94,SWING / FLIP,MODERATE,Historical TCPD + ML Risk Model + Gemini Live Sentiment,UPA,NDA,8.77,True
Assam,NAGAON,Samaguri,2021,INC,BJP,BJP+ Candidate,18.69,15.65,85.38,16.44,58.09,13,LOW,1,50.0,50.0,75.0,20.0,1,INC,ASOM,0.62,6.1,SWING / FLIP,MODERATE,Historical TCPD + ML Risk Model + Gemini Live Sentiment,UPA,NDA,12.65,True
Assam,TEZPUR,Sootea,2021,BJP,INC,BJP+ Candidate,16.24,10.47,78.19,19.2,56.5,11,LOW,1,50.0,50.0,75.0,20.0,1,,,0.91,7.31,SWING / FLIP,MODERATE,Historical TCPD + ML Risk Model + Gemini Live Sentiment,NDA,UPA,7.470000000000001,True
Assam,KARIMGANJ,Karimganj South,2021,INC,AGP,BJP+ Candidate,21.62,11.79,77.79,10.39,59.16,12,LOW,1,50.0,50.0,75.0,20.0,1,INC,ASOM,0.81,4.27,SWING / FLIP,MODERATE,Historical TCPD + ML Risk Model + Gemini Live Sentiment,UPA,NDA,8.79,True
Assam,DHANSIRI,Sarupathar,2021,BJP,INC,BJP+ Candidate,18.92,17.89,77.76,20.84,51.49,12,LOW,1,50.0,50.0,75.0,20.0,1,BJP,,0.54,7.49,SWING / FLIP,MODERATE,Historical TCPD + ML Risk Model + Gemini Live Sentiment,NDA,UPA,14.89,True
Assam,GOSSAIGAON,Kokrajhar West,2021,BOPF,UPPL,OTHER Candidate,7.74,23.38,84.93,29.56,49.68,12,LOW,1,50.0,50.0,75.0,20.0,1,BPF,NDA,0.42,10.0,SWING / FLIP,MODERATE,Historical TCPD + ML Risk Model + Gemini Live Sentiment,NDA,NDA,20.38,True
Assam,NAGAON,Raha,2021,INC,AGP,BJP+ Candidate,7.3,20.78,81.63,19.29,50.05,13,LOW,1,50.0,50.0,75.0,20.0,1,BJP,NDA,0.47,6.9,SWING / FLIP,MODERATE,Historical TCPD + ML Risk Model + Gemini Live Sentiment,UPA,NDA,17.78,True
Assam,DIBRUGARH,Dibrugarh,2021,BJP,INC,OTHER Candidate,33.4,30.01,75.36,17.27,60.43,13,LOW,1,50.0,50.0,75.0,20.0,1,,,0.33,6.09,SWING / FLIP,MODERATE,Historical TCPD + ML Risk Model + Gemini Live Sentiment,NDA,UPA,27.01,True
Assam,NALBARI,Barkhetry,2021,INC,BJP,BJP+ Candidate,2.34,18.63,88.6,20.75,49.46,10,LOW,1,50.0,50.0,75.0,20.0,1,INC,ASOM,0.52,7.44,SWING / FLIP,MODERATE,Historical TCPD + ML Risk Model + Gemini Live Sentiment,UPA,NDA,15.629999999999999,True
Assam,NAZIRA,Nazira,2021,INC,BJP,OTHER Candidate,0.62,29.22,81.73,17.18,47.56,12,LOW,1,50.0,50.0,75.0,20.0,1,INC,ASOM,0.34,6.07,SWING / FLIP,MODERATE,Historical TCPD + ML Risk Model + Gemini Live Sentiment,UPA,NDA,26.22,True
Assam,BARPETA,Barpeta,2021,INC,AGP,BJP+ Candidate,24.57,15.16,88.12,15.82,61.04,14,LOW,1,50.0,50.0,75.0,20.0,1,INC,ASOM,0.64,5.91,SWING / FLIP,MODERATE,Historical TCPD + ML Risk Model + Gemini Live Sentiment,UPA,NDA,12.16,True
Assam,SILCHAR,Silchar,2021,BJP,INC,BJP+ Candidate,21.42,18.11,74.55,7.43,56.17,13,LOW,1,50.0,50.0,75.0,20.0,1,BJP,NDA,0.54,3.02,SWING / FLIP,MODERATE,Historical TCPD + ML Risk Model + Gemini Live Sentiment,NDA,UPA,15.11,True
Assam,MANGALDOI,Kalaigaon,2021,BOPF,BJP,BJP+ Candidate,4.79,11.67,80.84,13.0,41.05,12,LOW,1,50.0,50.0,91.89,20.0,1,BPF,,0.82,5.15,SWING / FLIP,MODERATE,Historical TCPD + ML Risk Model + Gemini Live Sentiment,NDA,NDA,8.67,True
Assam,SIBSAGAR,Thowra,2021,INC,BJP,BJP+ Candidate,2.07,15.93,83.27,19.87,49.56,13,LOW,1,50.0,50.0,75.0,20.0,1,,,0.61,7.23,SWING / FLIP,MODERATE,Historical TCPD + ML Risk Model + Gemini Live Sentiment,UPA,NDA,12.93,True
Assam,,Gossaigaon,2006,IND,IND,UPPL,3.49,24.99,78.45,10.18,20.64,9,LOW,1,50.0,50.0,75.0,20.0,1,UPPL,,0.39,3.78,SAFE HOLD,HIGH,Historical TCPD + ML Risk Model + Gemini Live Sentiment,OTHER,OTHER,,False
Assam,TINSUKIA,Tinsukia,2021,BJP,AJP,AJP,54.07,27.14,74.95,13.72,65.58,13,LOW,1,65.05,89.03,70.15,50.0,1,BJP,,0.36,4.93,SWING / FLIP,MODERATE,Historical TCPD + ML Risk Model + Gemini Live Sentiment,NDA,OTHER,23.237000000000002,True
Assam,HOJAI,Lumding,2021,BJP,INC,BJP+ Candidate,6.72,10.39,82.17,16.75,51.04,13,LOW,1,18.5,81.5,90.66,0.0,1,,,0.92,6.5,SWING / FLIP,MODERATE,Historical TCPD + ML Risk Model + Gemini Live Sentiment,NDA,UPA,9.280000000000001,True
Assam,SILCHAR,Sonai,2021,AIUDF,BJP,BJP+ Candidate,13.34,22.0,79.39,7.46,48.83,13,LOW,1,50.0,50.0,75.0,20.0,1,AGP,NDA,0.44,2.93,SWING / FLIP,MODERATE,Historical TCPD + ML Risk Model + Gemini Live Sentiment,UPA,NDA,19.0,True
Assam,UDALGURI,Panery,2021,BJP,BOPF,BJP+ Candidate,30.02,17.21,76.73,16.31,60.82,13,LOW,1,50.0,50.0,75.0,20.0,1,BJP,NDA,0.56,6.0,SWING / FLIP,MODERATE,Historical TCPD + ML Risk Model + Gemini Live Sentiment,NDA,NDA,14.21,True
Assam,MANGALDOI,Sipajhar,2021,BJP,INC,BJP+ Candidate,4.8,14.77,83.27,6.67,50.33,9,HIGH,3,50.0,50.0,91.89,20.0,1,BJP,,0.65,2.87,SWING / FLIP,MODERATE,Historical TCPD + ML Risk Model + Gemini Live Sentiment,NDA,UPA,11.77,True
Assam,NAGAON,Rupohihat,2021,INC,BJP,OTHER Candidate,58.77,27.03,88.97,15.59,73.0,13,LOW,1,50.0,50.0,75.0,20.0,1,,,0.36,5.56,SWING / FLIP,MODERATE,Historical TCPD + ML Risk Model + Gemini Live Sentiment,UPA,NDA,24.03,True
Assam,GOALPARA,Jaleswar,2021,INC,AIUDF,BJP+ Candidate,14.67,16.71,93.44,8.65,50.75,10,LOW,1,50.0,50.0,75.0,20.0,1,INC,,0.58,3.46,SWING / FLIP,MODERATE,Historical TCPD + ML Risk Model + Gemini Live Sentiment,UPA,UPA,13.71,True
Assam,,Mariani,2006,INC,NCP,BJP+ Candidate,3.91,19.69,73.91,16.65,43.41,10,LOW,1,50.0,50.0,75.0,20.0,1,BJP,NDA,0.5,6.05,SWING / FLIP,MODERATE,Historical TCPD + ML Risk Model + Gemini Live Sentiment,UPA,OTHER,16.69,True
Assam,JORHAT,Jorhat,2021,BJP,INC,BJP+ Candidate,4.64,21.15,74.67,19.37,48.84,12,LOW,1,50.0,50.0,75.0,20.0,1,BJP,,0.46,6.92,SWING / FLIP,MODERATE,Historical TCPD + ML Risk Model + Gemini Live Sentiment,NDA,UPA,18.15,True
Assam,SILCHAR,Udharbond,2021,BJP,INC,BJP+ Candidate,2.06,18.21,79.02,19.71,47.34,13,LOW,1,50.0,50.0,75.0,20.0,1,,,0.53,7.1,SWING / FLIP,MODERATE,Historical TCPD + ML Risk Model + Gemini Live Sentiment,NDA,UPA,15.21,True
Assam,DHUBRI,Dhubri,2021,AIUDF,BJP,BJP+ Candidate,44.11,19.65,90.13,18.81,70.24,13,LOW,1,50.0,50.0,75.0,20.0,1,AIUDF,None,0.5,6.77,SWING / FLIP,MODERATE,Historical TCPD + ML Risk Model + Gemini Live Sentiment,UPA,NDA,16.65,True
Assam,BARPETA,Sorbhog,2021,CPM,BJP,BJP+ Candidate,5.36,13.09,84.23,10.96,50.21,13,LOW,1,50.0,50.0,75.0,20.0,1,CPI(M),,0.74,4.39,SWING / FLIP,MODERATE,Historical TCPD + ML Risk Model + Gemini Live Sentiment,UPA,NDA,10.09,True
Assam,TITABOR,Titabar,2021,INC,BJP,OTHER Candidate,11.0,25.11,78.09,19.04,52.89,13,LOW,1,50.0,50.0,75.0,20.0,1,INC,ASOM,0.39,6.74,SWING / FLIP,MODERATE,Historical TCPD + ML Risk Model + Gemini Live Sentiment,UPA,NDA,22.11,True
Assam,LAKHIMPUR,Bihpuria,2021,BJP,INC,BJP+ Candidate,8.38,18.38,79.48,22.27,48.53,12,LOW,1,50.0,50.0,75.0,20.0,1,BJP,NDA,0.53,7.95,SWING / FLIP,MODERATE,Historical TCPD + ML Risk Model + Gemini Live Sentiment,NDA,UPA,15.379999999999999,True
Assam,BILASIPARA,Bilasipara East,2021,AIUDF,BJP,BJP+ Candidate,25.19,13.98,89.55,12.85,59.3,10,LOW,1,50.0,50.0,75.0,20.0,1,,,0.69,4.97,SWING / FLIP,MODERATE,Historical TCPD + ML Risk Model + Gemini Live Sentiment,UPA,NDA,10.98,True
Assam,HOJAI,Jamunamukh,2021,AIUDF,AGP,OTHER Candidate,63.34,25.32,83.91,10.94,73.14,15,LOW,1,18.5,81.5,90.66,0.0,1,AIUDF,None,0.39,4.04,SWING / FLIP,MODERATE,Historical TCPD + ML Risk Model + Gemini Live Sentiment,UPA,NDA,24.21,True
Assam,DHUBRI,Golakganj,2021,INC,BJP,BJP+ Candidate,5.83,10.26,90.68,10.45,48.96,13,HIGH,3,50.0,50.0,75.0,20.0,1,INC,ASOM,0.93,4.41,SWING / FLIP,MODERATE,Historical TCPD + ML Risk Model + Gemini Live Sentiment,UPA,NDA,7.26,True
Assam,DIBRUGARH,Duliajan,2021,BJP,INC,BJP+ Candidate,6.27,11.57,77.42,8.78,42.35,9,MODERATE,2,50.0,50.0,75.0,20.0,1,,,0.83,3.76,SWING / FLIP,MODERATE,Historical TCPD + ML Risk Model + Gemini Live Sentiment,NDA,UPA,8.57,True
Assam,NALBARI,Tamulpur,2021,UPPL,UPPL,BJP+ Candidate,19.09,13.05,78.16,17.43,46.75,13,LOW,1,50.0,50.0,75.0,20.0,1,UPPL,None,0.74,6.55,SWING / FLIP,MODERATE,Historical TCPD + ML Risk Model + Gemini Live Sentiment,NDA,NDA,10.05,True
Assam,N. C. HILLS,Haflong,2021,BJP,INC,BJP+ Candidate,15.56,20.25,80.52,20.99,56.73,12,LOW,1,50.0,50.0,75.0,20.0,1,BJP,NDA,0.48,7.48,SWING / FLIP,MODERATE,Historical TCPD + ML Risk Model + Gemini Live Sentiment,NDA,UPA,17.25,True
Assam,,Baghbor,2021,INC,AIUDF,AITC,9.22,23.04,91.09,7.17,52.46,12,LOW,1,50.0,50.0,75.0,20.0,1,AITC,,0.42,2.81,SWING / FLIP,MODERATE,Historical TCPD + ML Risk Model + Gemini Live Sentiment,UPA,UPA,20.04,True
Assam,NORTH SALMARA,Abhayapuri North,2021,INC,AGP,BJP+ Candidate,20.59,6.57,87.56,4.55,58.58,9,LOW,1,50.0,50.0,75.0,20.0,1,INC,ASOM,1.41,2.93,SWING / FLIP,MODERATE,Historical TCPD + ML Risk Model + Gemini Live Sentiment,UPA,NDA,3.5700000000000003,True
Assam,GOALPARA,Goalpara West,2021,INC,AGP,BJP+ Candidate,29.08,21.72,90.31,12.19,54.18,12,LOW,1,50.0,50.0,75.0,20.0,1,RD,ASOM,0.45,4.51,SWING / FLIP,MODERATE,Historical TCPD + ML Risk Model + Gemini Live Sentiment,UPA,NDA,18.72,True
Assam,CHARAIDEO (SONARI),Mahmara,2021,BJP,INC,BJP+ Candidate,11.57,20.63,81.76,19.35,45.18,12,LOW,1,50.0,50.0,75.0,20.0,1,BJP,NDA,0.47,6.92,SWING / FLIP,MODERATE,Historical TCPD + ML Risk Model + Gemini Live Sentiment,NDA,UPA,17.63,True
Assam,,Barchalla,2006,INC,AGP,BJP+ Candidate,0.95,13.32,76.07,9.19,35.33,7,LOW,1,50.0,50.0,75.0,20.0,1,,,0.72,3.78,SWING / FLIP,MODERATE,Historical TCPD + ML Risk Model + Gemini Live Sentiment,UPA,NDA,10.32,True
Assam,HOJAI,Hojai,2021,BJP,INC,BJP+ Candidate,15.21,18.18,83.24,10.05,56.64,12,LOW,1,18.5,81.5,90.66,0.0,1,BJP,NDA,0.54,3.89,SWING / FLIP,MODERATE,Historical TCPD + ML Risk Model + Gemini Live Sentiment,NDA,UPA,17.07,True
Assam,TEZPUR,Dhekiajuli,2021,BJP,INC,BJP+ Candidate,21.28,17.59,76.58,7.6,56.89,12,LOW,1,50.0,50.0,75.0,20.0,1,BJP,,0.55,3.08,SWING / FLIP,MODERATE,Historical TCPD + ML Risk Model + Gemini Live Sentiment,NDA,UPA,14.59,True
Assam,UDALGURI,Udalguri,2021,UPPL,BOPF,BJP+ Candidate,3.96,12.54,76.87,17.77,50.43,11,LOW,1,50.0,50.0,75.0,20.0,1,UPPL,None,0.77,6.69,SWING / FLIP,MODERATE,Historical TCPD + ML Risk Model + Gemini Live Sentiment,NDA,NDA,9.54,True
Assam,KAMRUP METRO,Gauhati West,2021,AGP,INC,BJP+ Candidate,34.15,15.41,77.23,18.33,59.87,12,LOW,1,50.0,50.0,75.0,20.0,1,AGP,,0.63,6.74,SWING / FLIP,MODERATE,Historical TCPD + ML Risk Model + Gemini Live Sentiment,NDA,UPA,12.41,True
Assam,TINSUKIA,Digboi,2021,BJP,INC,OTHER Candidate,25.17,25.54,76.37,15.54,55.24,13,LOW,1,65.05,89.03,70.15,50.0,1,,,0.38,5.56,SWING / FLIP,MODERATE,Historical TCPD + ML Risk Model + Gemini Live Sentiment,NDA,UPA,21.637,True
Assam,NALBARI,Chapaguri,2021,UPPL,BOPF,OTHER Candidate,21.02,23.32,79.25,28.33,48.58,10,LOW,1,50.0,50.0,75.0,20.0,1,,,0.42,9.86,SWING / FLIP,MODERATE,Historical TCPD + ML Risk Model + Gemini Live Sentiment,NDA,NDA,20.32,True
Assam,HAILAKANDI,Hailakandi,2021,AIUDF,BJP,BJP+ Candidate,18.44,18.76,78.77,10.18,55.15,12,LOW,1,50.0,50.0,75.0,20.0,1,,,0.52,3.91,SWING / FLIP,MODERATE,Historical TCPD + ML Risk Model + Gemini Live Sentiment,UPA,NDA,15.760000000000002,True
Assam,JORHAT,Teok,2021,AGP,INC,BJP+ Candidate,1.3,21.23,75.72,19.89,45.78,13,LOW,1,50.0,50.0,75.0,20.0,1,AGP,,0.46,7.09,SWING / FLIP,MODERATE,Historical TCPD + ML Risk Model + Gemini Live Sentiment,NDA,UPA,18.23,True
Assam,NAGAON,Dhing,2021,AIUDF,IND,IND,49.68,31.06,89.79,12.81,70.39,13,LOW,1,50.0,50.0,75.0,20.0,1,AIUDF,None,0.32,4.59,SWING / FLIP,MODERATE,Historical TCPD + ML Risk Model + Gemini Live Sentiment,UPA,OTHER,28.06,True
Assam,DIBRUGARH,Chabua,2021,AGP,INC,BJP+ Candidate,14.48,18.87,77.63,17.29,41.4,10,LOW,1,50.0,50.0,75.0,20.0,1,AGP,,0.52,6.28,SWING / FLIP,MODERATE,Historical TCPD + ML Risk Model + Gemini Live Sentiment,NDA,UPA,15.870000000000001,True
Assam,TEZPUR,Rangapara,2021,BJP,INC,BJP+ Candidate,16.94,22.08,80.27,12.34,53.2,11,LOW,1,50.0,50.0,75.0,20.0,1,BJP,,0.44,4.55,SWING / FLIP,MODERATE,Historical TCPD + ML Risk Model + Gemini Live Sentiment,NDA,UPA,19.08,True
Assam,,Katigorah,2021,INC,BJP,BJP+ Candidate,4.27,12.09,85.71,8.64,51.22,13,LOW,1,50.0,50.0,75.0,20.0,1,,,0.79,3.67,SWING / FLIP,MODERATE,Historical TCPD + ML Risk Model + Gemini Live Sentiment,UPA,NDA,9.09,True
Assam,LAKHIMPUR,Naoboicha,2021,INC,IND,BJP+ Candidate,1.87,16.45,86.19,21.69,27.34,12,LOW,1,50.0,50.0,75.0,20.0,1,Independent,None,0.59,7.82,SWING / FLIP,MODERATE,Historical TCPD + ML Risk Model + Gemini Live Sentiment,UPA,OTHER,13.45,True
Assam,KAMRUP METRO,Gauhati East,2021,BJP,INC,OTHER Candidate,49.16,23.1,71.14,17.65,66.33,12,LOW,1,50.0,50.0,75.0,20.0,1,,,0.42,6.3,SWING / FLIP,MODERATE,Historical TCPD + ML Risk Model + Gemini Live Sentiment,NDA,UPA,20.1,True
Assam,BILASIPARA,Bilasipara West,2021,AIUDF,IND,BJP+ Candidate,37.07,14.44,92.49,7.07,56.16,10,LOW,1,50.0,50.0,75.0,20.0,1,AIUDF,None,0.67,3.03,SWING / FLIP,MODERATE,Historical TCPD + ML Risk Model + Gemini Live Sentiment,UPA,OTHER,11.44,True
Assam,NALBARI,Dharmapur,2021,BJP,INC,OTHER Candidate,20.78,29.36,85.16,23.54,56.73,10,LOW,1,50.0,50.0,75.0,20.0,1,BJP,NDA,0.33,8.18,SWING / FLIP,MODERATE,Historical TCPD + ML Risk Model + Gemini Live Sentiment,NDA,UPA,26.36,True
Assam,KAMRUP,Hajo,2021,BJP,AJP,AJP,9.47,22.49,85.88,27.82,43.63,12,LOW,1,50.0,50.0,75.0,20.0,1,BJP,,0.43,9.7,SWING / FLIP,MODERATE,Historical TCPD + ML Risk Model + Gemini Live Sentiment,NDA,OTHER,19.49,True
Assam,,Gohpur,2006,INC,AGP(P),BJP+ Candidate,29.26,13.46,79.44,9.68,53.45,9,LOW,1,50.0,50.0,75.0,20.0,1,,,0.72,3.95,SWING / FLIP,MODERATE,Historical TCPD + ML Risk Model + Gemini Live Sentiment,UPA,OTHER,10.46,True
Assam,KAMRUP,Chaygaon,2021,INC,AGP,BJP+ Candidate,16.83,12.78,87.42,16.83,56.32,12,LOW,1,50.0,50.0,75.0,20.0,1,,,0.75,6.36,SWING / FLIP,MODERATE,Historical TCPD + ML Risk Model + Gemini Live Sentiment,UPA,NDA,9.78,True
Assam,BARPETA,Sarukhetri,2021,INC,AGP,BJP+ Candidate,16.51,16.44,87.26,19.61,43.07,12,LOW,1,50.0,50.0,75.0,20.0,1,INC,ASOM,0.59,7.13,SWING / FLIP,MODERATE,Historical TCPD + ML Risk Model + Gemini Live Sentiment,UPA,NDA,13.440000000000001,True
Assam,NALBARI,Nalbari,2021,BJP,INC,BJP+ Candidate,27.4,17.1,86.77,21.99,58.84,11,LOW,1,50.0,50.0,75.0,20.0,1,BJP,NDA,0.57,7.9,SWING / FLIP,MODERATE,Historical TCPD + ML Risk Model + Gemini Live Sentiment,NDA,UPA,14.100000000000001,True
Kerala,MALAPPURAM,Tirur,2021,IUML,CPM,IUML,4.23,10.36,73.26,3.82,48.21,14,HIGH,3,50.0,50.0,75.0,20.0,3,"CPI(M), IUML, BJP","NDA, UDF, LDF",0.92,2.19,LIKELY HOLD,MODERATE,Historical TCPD + ML Risk Model + Gemini Live Sentiment,UDF,LDF,,False
Kerala,IDUKKI,Udumbanchola,2021,CPM,INC,CPM,30.59,8.96,73.33,6.41,61.8,14,LOW,1,50.0,50.0,75.0,20.0,3,"CPI(M), INC, BDJS","NDA, UDF, LDF",1.06,3.2,LIKELY HOLD,MODERATE,Historical TCPD + ML Risk Model + Gemini Live Sentiment,LDF,UDF,4.960000000000001,False
Kerala,PALAKKAD,Malampuzha,2021,CPM,BJP,CPM,15.73,20.99,75.04,5.22,46.41,14,LOW,1,50.0,50.0,75.0,20.0,3,"CPI(M), INC, BJP","NDA, UDF, LDF",0.47,2.21,SAFE HOLD,HIGH,Historical TCPD + ML Risk Model + Gemini Live Sentiment,LDF,NDA,16.99,False
Kerala,THRISSUR,Puthukkad,2021,CPM,INC,CPM,17.5,20.3,75.58,2.33,46.94,3,LOW,1,50.0,50.0,75.0,20.0,3,"CPI(M), INC, BJP","NDA, UDF, LDF",0.48,1.26,SAFE HOLD,HIGH,Historical TCPD + ML Risk Model + Gemini Live Sentiment,LDF,UDF,16.3,False
Kerala,THIRUVANANTHAPURAM,Parassala,2021,CPM,INC,CPM,15.84,11.84,72.43,5.44,48.16,15,LOW,1,66.25,33.75,91.72,20.0,3,"CPI(M), INC, BJP","NDA, UDF, LDF",0.81,2.62,LIKELY HOLD,MODERATE,Historical TCPD + ML Risk Model + Gemini Live Sentiment,LDF,UDF,9.14,False
Kerala,KOLLAM,Pathanapuram,2021,KEC(B),INC,INC,10.46,11.87,72.19,3.68,49.09,13,HIGH,3,50.0,50.0,75.0,20.0,3,"KC(B), INC, TTP","NDA, UDF, LDF",0.81,2.04,LIKELY HOLD,MODERATE,Historical TCPD + ML Risk Model + Gemini Live Sentiment,LDF,UDF,7.869999999999999,False
Kerala,ALAPPUZHA,Aroor,2021,CPM,INC,CPM,4.26,9.77,80.42,3.34,45.97,15,LOW,1,50.0,50.0,75.0,20.0,3,"CPI(M), INC, BDJS","NDA, UDF, LDF",0.97,2.08,LIKELY HOLD,MODERATE,Historical TCPD + ML Risk Model + Gemini Live Sentiment,LDF,UDF,5.77,False
Kerala,ERNAKULAM,Perumbavoor,2021,INC,KEC(M),INC,2.01,6.58,76.33,3.69,37.1,14,LOW,1,50.0,50.0,75.0,20.0,3,"KC(M), INC, TTP","NDA, UDF, LDF",1.41,2.64,LEAN / TOSS-UP,LOW,Historical TCPD + ML Risk Model + Gemini Live Sentiment,UDF,UDF,,False
Kerala,,Mananthavady(ST),2021,CPM,INC,INC,6.08,5.75,76.42,1.37,47.54,3,HIGH,3,50.0,50.0,75.0,20.0,3,"CPI(M), INC, BJP","NDA, UDF, LDF",1.6,2.06,SWING / FLIP,MODERATE,Historical TCPD + ML Risk Model + Gemini Live Sentiment,LDF,UDF,1.75,True
Kerala,MALAPPURAM,Mankada,2021,IUML,CPM,IUML,3.71,11.05,75.17,16.54,49.46,14,LOW,1,50.0,50.0,75.0,20.0,3,"IND, IUML, BJP","NDA, UDF, LDF",0.87,6.38,LIKELY HOLD,MODERATE,Historical TCPD + ML Risk Model + Gemini Live Sentiment,UDF,LDF,,False
Kerala,ERNAKULAM,Kochi,2021,CPM,INC,CPM,10.94,9.15,69.84,2.35,42.45,3,LOW,1,50.0,50.0,75.0,20.0,3,"CPI(M), INC, TTP","NDA, UDF, LDF",1.04,1.82,LIKELY HOLD,MODERATE,Historical TCPD + ML Risk Model + Gemini Live Sentiment,LDF,UDF,5.15,False
Kerala,KOLLAM,Kottarakkara,2021,CPM,INC,CPM,7.23,16.84,72.33,1.15,45.98,3,LOW,1,50.0,50.0,75.0,20.0,3,"CPI(M), INC, BJP","NDA, UDF, LDF",0.58,0.96,SAFE HOLD,HIGH,Historical TCPD + ML Risk Model + Gemini Live Sentiment,LDF,UDF,12.84,False
Kerala,PATHANAMTHITTA,Aranmula,2021,CPM,INC,CPM,11.74,9.45,65.46,4.67,46.3,14,LOW,1,50.0,50.0,75.0,20.0,3,"CPI(M), INC, BJP","NDA, UDF, LDF",1.01,2.57,LIKELY HOLD,MODERATE,Historical TCPD + ML Risk Model + Gemini Live Sentiment,LDF,UDF,5.449999999999999,False
Kerala,ERNAKULAM,Piravom,2021,KEC(J),KEC(M),KC(J),16.04,7.18,72.47,4.61,53.8,12,LOW,1,50.0,50.0,75.0,20.0,3,"KC(M), KC(J), TTP","NDA, UDF, LDF",1.3,2.84,LIKELY HOLD,MODERATE,Historical TCPD + ML Risk Model + Gemini Live Sentiment,UDF,UDF,,False
Kerala,THRISSUR,Kaipamangalam,2021,CPI,INC,CPI,16.68,17.7,76.69,1.1,53.76,3,LOW,1,50.0,50.0,75.0,20.0,3,"CPI, INC, BDJS","NDA, UDF, LDF",0.55,0.92,SAFE HOLD,HIGH,Historical TCPD + ML Risk Model + Gemini Live Sentiment,LDF,UDF,13.7,False
Kerala,,Vaikom(SC),2021,CPI,INC,CPI,22.83,9.24,75.61,3.9,55.96,15,LOW,1,50.0,50.0,75.0,20.0,3,"CPI, INC, BJP","NDA, UDF, LDF",1.03,2.33,LIKELY HOLD,MODERATE,Historical TCPD + ML Risk Model + Gemini Live Sentiment,LDF,UDF,5.24,False
Kerala,KOLLAM,Kollam,2021,CPM,INC,CPM,1.59,7.57,72.12,1.63,44.86,3,LOW,1,50.0,50.0,75.0,20.0,3,"CPI(M), INC, BJP","NDA, UDF, LDF",1.24,1.78,LIKELY HOLD,MODERATE,Historical TCPD + ML Risk Model + Gemini Live Sentiment,LDF,UDF,3.5700000000000003,False
Kerala,THIRUVANANTHAPURAM,Kattakkada,2021,CPM,INC,CPM,15.95,9.18,72.22,2.57,45.52,3,LOW,1,66.25,33.75,91.72,20.0,3,"CPI(M), INC, BJP","NDA, UDF, LDF",1.03,1.89,LIKELY HOLD,MODERATE,Historical TCPD + ML Risk Model + Gemini Live Sentiment,LDF,UDF,6.4799999999999995,False
Kerala,MALAPPURAM,Vengara,2021,IUML,CPM,IUML,23.26,31.11,69.88,0.79,53.5,3,LOW,1,50.0,50.0,75.0,20.0,3,"IND, IUML, BJP","NDA, UDF, LDF",0.32,0.58,SAFE HOLD,HIGH,Historical TCPD + ML Risk Model + Gemini Live Sentiment,UDF,LDF,,False
Kerala,ALAPPUZHA,Alappuzha,2021,CPM,INC,CPM,7.35,12.93,76.32,2.19,46.33,3,LOW,1,50.0,50.0,75.0,20.0,3,"CPI(M), INC, BJP","NDA, UDF, LDF",0.74,1.47,LIKELY HOLD,MODERATE,Historical TCPD + ML Risk Model + Gemini Live Sentiment,LDF,UDF,8.93,False
Kerala,,Kunnathunad(SC),2021,CPM,INC,INC,1.75,5.55,80.99,4.52,33.79,14,LOW,1,50.0,50.0,75.0,20.0,3,"CPI(M), INC, TTP","NDA, UDF, LDF",1.65,3.16,SWING / FLIP,MODERATE,Historical TCPD + ML Risk Model + Gemini Live Sentiment,LDF,UDF,1.5499999999999998,True
Kerala,ERNAKULAM,Kalamassery,2021,CPM,IUML,CPM,9.84,7.86,75.98,2.23,49.49,3,LOW,1,50.0,50.0,75.0,20.0,3,"CPI(M), IUML, BDJS","NDA, UDF, LDF",1.2,1.94,LIKELY HOLD,MODERATE,Historical TCPD + ML Risk Model + Gemini Live Sentiment,LDF,UDF,3.8600000000000003,False
Kerala,PALAKKAD,Chittur,2021,JD(S),INC,INC,22.16,9.87,79.15,7.15,55.38,14,MODERATE,2,50.0,50.0,75.0,20.0,3,"ISJD, INC, BJP","NDA, UDF, LDF",0.96,3.34,LIKELY HOLD,MODERATE,Historical TCPD + ML Risk Model + Gemini Live Sentiment,LDF,UDF,5.869999999999999,False
Kerala,KOTTAYAM,Changanassery,2021,KEC(M),KEC,KEC,4.9,2.91,70.3,2.02,44.85,3,CRITICAL,4,50.0,50.0,75.0,20.0,3,"KC(M), KEC, BJP","NDA, UDF, LDF",2.93,3.6,TOSS-UP / POSSIBLE FLIP,VERY LOW,Historical TCPD + ML Risk Model + Gemini Live Sentiment,UDF,UDF,,False
Kerala,MALAPPURAM,Kottakkal,2021,IUML,NCP,IUML,10.37,16.95,72.35,1.64,51.08,3,LOW,1,50.0,50.0,75.0,20.0,3,"CPI(M), IUML, BDJS","NDA, UDF, LDF",0.57,1.12,SAFE HOLD,HIGH,Historical TCPD + ML Risk Model + Gemini Live Sentiment,UDF,LDF,,False
Kerala,,Ernakulam,2006,INC,CPM,INC,6.68,8.32,61.18,6.95,49.72,12,LOW,1,50.0,50.0,75.0,20.0,3,"IND, INC, BJP","NDA, UDF, LDF",1.13,3.45,LIKELY HOLD,MODERATE,Historical TCPD + ML Risk Model + Gemini Live Sentiment,UDF,LDF,,False
Kerala,KOZHIKODE,Elathur,2021,NCP,IND,BJP,23.43,17.63,78.09,2.24,50.89,3,LOW,1,50.0,50.0,75.0,20.0,3,"NCP-SP, INC, BJP","NDA, UDF, LDF",0.55,1.3,SAFE HOLD,HIGH,Historical TCPD + ML Risk Model + Gemini Live Sentiment,LDF,OTHER,13.629999999999999,False
Kerala,THIRUVANANTHAPURAM,Nemom,2021,CPM,BJP,CPM,2.7,9.25,69.81,2.92,38.24,13,LOW,1,66.25,33.75,91.72,20.0,3,"CPI(M), INC, BJP","NDA, UDF, LDF",1.03,2.0,LIKELY HOLD,MODERATE,Historical TCPD + ML Risk Model + Gemini Live Sentiment,LDF,NDA,6.55,False
Kerala,,Thrippunithura,1996,INC,CPM,INC,11.01,5.17,71.34,4.04,51.62,7,CRITICAL,4,50.0,50.0,75.0,20.0,3,"CPI(M), INC, TTP","NDA, UDF, LDF",1.76,3.11,LEAN / TOSS-UP,LOW,Historical TCPD + ML Risk Model + Gemini Live Sentiment,UDF,LDF,,False
Kerala,MALAPPURAM,Tanur,2021,NSC,IUML,IUML,0.65,29.72,76.67,8.59,46.34,14,LOW,1,50.0,50.0,75.0,20.0,3,"IND, IUML, BJP","NDA, UDF, LDF",0.33,3.19,SAFE HOLD,HIGH,Historical TCPD + ML Risk Model + Gemini Live Sentiment,LDF,UDF,25.72,False
Kerala,KOTTAYAM,Kottayam,2021,INC,CPM,INC,15.4,10.78,72.57,4.56,53.72,14,LOW,1,50.0,50.0,75.0,20.0,3,"CPI(M), INC, BDJS","NDA, UDF, LDF",0.89,2.41,LIKELY HOLD,MODERATE,Historical TCPD + ML Risk Model + Gemini Live Sentiment,UDF,LDF,,False
Kerala,WAYANAD,Kalpetta,2021,INC,LJD,INC,3.59,13.1,74.22,6.92,46.15,14,LOW,1,50.0,50.0,75.0,20.0,3,"RJD, INC, BJP","NDA, UDF, LDF",0.74,3.05,LIKELY HOLD,MODERATE,Historical TCPD + ML Risk Model + Gemini Live Sentiment,UDF,LDF,,False
Kerala,KOZHIKODE,Kozhikode South,2021,INL,IUML,IUML,10.46,5.75,74.25,1.7,44.15,3,LOW,1,50.0,50.0,75.0,20.0,3,"INL, IUML, BJP","NDA, UDF, LDF",1.6,2.17,SWING / FLIP,MODERATE,Historical TCPD + ML Risk Model + Gemini Live Sentiment,LDF,UDF,1.75,True
Kerala,THIRUVANANTHAPURAM,Aruvikkara,2021,CPM,INC,CPM,3.46,8.66,73.28,5.57,45.83,4,LOW,1,66.25,33.75,91.72,20.0,3,"CPI(M), INC, BJP","NDA, UDF, LDF",1.09,2.95,LIKELY HOLD,MODERATE,Historical TCPD + ML Risk Model + Gemini Live Sentiment,LDF,UDF,5.96,False
Kerala,KOLLAM,Eravipuram,2021,CPM,RSP,CPM,22.1,13.44,70.69,4.74,56.25,14,LOW,1,50.0,50.0,75.0,20.0,3,"CPI(M), RSP, BDJS","NDA, UDF, LDF",0.72,2.3,LIKELY HOLD,MODERATE,Historical TCPD + ML Risk Model + Gemini Live Sentiment,LDF,LDF,9.44,False
Kerala,ERNAKULAM,Paravur,2021,INC,CPI,INC,13.43,11.38,77.15,3.26,51.87,3,LOW,1,50.0,50.0,75.0,20.0,3,"CPI, INC, BJP","NDA, UDF, LDF",0.84,1.93,LIKELY HOLD,MODERATE,Historical TCPD + ML Risk Model + Gemini Live Sentiment,UDF,LDF,,False
Kerala,THRISSUR,Ollur,2021,CPI,INC,INC,13.77,4.67,73.87,3.95,49.09,14,CRITICAL,4,50.0,50.0,75.0,20.0,3,"CPI, INC, BJP","NDA, UDF, LDF",1.93,3.25,SWING / FLIP,MODERATE,Historical TCPD + ML Risk Model + Gemini Live Sentiment,LDF,UDF,0.6699999999999999,True
Kerala,PALAKKAD,Nenmara,2021,CPM,Communist Marxist Party Kerala State Committee,CPM,18.94,10.07,76.83,1.78,52.89,3,LOW,1,50.0,50.0,75.0,20.0,3,"CPI(M), INC, BDJS","NDA, UDF, LDF",0.95,1.54,LIKELY HOLD,MODERATE,Historical TCPD + ML Risk Model + Gemini Live Sentiment,LDF,OTHER,6.07,False
Kerala,,Wandoor(SC),2021,INC,CPM,INC,9.16,13.24,73.66,6.12,51.44,11,LOW,1,50.0,50.0,75.0,20.0,3,"CPI(M), INC, IND","NDA, UDF, LDF",0.73,2.77,LIKELY HOLD,MODERATE,Historical TCPD + ML Risk Model + Gemini Live Sentiment,UDF,LDF,,False
Kerala,THIRUVANANTHAPURAM,Vamanapuram,2021,CPM,INC,CPM,6.99,6.64,70.91,3.55,49.91,14,HIGH,3,66.25,33.75,91.72,20.0,3,"CPI(M), INC, BDJS","NDA, UDF, LDF",1.4,2.58,LEAN / TOSS-UP,LOW,Historical TCPD + ML Risk Model + Gemini Live Sentiment,LDF,UDF,3.9399999999999995,False
Kerala,KASARAGOD,Kasaragod,2021,IUML,BJP,IUML,8.93,12.34,70.87,6.27,43.8,12,LOW,1,50.0,50.0,90.45,20.0,3,"IND, IUML, BJP","NDA, UDF, LDF",0.78,2.87,LIKELY HOLD,MODERATE,Historical TCPD + ML Risk Model + Gemini Live Sentiment,UDF,NDA,,False
Kerala,MALAPPURAM,Malappuram,2021,IUML,CPM,IUML,21.76,33.22,74.88,7.16,57.57,14,LOW,1,50.0,50.0,75.0,20.0,3,"NCP-SP, IUML, BJP","NDA, UDF, LDF",0.3,2.69,SAFE HOLD,HIGH,Historical TCPD + ML Risk Model + Gemini Live Sentiment,UDF,LDF,,False
Kerala,,Tarur(SC),2021,CPM,INC,CPM,18.68,19.87,75.9,1.26,51.58,3,LOW,1,50.0,50.0,75.0,20.0,3,"CPI(M), INC, BJP","NDA, UDF, LDF",0.49,0.91,SAFE HOLD,HIGH,Historical TCPD + ML Risk Model + Gemini Live Sentiment,LDF,UDF,15.870000000000001,False
Kerala,THRISSUR,Wadakkanchery,2021,CPM,INC,INC,8.93,4.59,76.16,1.95,47.7,3,HIGH,3,50.0,50.0,75.0,20.0,3,"CPI(M), INC, BJP","NDA, UDF, LDF",1.96,2.61,SWING / FLIP,MODERATE,Historical TCPD + ML Risk Model + Gemini Live Sentiment,LDF,UDF,0.5899999999999999,True
Kerala,,Chelakkara(SC),2021,CPM,INC,CPM,25.7,17.0,76.01,1.4,54.41,3,LOW,1,50.0,50.0,75.0,20.0,3,"CPI(M), IND, BJP","NDA, UDF, LDF",0.57,1.04,SAFE HOLD,HIGH,Historical TCPD + ML Risk Model + Gemini Live Sentiment,LDF,UDF,13.0,False
Kerala,,Irinjalakuda,2006,KEC(M),CPM,CPM,6.89,8.4,75.39,3.74,50.66,11,HIGH,3,50.0,50.0,75.0,20.0,3,"CPI(M), KEC, BJP","NDA, UDF, LDF",1.12,2.37,LIKELY HOLD,MODERATE,Historical TCPD + ML Risk Model + Gemini Live Sentiment,UDF,LDF,,False
Kerala,THRISSUR,Kodungallur,2021,CPI,INC,CPI,16.05,9.15,75.0,3.55,47.99,11,HIGH,3,50.0,50.0,75.0,20.0,3,"CPI, INC, TTP","NDA, UDF, LDF",1.04,2.22,LIKELY HOLD,MODERATE,Historical TCPD + ML Risk Model + Gemini Live Sentiment,LDF,UDF,5.15,False
Kerala,THIRUVANANTHAPURAM,Varkala,2021,CPM,INC,CPM,13.18,11.53,70.23,5.1,50.89,14,LOW,1,66.25,33.75,91.72,20.0,3,"CPI(M), INC, BJP","NDA, UDF, LDF",0.83,2.53,LIKELY HOLD,MODERATE,Historical TCPD + ML Risk Model + Gemini Live Sentiment,LDF,UDF,8.829999999999998,False
Kerala,IDUKKI,Idukki,2021,KEC(M),KEC,BDJS,4.24,8.51,68.97,5.28,47.48,11,LOW,1,50.0,50.0,75.0,20.0,3,"KC(M), INC, BDJS","NDA, UDF, LDF",1.11,2.87,LIKELY HOLD,MODERATE,Historical TCPD + ML Risk Model + Gemini Live Sentiment,UDF,UDF,,False
Kerala,KANNUR,Irikkur,2021,INC,KEC(M),INC,6.56,11.64,75.63,3.41,50.33,14,LOW,1,50.0,50.0,75.0,20.0,3,"KC(M), INC, TTP","NDA, UDF, LDF",0.82,1.96,LIKELY HOLD,MODERATE,Historical TCPD + ML Risk Model + Gemini Live Sentiment,UDF,UDF,,False
Kerala,KOTTAYAM,Kanjirappally,2021,KEC(M),INC,INC,9.95,6.15,72.13,3.42,43.79,12,HIGH,3,50.0,50.0,75.0,20.0,3,"KC(M), INC, BJP","NDA, UDF, LDF",1.5,2.64,LEAN / TOSS-UP,LOW,Historical TCPD + ML Risk Model + Gemini Live Sentiment,UDF,UDF,,False
Kerala,THIRUVANANTHAPURAM,Kovalam,2021,INC,JD(S),INC,7.27,9.04,70.94,4.08,47.06,14,LOW,1,66.25,33.75,91.72,20.0,3,"IND, INC, BJP","NDA, UDF, LDF",1.05,2.41,LIKELY HOLD,MODERATE,Historical TCPD + ML Risk Model + Gemini Live Sentiment,UDF,LDF,,False
Kerala,,Sulthan Bathery(ST),2021,INC,CPM,INC,7.06,6.26,74.3,2.41,48.42,3,LOW,1,50.0,50.0,75.0,20.0,3,"CPI(M), INC, BJP","NDA, UDF, LDF",1.48,2.28,LEAN / TOSS-UP,LOW,Historical TCPD + ML Risk Model + Gemini Live Sentiment,UDF,LDF,,False
Kerala,,Chirayinkeezhu(SC),2021,CPI,INC,CPI,9.66,10.29,70.82,2.03,43.17,3,LOW,1,50.0,50.0,75.0,20.0,3,"CPI, INC, BJP","NDA, UDF, LDF",0.93,1.61,LIKELY HOLD,MODERATE,Historical TCPD + ML Risk Model + Gemini Live Sentiment,LDF,UDF,6.289999999999999,False
Kerala,PALAKKAD,Pattambi,2021,CPI,INC,CPI,11.83,8.35,76.48,5.37,49.58,14,LOW,1,50.0,50.0,75.0,20.0,3,"CPI, INC, BJP","NDA, UDF, LDF",1.13,2.92,LIKELY HOLD,MODERATE,Historical TCPD + ML Risk Model + Gemini Live Sentiment,LDF,UDF,4.35,False
Kerala,KOLLAM,Chavara,2021,IND,RSP,BJP,0.77,9.27,76.2,2.88,44.29,11,LOW,1,50.0,50.0,75.0,20.0,3,"IND, RSP, BJP","NDA, UDF, LDF",1.02,1.98,SWING / FLIP,MODERATE,Historical TCPD + ML Risk Model + Gemini Live Sentiment,OTHER,LDF,5.27,True
Kerala,KOTTAYAM,Poonjar,2021,KEC(M),"Kerala Janapaksham (Secular),",BJP,12.02,12.42,72.47,3.72,41.94,14,LOW,1,50.0,50.0,75.0,20.0,3,"KC(M), INC, BJP","NDA, UDF, LDF",0.77,2.01,LIKELY HOLD,MODERATE,Historical TCPD + ML Risk Model + Gemini Live Sentiment,UDF,OTHER,,False
Kerala,KOLLAM,Kundara,2021,INC,CPM,INC,2.89,9.89,73.94,3.96,48.85,14,HIGH,3,50.0,50.0,75.0,20.0,3,"CPI(M), INC, BJP","NDA, UDF, LDF",0.96,2.28,LIKELY HOLD,MODERATE,Historical TCPD + ML Risk Model + Gemini Live Sentiment,UDF,LDF,,False
Kerala,KOLLAM,Chadayamangalam,2021,CPI,INC,CPI,9.29,12.61,70.82,3.02,45.69,12,LOW,1,50.0,50.0,75.0,20.0,3,"CPI, INC, BJP","NDA, UDF, LDF",0.76,1.77,LIKELY HOLD,MODERATE,Historical TCPD + ML Risk Model + Gemini Live Sentiment,LDF,UDF,8.61,False
Kerala,,Manjeshwaram,2021,IUML,BJP,IUML,0.43,0.43,76.81,0.0,38.14,1,CRITICAL,4,50.0,50.0,75.0,20.0,3,"CPI(M), IUML, BJP","NDA, UDF, LDF",10.0,10.0,TOSS-UP / POSSIBLE FLIP,VERY LOW,Historical TCPD + ML Risk Model + Gemini Live Sentiment,UDF,NDA,,False
Kerala,KOTTAYAM,Puthuppally,2021,INC,CPM,INC,6.86,16.63,73.22,4.74,48.08,11,LOW,1,50.0,50.0,75.0,20.0,3,"CPI(M), INC, BJP","NDA, UDF, LDF",0.58,2.16,SAFE HOLD,HIGH,Historical TCPD + ML Risk Model + Gemini Live Sentiment,UDF,LDF,,False
Kerala,PALAKKAD,Alathur,2021,CPM,INC,CPM,25.2,18.8,77.56,5.29,55.15,14,LOW,1,50.0,50.0,75.0,20.0,3,"CPI(M), INC, BJP","NDA, UDF, LDF",0.52,2.28,SAFE HOLD,HIGH,Historical TCPD + ML Risk Model + Gemini Live Sentiment,LDF,UDF,14.8,False
Kerala,MALAPPURAM,Kondotty,2021,IUML,IND,IUML,10.76,21.59,78.64,4.93,50.42,13,LOW,1,50.0,50.0,75.0,20.0,3,"CPI(M), IUML, BJP","NDA, UDF, LDF",0.45,2.09,SAFE HOLD,HIGH,Historical TCPD + ML Risk Model + Gemini Live Sentiment,UDF,OTHER,,False
Kerala,KANNUR,Kannur,2021,C(S),INC,INC,1.3,4.82,74.94,2.29,44.98,4,LOW,1,50.0,50.0,75.0,20.0,3,"Cong(S), INC, BJP","NDA, UDF, LDF",1.88,2.64,SWING / FLIP,MODERATE,Historical TCPD + ML Risk Model + Gemini Live Sentiment,LDF,UDF,0.8200000000000003,True
Kerala,THRISSUR,Thrissur,2021,CPI,INC,INC,0.73,6.85,68.86,2.16,34.25,3,LOW,1,50.0,50.0,75.0,20.0,3,"CPI, INC, BJP","NDA, UDF, LDF",1.36,2.08,SWING / FLIP,MODERATE,Historical TCPD + ML Risk Model + Gemini Live Sentiment,LDF,UDF,2.8499999999999996,True
Kerala,THIRUVANANTHAPURAM,Neyyattinkara,2021,CPM,INC,CPM,10.24,9.27,72.16,4.54,47.02,13,LOW,1,66.25,33.75,91.72,20.0,3,"CPI(M), INC, BJP","NDA, UDF, LDF",1.02,2.53,LIKELY HOLD,MODERATE,Historical TCPD + ML Risk Model + Gemini Live Sentiment,LDF,UDF,6.569999999999999,False
Kerala,ALAPPUZHA,Chengannur,2021,CPM,INC,CPM,21.81,9.4,69.11,3.45,48.58,15,LOW,1,50.0,50.0,75.0,20.0,3,"CPI(M), INC, BJP","NDA, UDF, LDF",1.01,2.16,LIKELY HOLD,MODERATE,Historical TCPD + ML Risk Model + Gemini Live Sentiment,LDF,UDF,5.4,False
Kerala,,Guruvayur,1967,MUL,INC,BJP,1.03,1.03,74.23,2.12,46.86,2,LOW,1,50.0,50.0,75.0,20.0,3,"CPI(M), IUML, BJP","NDA, UDF, LDF",6.54,7.25,TOSS-UP / POSSIBLE FLIP,VERY LOW,Historical TCPD + ML Risk Model + Gemini Live Sentiment,UDF,UDF,,False
Kerala,PALAKKAD,Palakkad,2021,INC,BJP,INC,2.72,7.33,73.83,1.91,38.06,3,LOW,1,50.0,50.0,75.0,20.0,3,"IND, INC, BJP","NDA, UDF, LDF",1.28,1.92,LIKELY HOLD,MODERATE,Historical TCPD + ML Risk Model + Gemini Live Sentiment,UDF,NDA,,False
Kerala,PALAKKAD,Ottapalam,2021,CPM,INC,CPM,9.4,10.51,75.77,7.93,46.45,13,MODERATE,2,50.0,50.0,75.0,20.0,3,"CPI(M), IND, BJP","NDA, UDF, LDF",0.91,3.55,LIKELY HOLD,MODERATE,Historical TCPD + ML Risk Model + Gemini Live Sentiment,LDF,UDF,6.51,False
Kerala,KOZHIKODE,Perambra,2021,CPM,IND,IUML,13.8,6.91,79.85,2.65,52.54,13,HIGH,3,50.0,50.0,75.0,20.0,3,"CPI(M), IUML, BJP","NDA, UDF, LDF",1.35,2.23,SWING / FLIP,MODERATE,Historical TCPD + ML Risk Model + Gemini Live Sentiment,LDF,OTHER,2.91,True
Kerala,,Adoor(SC),2021,CPI,INC,CPI,1.88,9.21,72.05,4.13,42.83,14,LOW,1,50.0,50.0,75.0,20.0,3,"CPI, INC, BJP","NDA, UDF, LDF",1.03,2.41,LIKELY HOLD,MODERATE,Historical TCPD + ML Risk Model + Gemini Live Sentiment,LDF,UDF,5.210000000000001,False
Kerala,KOZHIKODE,Koduvally,2021,IUML,IND,IUML,4.2,6.86,80.05,3.43,47.86,11,HIGH,3,50.0,50.0,75.0,20.0,3,"IND, IUML, BDJS","NDA, UDF, LDF",1.36,2.5,LEAN / TOSS-UP,LOW,Historical TCPD + ML Risk Model + Gemini Live Sentiment,UDF,OTHER,,False
Kerala,MALAPPURAM,Eranad,2021,IUML,IND,IUML,15.74,11.69,77.68,1.75,54.49,3,LOW,1,50.0,50.0,75.0,20.0,3,"CPI, IUML, BJP","NDA, UDF, LDF",0.82,1.4,LIKELY HOLD,MODERATE,Historical TCPD + ML Risk Model + Gemini Live Sentiment,UDF,OTHER,,False
Kerala,MALAPPURAM,Perinthalmanna,2021,IUML,IND,IUML,0.02,6.03,74.73,4.27,46.21,11,HIGH,3,50.0,50.0,75.0,20.0,3,"CPI(M), IUML, BJP","NDA, UDF, LDF",1.53,2.95,LEAN / TOSS-UP,LOW,Historical TCPD + ML Risk Model + Gemini Live Sentiment,UDF,OTHER,,False
Kerala,,Kuttiady,2021,CPM,IUML,IUML,0.2,1.94,81.3,2.66,47.2,3,LOW,1,50.0,50.0,75.0,20.0,3,"CPI(M), IUML, BJP","NDA, UDF, LDF",4.1,4.99,SWING / FLIP,MODERATE,Historical TCPD + ML Risk Model + Gemini Live Sentiment,LDF,UDF,-2.06,True
Kerala,THIRUVANANTHAPURAM,Thiruvananthapuram,2021,Janadhipathiya Kerala Congress,INC,CMP,5.53,6.39,61.85,2.1,38.01,3,LOW,1,66.25,33.75,91.72,20.0,3,"IND, CMP, BJP","NDA, UDF, LDF",1.45,2.15,LEAN / TOSS-UP,LOW,Historical TCPD + ML Risk Model + Gemini Live Sentiment,LDF,UDF,3.6899999999999995,False
Kerala,KANNUR,Taliparamba,2021,CPM,INC,CPM,12.74,12.74,80.94,3.17,52.14,14,LOW,1,50.0,50.0,75.0,20.0,3,"CPI(M), IND, BJP","NDA, UDF, LDF",0.76,1.82,LIKELY HOLD,MODERATE,Historical TCPD + ML Risk Model + Gemini Live Sentiment,LDF,UDF,8.74,False
Kerala,KANNUR,Peravoor,2021,INC,CPM,INC,2.23,4.81,78.07,2.42,46.93,11,CRITICAL,4,50.0,50.0,75.0,20.0,3,"CPI(M), INC, BDJS","NDA, UDF, LDF",1.88,2.69,LEAN / TOSS-UP,LOW,Historical TCPD + ML Risk Model + Gemini Live Sentiment,UDF,LDF,,False
Kerala,MALAPPURAM,Vallikkunnu,2021,IUML,INL,IUML,9.32,11.49,74.46,1.04,47.43,3,LOW,1,50.0,50.0,75.0,20.0,3,"IND, IUML, BJP","NDA, UDF, LDF",0.83,1.18,LIKELY HOLD,MODERATE,Historical TCPD + ML Risk Model + Gemini Live Sentiment,UDF,LDF,,False
Kerala,PALAKKAD,Shornur,2021,CPM,INC,CPM,24.14,17.56,76.76,1.56,48.98,3,LOW,1,50.0,50.0,75.0,20.0,3,"CPI(M), INC, BJP","NDA, UDF, LDF",0.55,1.07,SAFE HOLD,HIGH,Historical TCPD + ML Risk Model + Gemini Live Sentiment,LDF,UDF,13.559999999999999,False
Kerala,KOTTAYAM,Ettumanoor,2021,CPM,KEC,CPM,11.34,7.42,72.99,4.51,46.2,13,LOW,1,50.0,50.0,75.0,20.0,3,"CPI(M), INC, TTP","NDA, UDF, LDF",1.26,2.76,LIKELY HOLD,MODERATE,Historical TCPD + ML Risk Model + Gemini Live Sentiment,LDF,UDF,3.42,False
Kerala,,Devikulam(SC),2021,CPM,INC,INC,6.78,5.17,67.38,2.15,51.0,3,CRITICAL,4,50.0,50.0,75.0,20.0,3,"CPI(M), INC, BJP","NDA, UDF, LDF",1.76,2.48,SWING / FLIP,MODERATE,Historical TCPD + ML Risk Model + Gemini Live Sentiment,LDF,UDF,1.17,True
Kerala,,Thrikaripur,2021,CPM,KEC,CPM,16.29,11.21,76.77,2.13,53.71,3,LOW,1,50.0,50.0,75.0,20.0,3,"CPI(M), INC, TTP","NDA, UDF, LDF",0.85,1.56,LIKELY HOLD,MODERATE,Historical TCPD + ML Risk Model + Gemini Live Sentiment,LDF,UDF,7.210000000000001,False
Kerala,MALAPPURAM,Nilambur,2021,IND,INC,BDJS,1.56,9.22,75.2,5.62,46.9,15,LOW,1,50.0,50.0,75.0,20.0,3,"IND, INC, BDJS","NDA, UDF, LDF",1.03,2.9,SWING / FLIP,MODERATE,Historical TCPD + ML Risk Model + Gemini Live Sentiment,OTHER,UDF,5.220000000000001,True
Kerala,KOTTAYAM,Kaduthuruthy,2021,KEC,KEC(M),KEC,3.24,11.88,68.05,5.02,45.4,14,LOW,1,50.0,50.0,75.0,20.0,3,"KC(M), KEC, BDJS","NDA, UDF, LDF",0.81,2.48,LIKELY HOLD,MODERATE,Historical TCPD + ML Risk Model + Gemini Live Sentiment,UDF,UDF,,False
Kerala,KOLLAM,Punalur,2021,CPI,IUML,CPI,25.34,20.22,69.36,0.66,54.99,4,LOW,1,50.0,50.0,75.0,20.0,3,"CPI, IUML, TTP","NDA, UDF, LDF",0.48,0.7,SAFE HOLD,HIGH,Historical TCPD + ML Risk Model + Gemini Live Sentiment,LDF,UDF,16.22,False
Kerala,THRISSUR,Manalur,2021,CPM,INC,CPM,17.84,8.61,73.2,4.46,46.77,14,LOW,1,50.0,50.0,75.0,20.0,3,"CPI(M), INC, BJP","NDA, UDF, LDF",1.1,2.59,LIKELY HOLD,MODERATE,Historical TCPD + ML Risk Model + Gemini Live Sentiment,LDF,UDF,4.609999999999999,False
Kerala,PATHANAMTHITTA,Ranni,2021,KEC(M),INC,INC,1.01,7.49,63.83,4.6,41.22,15,LOW,1,50.0,50.0,75.0,20.0,3,"KC(M), INC, TTP","NDA, UDF, LDF",1.25,2.78,LIKELY HOLD,MODERATE,Historical TCPD + ML Risk Model + Gemini Live Sentiment,UDF,UDF,,False
Kerala,MALAPPURAM,Tirurangadi,2021,IUML,IND,IUML,6.48,16.43,74.02,4.98,49.74,14,LOW,1,50.0,50.0,75.0,20.0,3,"CPI, IUML, BJP","NDA, UDF, LDF",0.59,2.25,SAFE HOLD,HIGH,Historical TCPD + ML Risk Model + Gemini Live Sentiment,UDF,OTHER,,False
Kerala,KOZHIKODE,Beypore,2021,CPM,INC,CPM,17.4,10.8,78.05,3.35,49.73,14,HIGH,3,50.0,50.0,75.0,20.0,3,"CPI(M), IND, BJP","NDA, UDF, LDF",0.88,2.0,LIKELY HOLD,MODERATE,Historical TCPD + ML Risk Model + Gemini Live Sentiment,LDF,UDF,6.800000000000001,False
Kerala,KOLLAM,Karunagappally,2021,INC,CPI,INC,16.86,9.49,78.76,1.69,54.38,3,LOW,1,50.0,50.0,75.0,20.0,3,"CPI, INC, BJP","NDA, UDF, LDF",1.0,1.56,LIKELY HOLD,MODERATE,Historical TCPD + ML Risk Model + Gemini Live Sentiment,UDF,LDF,,False
Kerala,,Balussery(SC),2021,CPM,INC,CPM,11.2,9.05,78.42,3.29,50.47,14,HIGH,3,50.0,50.0,75.0,20.0,3,"CPI(M), INC, BJP","NDA, UDF, LDF",1.05,2.15,LIKELY HOLD,MODERATE,Historical TCPD + ML Risk Model + Gemini Live Sentiment,LDF,UDF,5.050000000000001,False
Kerala,KOZHIKODE,Kunnamangalam,2021,IND,IND,IUML,5.3,8.97,81.52,4.91,43.93,14,LOW,1,50.0,50.0,75.0,20.0,3,"IND, IUML, BJP","NDA, UDF, LDF",1.06,2.7,SWING / FLIP,MODERATE,Historical TCPD + ML Risk Model + Gemini Live Sentiment,OTHER,OTHER,4.970000000000001,True
Kerala,,Mannarkkad,2006,CPI,MUL,MUL,5.1,6.67,74.78,5.69,49.63,8,CRITICAL,4,50.0,50.0,75.0,20.0,3,"CPI, IUML, BDJS","NDA, UDF, LDF",1.39,3.29,SWING / FLIP,MODERATE,Historical TCPD + ML Risk Model + Gemini Live Sentiment,LDF,UDF,2.67,True
Kerala,,Chathannoor,1967,CPI,KEC,CPI,22.68,22.68,78.58,0.0,55.0,1,LOW,1,50.0,50.0,75.0,20.0,3,"CPI, INC, BJP","NDA, UDF, LDF",0.43,0.43,SAFE HOLD,HIGH,Historical TCPD + ML Risk Model + Gemini Live Sentiment,LDF,UDF,18.68,False
Kerala,KANNUR,Kuthuparamba,2021,LJD,IUML,IUML,6.13,15.61,78.15,3.14,45.36,15,LOW,1,50.0,50.0,75.0,20.0,3,"RJD, IUML, BJP","NDA, UDF, LDF",0.62,1.67,SAFE HOLD,HIGH,Historical TCPD + ML Risk Model + Gemini Live Sentiment,LDF,UDF,11.61,False
Kerala,KASARAGOD,Udma,2021,CPM,INC,CPM,8.06,7.69,75.53,3.76,47.58,12,HIGH,3,50.0,50.0,90.45,20.0,3,"CPI(M), INC, BJP","NDA, UDF, LDF",1.22,2.47,LIKELY HOLD,MODERATE,Historical TCPD + ML Risk Model + Gemini Live Sentiment,LDF,UDF,3.6900000000000004,False
Kerala,THRISSUR,Kunnamkulam,2021,CPM,INC,INC,17.2,7.1,76.43,5.0,48.78,14,HIGH,3,50.0,50.0,75.0,20.0,3,"CPI(M), INC, BDJS","NDA, UDF, LDF",1.32,2.99,SWING / FLIP,MODERATE,Historical TCPD + ML Risk Model + Gemini Live Sentiment,LDF,UDF,3.0999999999999996,True
Kerala,KOZHIKODE,Nadapuram,2021,CPI,INC,CPI,2.3,9.25,78.88,3.22,47.46,14,LOW,1,50.0,50.0,75.0,20.0,3,"CPI, INC, BJP","NDA, UDF, LDF",1.03,2.1,LIKELY HOLD,MODERATE,Historical TCPD + ML Risk Model + Gemini Live Sentiment,LDF,UDF,5.25,False
Kerala,,Ambalappuzha,2021,CPM,INC,CPM,8.12,7.52,74.78,3.8,44.79,14,HIGH,3,50.0,50.0,75.0,20.0,3,"CPI(M), IND, BJP","NDA, UDF, LDF",1.25,2.52,LIKELY HOLD,MODERATE,Historical TCPD + ML Risk Model + Gemini Live Sentiment,LDF,UDF,3.5199999999999996,False
Kerala,,Koyilandy,2021,CPM,INC,INC,5.23,6.89,77.58,2.86,46.66,14,HIGH,3,50.0,50.0,75.0,20.0,3,"CPI(M), INC, BJP","NDA, UDF, LDF",1.35,2.3,SWING / FLIP,MODERATE,Historical TCPD + ML Risk Model + Gemini Live Sentiment,LDF,UDF,2.8899999999999997,True
Kerala,ALAPPUZHA,Kuttanad,2021,NCP,KEC,KEC,4.39,8.47,72.25,3.9,45.67,14,MODERATE,2,50.0,50.0,75.0,20.0,3,"NCP-SP, KEC, BDJS","NDA, UDF, LDF",1.11,2.41,LIKELY HOLD,MODERATE,Historical TCPD + ML Risk Model + Gemini Live Sentiment,LDF,UDF,4.470000000000001,False
Kerala,KOTTAYAM,Pala,2021,IND,KEC(M),KEC(M),11.11,5.25,72.56,2.32,50.43,4,CRITICAL,4,50.0,50.0,75.0,20.0,3,"KC(M), DCK, BJP","NDA, UDF, LDF",1.74,2.51,SWING / FLIP,MODERATE,Historical TCPD + ML Risk Model + Gemini Live Sentiment,OTHER,UDF,1.25,True
Kerala,,Kongad(SC),2021,CPM,IUML,CPM,19.65,10.9,75.16,1.76,49.01,3,LOW,1,50.0,50.0,75.0,20.0,3,"CPI(M), INC, BJP","NDA, UDF, LDF",0.88,1.47,LIKELY HOLD,MODERATE,Historical TCPD + ML Risk Model + Gemini Live Sentiment,LDF,UDF,6.9,False
Kerala,IDUKKI,Thodupuzha,2021,KEC,KEC(M),KEC,14.6,11.89,70.17,4.06,48.63,14,LOW,1,50.0,50.0,75.0,20.0,3,"KC(M), KEC, TTP","NDA, UDF, LDF",0.81,2.16,LIKELY HOLD,MODERATE,Historical TCPD + ML Risk Model + Gemini Live Sentiment,UDF,UDF,,False
Kerala,ALAPPUZHA,Haripad,2021,INC,CPI,INC,9.07,5.34,74.27,3.56,48.31,13,HIGH,3,50.0,50.0,75.0,20.0,3,"CPI, INC, BJP","NDA, UDF, LDF",1.71,2.9,LEAN / TOSS-UP,LOW,Historical TCPD + ML Risk Model + Gemini Live Sentiment,UDF,LDF,,False
Kerala,ERNAKULAM,Thrikkakara,2021,INC,IND,INC,10.49,12.79,69.28,2.34,43.82,3,LOW,1,50.0,50.0,75.0,20.0,3,"CPI(M), INC, TTP","NDA, UDF, LDF",0.75,1.53,LIKELY HOLD,MODERATE,Historical TCPD + ML Risk Model + Gemini Live Sentiment,UDF,OTHER,,False
Kerala,,Kunnathur(SC),2021,IND,RSP,BJP,1.73,11.66,75.37,3.21,43.13,14,LOW,1,50.0,50.0,75.0,20.0,3,"RSP(L), RSP, BJP","NDA, UDF, LDF",0.82,1.89,SWING / FLIP,MODERATE,Historical TCPD + ML Risk Model + Gemini Live Sentiment,OTHER,LDF,7.66,True
Kerala,PALAKKAD,Thrithala,2021,CPM,INC,INC,1.98,4.6,77.04,4.41,45.84,11,CRITICAL,4,50.0,50.0,75.0,20.0,3,"CPI(M), INC, BJP","NDA, UDF, LDF",1.96,3.43,SWING / FLIP,MODERATE,Historical TCPD + ML Risk Model + Gemini Live Sentiment,LDF,UDF,0.5999999999999996,True
Kerala,,Nattika(SC),2021,CPI,INC,CPI,18.52,8.65,71.33,4.35,47.49,14,LOW,1,50.0,50.0,75.0,20.0,3,"CPI, INC, BJP","NDA, UDF, LDF",1.09,2.54,LIKELY HOLD,MODERATE,Historical TCPD + ML Risk Model + Gemini Live Sentiment,LDF,UDF,4.65,False
Kerala,,Mattanur,2021,CPM,RSP,CPM,39.3,30.48,79.54,1.73,61.97,3,LOW,1,50.0,50.0,75.0,20.0,3,"CPI(M), INC, BJP","NDA, UDF, LDF",0.32,0.9,SAFE HOLD,HIGH,Historical TCPD + ML Risk Model + Gemini Live Sentiment,LDF,LDF,26.48,False
Kerala,PATHANAMTHITTA,Konni,2021,CPM,INC,INC,5.68,6.42,71.42,3.46,41.62,15,LOW,1,50.0,50.0,75.0,20.0,3,"CPI(M), INC, BDJS","NDA, UDF, LDF",1.45,2.6,SWING / FLIP,MODERATE,Historical TCPD + ML Risk Model + Gemini Live Sentiment,LDF,UDF,2.42,True
Kerala,KANNUR,Kalliasseri,2021,CPM,INC,CPM,30.49,28.46,76.41,1.21,60.62,3,LOW,1,50.0,50.0,75.0,20.0,3,"CPI(M), INC, BJP","NDA, UDF, LDF",0.35,0.75,SAFE HOLD,HIGH,Historical TCPD + ML Risk Model + Gemini Live Sentiment,LDF,UDF,24.46,False
Kerala,IDUKKI,Peerumade,2021,CPI,INC,INC,1.44,1.94,72.22,1.55,47.25,3,CRITICAL,4,50.0,50.0,75.0,20.0,3,"CPI, INC, BJP","NDA, UDF, LDF",4.1,4.62,SWING / FLIP,MODERATE,Historical TCPD + ML Risk Model + Gemini Live Sentiment,LDF,UDF,-2.06,True
Kerala,,Vypin,2021,CPM,INC,CPM,6.28,8.46,74.72,2.32,41.24,3,LOW,1,50.0,50.0,75.0,20.0,3,"CPI(M), INC, TTP","NDA, UDF, LDF",1.12,1.89,LIKELY HOLD,MODERATE,Historical TCPD + ML Risk Model + Gemini Live Sentiment,LDF,UDF,4.460000000000001,False
Kerala,MALAPPURAM,Manjeri,2021,IUML,CPI,IUML,9.28,25.14,74.32,10.81,50.22,15,LOW,1,50.0,50.0,75.0,20.0,3,"IND, IUML, BJP","NDA, UDF, LDF",0.39,3.99,SAFE HOLD,HIGH,Historical TCPD + ML Risk Model + Gemini Live Sentiment,UDF,LDF,,False
Kerala,ERNAKULAM,Muvattupuzha,2021,INC,CPI,INC,4.27,6.81,73.57,4.61,44.63,14,MODERATE,2,50.0,50.0,75.0,20.0,3,"CPI, INC, TTP","NDA, UDF, LDF",1.37,2.91,LEAN / TOSS-UP,LOW,Historical TCPD + ML Risk Model + Gemini Live Sentiment,UDF,LDF,,False
Kerala,ERNAKULAM,Kothamangalam,2021,CPM,KEC,KEC,4.83,6.78,76.89,5.01,46.99,14,MODERATE,2,50.0,50.0,75.0,20.0,3,"CPI(M), KEC, BDJS","NDA, UDF, LDF",1.37,3.04,SWING / FLIP,MODERATE,Historical TCPD + ML Risk Model + Gemini Live Sentiment,LDF,UDF,2.7800000000000002,True
Kerala,,Chalakudy,1970,INC,IND,INC,16.15,16.15,72.99,0.0,55.18,1,LOW,1,50.0,50.0,75.0,20.0,3,"KC(M), INC, TTP","NDA, UDF, LDF",0.6,0.6,SAFE HOLD,HIGH,Historical TCPD + ML Risk Model + Gemini Live Sentiment,UDF,OTHER,,False
Kerala,THIRUVANANTHAPURAM,Kazhakkoottam,2021,CPM,BJP,CPM,16.99,8.16,69.61,2.72,46.04,3,LOW,1,66.25,33.75,91.72,20.0,3,"CPI(M), INC, BJP","NDA, UDF, LDF",1.15,2.06,LIKELY HOLD,MODERATE,Historical TCPD + ML Risk Model + Gemini Live Sentiment,LDF,NDA,5.46,False
Kerala,,Payyanur,2021,CPM,INC,CPM,33.2,21.64,79.0,3.24,62.49,14,LOW,1,50.0,50.0,75.0,20.0,3,"CPI(M), IND, BJP","NDA, UDF, LDF",0.45,1.53,SAFE HOLD,HIGH,Historical TCPD + ML Risk Model + Gemini Live Sentiment,LDF,UDF,17.64,False
Kerala,MALAPPURAM,Thavanur,2021,IND,INC,INC,1.69,6.43,74.4,1.56,46.46,3,LOW,1,50.0,50.0,75.0,20.0,3,"IND, INC, BJP","NDA, UDF, LDF",1.44,1.96,SWING / FLIP,MODERATE,Historical TCPD + ML Risk Model + Gemini Live Sentiment,OTHER,UDF,2.4299999999999997,True
Kerala,MALAPPURAM,Ponnani,2021,CPM,INC,CPM,11.72,9.11,69.63,3.76,51.35,14,MODERATE,2,50.0,50.0,75.0,20.0,3,"CPI(M), INC, BDJS","NDA, UDF, LDF",1.04,2.29,LIKELY HOLD,MODERATE,Historical TCPD + ML Risk Model + Gemini Live Sentiment,LDF,UDF,5.109999999999999,False
Kerala,,Dharmadom,2021,CPM,INC,CPM,31.28,22.14,80.22,1.43,59.61,3,LOW,1,50.0,50.0,75.0,20.0,3,"CPI(M), INC, BJP","NDA, UDF, LDF",0.44,0.92,SAFE HOLD,HIGH,Historical TCPD + ML Risk Model + Gemini Live Sentiment,LDF,UDF,18.14,False
Kerala,,Attingal(SC),2021,CPM,BJP,CPM,21.43,13.72,70.54,4.96,47.35,15,LOW,1,50.0,50.0,75.0,20.0,3,"CPI(M), RSP, BJP","NDA, UDF, LDF",0.7,2.35,LIKELY HOLD,MODERATE,Historical TCPD + ML Risk Model + Gemini Live Sentiment,LDF,NDA,9.72,False
Kerala,ALAPPUZHA,Cherthala,2021,CPI,INC,INC,3.45,6.26,80.74,2.52,47.0,3,LOW,1,50.0,50.0,75.0,20.0,3,"CPI, INC, BDJS","NDA, UDF, LDF",1.48,2.32,SWING / FLIP,MODERATE,Historical TCPD + ML Risk Model + Gemini Live Sentiment,LDF,UDF,2.26,True
Kerala,,Mavelikara(SC),2021,CPM,INC,CPM,16.4,8.76,71.18,2.14,47.61,13,HIGH,3,50.0,50.0,75.0,20.0,3,"CPI(M), INC, BJP","NDA, UDF, LDF",1.08,1.79,LIKELY HOLD,MODERATE,Historical TCPD + ML Risk Model + Gemini Live Sentiment,LDF,UDF,4.76,False
Kerala,KANNUR,Thalassery,2021,CPM,INC,CPM,27.67,25.3,73.94,2.43,61.52,3,LOW,1,50.0,50.0,75.0,20.0,3,"CPI(M), INC, BJP","NDA, UDF, LDF",0.39,1.2,SAFE HOLD,HIGH,Historical TCPD + ML Risk Model + Gemini Live Sentiment,LDF,UDF,21.3,False
Kerala,ERNAKULAM,Aluva,2021,INC,IND,INC,12.55,11.9,75.33,3.26,49.0,3,LOW,1,50.0,50.0,75.0,20.0,3,"CPI(M), INC, BJP","NDA, UDF, LDF",0.81,1.9,LIKELY HOLD,MODERATE,Historical TCPD + ML Risk Model + Gemini Live Sentiment,UDF,OTHER,,False
Kerala,KOZHIKODE,Kozhikode North,2021,CPM,INC,CPM,9.4,12.72,73.91,1.82,42.98,3,LOW,1,50.0,50.0,75.0,20.0,3,"CPI(M), INC, BJP","NDA, UDF, LDF",0.76,1.37,LIKELY HOLD,MODERATE,Historical TCPD + ML Risk Model + Gemini Live Sentiment,LDF,UDF,8.72,False
Kerala,THIRUVANANTHAPURAM,Vattiyoorkavu,2021,CPM,CPI(M),CPM,15.63,13.75,64.15,3.08,44.4,5,LOW,1,66.25,33.75,91.72,20.0,3,"CPI(M), INC, BJP","NDA, UDF, LDF",0.7,1.73,LIKELY HOLD,MODERATE,Historical TCPD + ML Risk Model + Gemini Live Sentiment,LDF,OTHER,11.05,False
Kerala,KASARAGOD,Kanhangad,2021,CPI,INC,CPI,16.27,13.71,74.53,1.91,50.72,3,LOW,1,50.0,50.0,90.45,20.0,3,"CPI, KEC, BJP","NDA, UDF, LDF",0.7,1.34,LIKELY HOLD,MODERATE,Historical TCPD + ML Risk Model + Gemini Live Sentiment,LDF,UDF,9.71,False
Kerala,ERNAKULAM,Angamaly,2021,INC,JD(S),INC,11.54,8.02,76.11,3.01,51.86,3,LOW,1,50.0,50.0,75.0,20.0,3,"CPI(M), INC, TTP","NDA, UDF, LDF",1.17,2.17,LIKELY HOLD,MODERATE,Historical TCPD + ML Risk Model + Gemini Live Sentiment,UDF,LDF,,False
Kerala,THIRUVANANTHAPURAM,Nedumangad,2021,CPI,INC,CPI,15.23,8.42,71.63,2.53,47.54,13,HIGH,3,66.25,33.75,91.72,20.0,3,"CPI, INC, BJP","NDA, UDF, LDF",1.12,1.96,LIKELY HOLD,MODERATE,Historical TCPD + ML Risk Model + Gemini Live Sentiment,LDF,UDF,5.72,False
Kerala,KOZHIKODE,Thiruvambady,2021,CPM,IUML,IUML,3.25,2.93,77.17,1.41,47.46,3,CRITICAL,4,50.0,50.0,75.0,20.0,3,"CPI(M), IUML, TTP","NDA, UDF, LDF",2.92,3.39,SWING / FLIP,MODERATE,Historical TCPD + ML Risk Model + Gemini Live Sentiment,LDF,UDF,-1.0699999999999998,True
Kerala,PATHANAMTHITTA,Thiruvalla,2021,JD(S),KEC,KEC,8.18,8.53,63.34,5.06,44.56,15,LOW,1,50.0,50.0,75.0,20.0,3,"IND, KEC, BJP","NDA, UDF, LDF",1.11,2.8,LIKELY HOLD,MODERATE,Historical TCPD + ML Risk Model + Gemini Live Sentiment,LDF,UDF,4.529999999999999,False
Kerala,KANNUR,Azhikode,2021,CPM,IUML,CPM,4.24,8.09,77.89,2.25,45.41,4,LOW,1,50.0,50.0,75.0,20.0,3,"CPI(M), IUML, BJP","NDA, UDF, LDF",1.16,1.91,LIKELY HOLD,MODERATE,Historical TCPD + ML Risk Model + Gemini Live Sentiment,LDF,UDF,4.09,False
Kerala,ALAPPUZHA,Kayamkulam,2021,CPM,INC,INC,3.91,5.08,73.36,2.79,47.97,14,HIGH,3,50.0,50.0,75.0,20.0,3,"CPI(M), INC, BDJS","NDA, UDF, LDF",1.79,2.72,SWING / FLIP,MODERATE,Historical TCPD + ML Risk Model + Gemini Live Sentiment,LDF,UDF,1.08,True
Kerala,,Vatakara,2021,RMPOI,LJD,RMPI,5.48,4.52,79.33,0.91,47.63,3,HIGH,3,50.0,50.0,75.0,20.0,3,"RJD, RMPI, BJP","NDA, UDF, LDF",1.99,2.29,SWING / FLIP,MODERATE,Historical TCPD + ML Risk Model + Gemini Live Sentiment,LDF,LDF,0.5199999999999996,True
Puducherry,PUDUCHERRY,Mangalam,2021,AINRC,DMK,AINRC,8.25,11.54,86.28,2.4,50.89,3,LOW,1,50.0,50.0,75.0,20.0,1,All India N.R. Congress,NDA,0.83,1.63,LIKELY HOLD,MODERATE,Historical TCPD + ML Risk Model + Gemini Live Sentiment,NDA,DMK+,,False
Puducherry,PUDUCHERRY,Mudaliarpet,2021,DMK,ADMK,DMK,14.15,23.76,81.14,2.5,51.3,3,LOW,1,50.0,50.0,75.0,20.0,1,Dravida Munnetra Kazhagam,INDIA,0.41,1.24,SAFE HOLD,HIGH,Historical TCPD + ML Risk Model + Gemini Live Sentiment,DMK+,NDA,,False
Puducherry,PUDUCHERRY,Ariankuppam,2021,AINRC,INC,AINRC,19.52,11.47,82.45,6.69,54.32,11,LOW,1,50.0,50.0,75.0,20.0,1,All India N.R. Congress,NDA,0.84,3.07,LIKELY HOLD,MODERATE,Historical TCPD + ML Risk Model + Gemini Live Sentiment,NDA,DMK+,,False
Puducherry,PUDUCHERRY,Muthialpet,2021,IND,ADMK,DMK+ Candidate,3.99,12.67,77.09,6.62,37.48,13,LOW,1,50.0,50.0,75.0,20.0,1,Independent,NDA,0.76,2.97,SWING / FLIP,MODERATE,Historical TCPD + ML Risk Model + Gemini Live Sentiment,OTHER,NDA,0.5700000000000003,True
Puducherry,KARAIKAL,Karaikal North,2021,AINRC,INC,AINRC,0.48,9.42,77.4,2.59,44.85,3,LOW,1,50.0,50.0,75.0,20.0,1,All India N.R. Congress,NDA,1.01,1.87,LIKELY HOLD,MODERATE,Historical TCPD + ML Risk Model + Gemini Live Sentiment,NDA,DMK+,,False
Puducherry,PUDUCHERRY,Oussudu,2021,BJP,INC,Independent,6.49,12.7,88.46,1.29,48.78,3,LOW,1,50.0,50.0,75.0,20.0,1,Independent,None,0.76,1.19,LIKELY HOLD,MODERATE,Historical TCPD + ML Risk Model + Gemini Live Sentiment,NDA,DMK+,,False
Puducherry,MAHE,Mahe,2021,INC,IND,INC,1.28,13.35,73.54,5.04,41.63,14,LOW,1,50.0,50.0,75.0,20.0,1,Indian National Congress,INDIA,0.72,2.4,LIKELY HOLD,MODERATE,Historical TCPD + ML Risk Model + Gemini Live Sentiment,DMK+,OTHER,,False
Puducherry,KARAIKAL,Nedungadu,2021,AINRC,INC,AINRC,8.26,15.2,82.94,0.58,40.2,3,LOW,1,50.0,50.0,75.0,20.0,1,All India N.R. Congress,NDA,0.64,0.83,SAFE HOLD,HIGH,Historical TCPD + ML Risk Model + Gemini Live Sentiment,NDA,DMK+,,False
Puducherry,PUDUCHERRY,Oupalam,2021,DMK,ADMK,DMK,20.15,15.44,83.7,8.09,56.64,12,LOW,1,50.0,50.0,75.0,20.0,1,Dravida Munnetra Kazhagam,INDIA,0.63,3.33,SAFE HOLD,HIGH,Historical TCPD + ML Risk Model + Gemini Live Sentiment,DMK+,NDA,,False
Puducherry,PUDUCHERRY,Thattanchavady,2021,AINRC,CPI,AINRC,23.13,27.15,75.09,5.86,55.02,13,LOW,1,50.0,50.0,75.0,20.0,1,All India N.R. Congress,NDA,0.36,2.31,SAFE HOLD,HIGH,Historical TCPD + ML Risk Model + Gemini Live Sentiment,NDA,DMK+,,False
Puducherry,PUDUCHERRY,Orleampeth,2021,IND,DMK,TVK Candidate,10.33,16.65,80.54,10.57,47.29,12,LOW,1,50.0,50.0,75.0,20.0,1,Namadhu Makkal Kazhagam,None,0.58,4.1,SWING / FLIP,MODERATE,Historical TCPD + ML Risk Model + Gemini Live Sentiment,OTHER,DMK+,4.549999999999999,True
Puducherry,PUDUCHERRY,Lawspet,2021,INC,BJP,INC,21.72,21.84,78.99,6.78,55.6,12,LOW,1,50.0,50.0,75.0,20.0,1,Indian National Congress,INDIA,0.45,2.71,SAFE HOLD,HIGH,Historical TCPD + ML Risk Model + Gemini Live Sentiment,DMK+,NDA,,False
Puducherry,PUDUCHERRY,Nettapakkam,2021,AINRC,INC,AINRC,23.61,18.5,85.77,6.13,56.82,12,LOW,1,50.0,50.0,75.0,20.0,1,All India N.R. Congress,NDA,0.53,2.57,SAFE HOLD,HIGH,Historical TCPD + ML Risk Model + Gemini Live Sentiment,NDA,DMK+,,False
Puducherry,PUDUCHERRY,Nellithope,2021,BJP,DMK,BJP,1.78,14.43,81.33,8.69,42.26,13,LOW,1,50.0,50.0,75.0,20.0,1,Bharatiya Janata Party,NDA,0.67,3.57,LIKELY HOLD,MODERATE,Historical TCPD + ML Risk Model + Gemini Live Sentiment,NDA,DMK+,,False
Puducherry,PUDUCHERRY,Manavely,2021,BJP,INC,BJP,27.16,18.35,85.16,1.71,57.54,3,LOW,1,50.0,50.0,75.0,20.0,1,Bharatiya Janata Party,NDA,0.53,1.1,SAFE HOLD,HIGH,Historical TCPD + ML Risk Model + Gemini Live Sentiment,NDA,DMK+,,False
Puducherry,PUDUCHERRY,Ozhukarai,2021,IND,AINRC,Indian National Congress,2.5,12.6,76.14,5.73,36.5,11,LOW,1,50.0,50.0,75.0,20.0,1,Indian National Congress,INDIA,0.76,2.67,SWING / FLIP,MODERATE,Historical TCPD + ML Risk Model + Gemini Live Sentiment,OTHER,NDA,0.5,True
Puducherry,PUDUCHERRY,Kamaraj Nagar,2021,BJP,INC,BJP,24.31,25.48,76.78,3.5,56.11,4,LOW,1,50.0,50.0,75.0,20.0,1,Bharatiya Janata Party,NDA,0.38,1.55,SAFE HOLD,HIGH,Historical TCPD + ML Risk Model + Gemini Live Sentiment,NDA,DMK+,,False
Puducherry,KARAIKAL,Karaikal South,2021,DMK,ADMK,DMK,49.21,18.09,75.09,5.96,71.15,12,LOW,1,50.0,50.0,75.0,20.0,1,Dravida Munnetra Kazhagam,INDIA,0.54,2.53,SAFE HOLD,HIGH,Historical TCPD + ML Risk Model + Gemini Live Sentiment,DMK+,NDA,,False
Puducherry,PUDUCHERRY,Thirubhuvanai,2021,IND,AINRC,Dravida Munnetra Kazhagam,8.19,11.32,86.55,1.76,36.78,3,LOW,1,50.0,50.0,75.0,20.0,1,Dravida Munnetra Kazhagam,INDIA,0.85,1.44,SWING / FLIP,MODERATE,Historical TCPD + ML Risk Model + Gemini Live Sentiment,OTHER,NDA,-0.7799999999999994,True
Puducherry,PUDUCHERRY,Bahour,2021,DMK,AINRC,DMK,0.8,11.28,87.9,5.55,44.56,14,LOW,1,50.0,50.0,75.0,20.0,1,Dravida Munnetra Kazhagam,INDIA,0.85,2.7,LIKELY HOLD,MODERATE,Historical TCPD + ML Risk Model + Gemini Live Sentiment,DMK+,NDA,,False
Puducherry,PUDUCHERRY,Kalapet,2021,BJP,IND,BJP,11.79,14.06,84.47,1.49,44.63,3,LOW,1,50.0,50.0,75.0,20.0,1,Bharatiya Janata Party,NDA,0.69,1.19,LIKELY HOLD,MODERATE,Historical TCPD + ML Risk Model + Gemini Live Sentiment,NDA,OTHER,,False
Puducherry,PUDUCHERRY,Indira Nagar,2021,AINRC,INC,AINRC,63.44,43.95,79.99,1.98,74.77,4,LOW,1,50.0,50.0,75.0,20.0,1,All India N.R. Congress,NDA,0.22,0.88,SAFE HOLD,HIGH,Historical TCPD + ML Risk Model + Gemini Live Sentiment,NDA,DMK+,,False
Puducherry,,Neravy – T. R. Pattinam,1969,DMK,INC,DMK,7.75,13.21,88.58,1.73,53.88,2,LOW,1,50.0,50.0,75.0,20.0,1,Dravida Munnetra Kazhagam,INDIA,0.73,1.31,LIKELY HOLD,MODERATE,Historical TCPD + ML Risk Model + Gemini Live Sentiment,DMK+,DMK+,,False
Puducherry,PUDUCHERRY,Mannadipet,2021,BJP,DMK,BJP,9.54,15.2,87.78,2.54,51.82,4,LOW,1,50.0,50.0,75.0,20.0,1,Bharatiya Janata Party,NDA,0.64,1.49,SAFE HOLD,HIGH,Historical TCPD + ML Risk Model + Gemini Live Sentiment,NDA,DMK+,,False
Puducherry,PUDUCHERRY,Raj Bhavan,2021,AINRC,DMK,AINRC,19.17,19.85,72.68,7.56,51.86,12,LOW,1,50.0,50.0,75.0,20.0,1,All India N.R. Congress,NDA,0.49,3.01,SAFE HOLD,HIGH,Historical TCPD + ML Risk Model + Gemini Live Sentiment,NDA,DMK+,,False
Puducherry,YANAM,Yanam,2021,IND,AINRC,INC,1.88,20.1,90.95,5.15,49.07,14,LOW,1,50.0,50.0,75.0,20.0,1,Indian National Congress,INDIA,0.49,2.21,SAFE HOLD,HIGH,Historical TCPD + ML Risk Model + Gemini Live Sentiment,OTHER,NDA,8.000000000000002,False
Puducherry,PUDUCHERRY,Kadirgamam,2021,AINRC,INC,AINRC,45.35,33.76,76.32,3.0,65.82,3,LOW,1,50.0,50.0,75.0,20.0,1,All India N.R. Congress,NDA,0.29,1.29,SAFE HOLD,HIGH,Historical TCPD + ML Risk Model + Gemini Live Sentiment,NDA,DMK+,,False
Puducherry,KARAIKAL,Thirunallar,2021,IND,BJP,BJP,5.14,6.67,83.89,0.98,36.45,3,LOW,1,50.0,50.0,75.0,20.0,1,Independent,None,1.39,1.72,SWING / FLIP,MODERATE,Historical TCPD + ML Risk Model + Gemini Live Sentiment,OTHER,NDA,-5.43,True
Puducherry,PUDUCHERRY,Embalam,2021,AINRC,INC,AINRC,7.29,56.13,87.37,23.43,50.85,3,LOW,1,50.0,50.0,75.0,20.0,1,All India N.R. Congress,NDA,0.18,7.99,SAFE HOLD,HIGH,Historical TCPD + ML Risk Model + Gemini Live Sentiment,NDA,DMK+,,False
Puducherry,PUDUCHERRY,Villianur,2021,DMK,AINRC,DMK,19.71,17.36,81.45,2.88,55.73,3,LOW,1,50.0,50.0,75.0,20.0,1,Dravida Munnetra Kazhagam,INDIA,0.56,1.52,SAFE HOLD,HIGH,Historical TCPD + ML Risk Model + Gemini Live Sentiment,DMK+,NDA,,False
Tamil Nadu,,Sholavandan(SC),2021,DMK,ADMK,DMK,9.72,14.25,79.49,5.26,48.04,12,LOW,1,50.0,50.0,75.0,20.0,2,"DMK, AIADMK","AIADMK+, SPA",0.68,2.43,LIKELY HOLD,MODERATE,Historical TCPD + ML Risk Model + Gemini Live Sentiment,DMK+,ADMK+,12.0,False
Tamil Nadu,TIRUNELVELI,Nanguneri,2021,INC,ADMK,TVK Candidate,8.56,12.38,68.59,6.4,39.43,13,LOW,1,50.0,50.0,75.0,20.0,2,"INC, AMMK","AIADMK+, SPA",0.78,2.91,SWING / FLIP,MODERATE,Historical TCPD + ML Risk Model + Gemini Live Sentiment,DMK+,ADMK+,10.13,True
Tamil Nadu,KANCHIPURAM,Tambaram,2021,DMK,ADMK,DMK,14.79,12.98,59.55,7.59,46.93,11,LOW,1,50.0,50.0,75.0,20.0,2,"DMK, AIADMK","AIADMK+, SPA",0.74,3.27,LIKELY HOLD,MODERATE,Historical TCPD + ML Risk Model + Gemini Live Sentiment,DMK+,ADMK+,10.73,False
Tamil Nadu,NAMAKKAL,Paramathi-Velur,2021,ADMK,DMK,TVK Candidate,4.17,8.36,81.14,1.33,46.83,3,LOW,1,50.0,50.0,75.0,20.0,2,"DMK, AIADMK","AIADMK+, SPA",1.13,1.57,SWING / FLIP,MODERATE,Historical TCPD + ML Risk Model + Gemini Live Sentiment,ADMK+,DMK+,6.109999999999999,True
Tamil Nadu,,Tiruchirappalli (East),2021,DMK,ADMK,DMK,31.12,19.28,66.87,3.63,54.56,3,LOW,1,50.0,50.0,75.0,20.0,2,"DMK, AIADMK","AIADMK+, SPA",0.51,1.72,SAFE HOLD,HIGH,Historical TCPD + ML Risk Model + Gemini Live Sentiment,DMK+,ADMK+,17.03,False
Tamil Nadu,VILLUPURAM,Sankarapuram,2021,DMK,PMK,TVK Candidate,21.3,12.09,79.58,6.63,56.16,12,LOW,1,50.0,50.0,75.0,20.0,2,"DMK, AIADMK","AIADMK+, SPA",0.79,3.0,SWING / FLIP,MODERATE,Historical TCPD + ML Risk Model + Gemini Live Sentiment,DMK+,ADMK+,9.84,True
Tamil Nadu,SALEM,Omalur,2021,ADMK,INC,ADMK,22.2,20.62,83.28,12.14,57.22,12,LOW,1,50.0,50.0,75.0,20.0,2,"DMDK, AIADMK","AIADMK+, SPA",0.47,4.52,SAFE HOLD,HIGH,Historical TCPD + ML Risk Model + Gemini Live Sentiment,ADMK+,DMK+,18.37,False
Tamil Nadu,KANCHIPURAM,Kancheepuram,2021,DMK,PMK,TVK Candidate,5.05,11.08,73.28,5.17,44.77,13,LOW,1,50.0,50.0,75.0,20.0,2,"DMK, AIADMK","AIADMK+, SPA",0.86,2.58,SWING / FLIP,MODERATE,Historical TCPD + ML Risk Model + Gemini Live Sentiment,DMK+,ADMK+,8.83,True
Tamil Nadu,,Thiruvidaimarudur(SC),2021,DMK,ADMK,TVK Candidate,5.38,10.49,75.76,3.48,48.26,11,HIGH,3,50.0,50.0,75.0,20.0,2,"DMK, AIADMK","AIADMK+, SPA",0.91,2.07,SWING / FLIP,MODERATE,Historical TCPD + ML Risk Model + Gemini Live Sentiment,DMK+,ADMK+,8.24,True
Tamil Nadu,,Modakkurichi,1971,DMK,SOP,DMK,17.64,17.64,71.11,0.0,58.18,1,LOW,1,50.0,50.0,75.0,20.0,2,"DMK, BJP","AIADMK+, SPA",0.55,0.55,SAFE HOLD,HIGH,Historical TCPD + ML Risk Model + Gemini Live Sentiment,DMK+,OTHER,15.39,False
Tamil Nadu,DINDIGUL,Palani,2021,DMK,ADMK,ADMK,14.63,16.29,73.33,7.76,52.86,12,LOW,1,50.0,50.0,75.0,20.0,2,"CPI(M), AIADMK","AIADMK+, SPA",0.6,3.19,SAFE HOLD,HIGH,Historical TCPD + ML Risk Model + Gemini Live Sentiment,DMK+,ADMK+,14.04,False
Tamil Nadu,CUDDALORE,Kurinjipadi,2021,DMK,ADMK,DMK,8.82,13.08,82.06,8.82,51.04,12,LOW,1,50.0,50.0,75.0,20.0,2,"DMK, AIADMK","AIADMK+, SPA",0.74,3.68,LIKELY HOLD,MODERATE,Historical TCPD + ML Risk Model + Gemini Live Sentiment,DMK+,ADMK+,10.83,False
Tamil Nadu,CHENNAI,Thousand Lights,2021,DMK,BJP,DMK,23.88,13.08,56.25,7.34,52.87,12,LOW,1,50.0,50.0,75.0,20.0,2,"DMK, AIADMK","AIADMK+, SPA",0.74,3.19,LIKELY HOLD,MODERATE,Historical TCPD + ML Risk Model + Gemini Live Sentiment,DMK+,ADMK+,10.83,False
Tamil Nadu,,Gudiyattam(SC),1971,DMK,NCO,ADMK,26.41,26.41,67.73,0.0,56.38,1,LOW,1,50.0,50.0,75.0,20.0,2,"DMDK, AIADMK","AIADMK+, SPA",0.37,0.37,SAFE HOLD,HIGH,Historical TCPD + ML Risk Model + Gemini Live Sentiment,DMK+,OTHER,24.16,False
Tamil Nadu,THENI,Cumbum,2021,DMK,ADMK,DMK,20.97,13.91,69.51,4.68,51.81,13,LOW,1,50.0,50.0,75.0,20.0,2,"DMK, AIADMK","AIADMK+, SPA",0.69,2.25,LIKELY HOLD,MODERATE,Historical TCPD + ML Risk Model + Gemini Live Sentiment,DMK+,ADMK+,11.66,False
Tamil Nadu,KARUR,Kulithalai,2021,DMK,ADMK,DMK,11.92,15.61,86.16,7.68,51.06,11,LOW,1,50.0,50.0,75.0,20.0,2,"DMK, AIADMK","AIADMK+, SPA",0.62,3.18,SAFE HOLD,HIGH,Historical TCPD + ML Risk Model + Gemini Live Sentiment,DMK+,ADMK+,13.36,False
Tamil Nadu,CUDDALORE,Neyveli,2021,DMK,PMK,TVK Candidate,0.6,5.89,74.25,3.47,45.8,3,LOW,1,50.0,50.0,75.0,20.0,2,"DMK, AIADMK","AIADMK+, SPA",1.56,2.72,SWING / FLIP,MODERATE,Historical TCPD + ML Risk Model + Gemini Live Sentiment,DMK+,ADMK+,3.6399999999999997,True
Tamil Nadu,MADURAI,Usilampatti,2021,ADMK,DMK,ADMK,3.52,21.65,73.82,8.4,33.53,14,LOW,1,50.0,50.0,75.0,20.0,2,"INC, AIADMK","AIADMK+, SPA",0.45,3.25,SAFE HOLD,HIGH,Historical TCPD + ML Risk Model + Gemini Live Sentiment,ADMK+,DMK+,19.4,False
Tamil Nadu,MADURAI,Madurai South,2021,DMK,ADMK,DMK,4.41,18.06,63.8,5.09,42.49,3,LOW,1,50.0,50.0,75.0,20.0,2,"DMK, BJP","AIADMK+, SPA",0.54,2.24,SAFE HOLD,HIGH,Historical TCPD + ML Risk Model + Gemini Live Sentiment,DMK+,ADMK+,15.809999999999999,False
Tamil Nadu,ERODE,Erode (East),2021,INC,ADMK,TVK Candidate,5.86,6.32,66.24,4.76,44.27,3,LOW,1,50.0,50.0,75.0,20.0,2,"INC, AIADMK","AIADMK+, SPA",1.47,3.06,SWING / FLIP,MODERATE,Historical TCPD + ML Risk Model + Gemini Live Sentiment,DMK+,ADMK+,4.07,True
Tamil Nadu,SALEM,Mettur,2021,PMK,DMK,TVK Candidate,0.3,12.29,75.01,8.34,44.43,12,LOW,1,50.0,50.0,75.0,20.0,2,"DMK, AIADMK","AIADMK+, SPA",0.78,3.56,SWING / FLIP,MODERATE,Historical TCPD + ML Risk Model + Gemini Live Sentiment,ADMK+,DMK+,10.04,True
Tamil Nadu,KANNIYAKUMARI,Kanniyakumari,2021,ADMK,DMK,TVK Candidate,7.21,11.73,75.19,6.65,48.8,11,HIGH,3,50.0,50.0,75.0,20.0,2,"DMK, AIADMK","AIADMK+, SPA",0.82,3.04,SWING / FLIP,MODERATE,Historical TCPD + ML Risk Model + Gemini Live Sentiment,ADMK+,DMK+,9.48,True
Tamil Nadu,CHENNAI,Perambur,2021,DMK,ADMK,DMK,27.43,17.34,63.0,7.46,52.53,13,LOW,1,50.0,50.0,75.0,20.0,2,"DMK, PMK","AIADMK+, SPA",0.56,3.05,SAFE HOLD,HIGH,Historical TCPD + ML Risk Model + Gemini Live Sentiment,DMK+,ADMK+,15.09,False
Tamil Nadu,,Rasipuram(SC),2021,DMK,ADMK,DMK,0.99,12.83,82.05,7.94,46.08,12,LOW,1,50.0,50.0,75.0,20.0,2,"DMK, BJP","AIADMK+, SPA",0.75,3.4,LIKELY HOLD,MODERATE,Historical TCPD + ML Risk Model + Gemini Live Sentiment,DMK+,ADMK+,10.58,False
Tamil Nadu,,Vandavasi(SC),2009,DMK,AADMK,DMK,28.64,28.64,76.13,0.0,59.38,1,LOW,1,50.0,50.0,75.0,20.0,2,"DMK, AIADMK","AIADMK+, SPA",0.34,0.34,SAFE HOLD,HIGH,Historical TCPD + ML Risk Model + Gemini Live Sentiment,DMK+,OTHER,26.39,False
Tamil Nadu,,Bhavanisagar(SC),2021,ADMK,CPI,TVK Candidate,7.98,13.99,77.37,6.96,49.45,12,LOW,1,50.0,50.0,75.0,20.0,2,"CPI, AIADMK","AIADMK+, SPA",0.69,3.01,SWING / FLIP,MODERATE,Historical TCPD + ML Risk Model + Gemini Live Sentiment,ADMK+,DMK+,11.74,True
Tamil Nadu,NILGIRIS,Palladam,2021,ADMK,DMK,ADMK,12.5,17.3,66.7,4.93,48.53,12,LOW,1,50.0,50.0,75.0,20.0,2,"DMK, AIADMK","AIADMK+, SPA",0.56,2.2,SAFE HOLD,HIGH,Historical TCPD + ML Risk Model + Gemini Live Sentiment,ADMK+,DMK+,15.05,False
Tamil Nadu,THOOTHUKUDI,Vilathikulam,2021,DMK,ADMK,DMK,23.06,13.01,76.52,6.54,54.05,13,LOW,1,50.0,50.0,75.0,20.0,2,"DMK, AIADMK","AIADMK+, SPA",0.74,2.92,LIKELY HOLD,MODERATE,Historical TCPD + ML Risk Model + Gemini Live Sentiment,DMK+,ADMK+,10.76,False
Tamil Nadu,CHENNAI,Mylapore,2021,DMK,ADMK,TVK Candidate,8.23,12.46,56.6,9.01,44.58,13,LOW,1,50.0,50.0,75.0,20.0,2,"DMK, BJP","AIADMK+, SPA",0.77,3.77,SWING / FLIP,MODERATE,Historical TCPD + ML Risk Model + Gemini Live Sentiment,DMK+,ADMK+,10.21,True
Tamil Nadu,KANCHIPURAM,Pallavaram,2021,DMK,ADMK,TVK Candidate,14.19,10.56,60.86,5.14,47.49,3,LOW,1,50.0,50.0,75.0,20.0,2,"DMDK, AIADMK","AIADMK+, SPA",0.9,2.61,SWING / FLIP,MODERATE,Historical TCPD + ML Risk Model + Gemini Live Sentiment,DMK+,ADMK+,8.31,True
Tamil Nadu,KARUR,Aravakurichi,2021,DMK,BJP,DMK,14.01,13.57,81.92,9.94,52.72,12,LOW,1,50.0,50.0,75.0,20.0,2,"DMK, AIADMK","AIADMK+, SPA",0.71,4.02,LIKELY HOLD,MODERATE,Historical TCPD + ML Risk Model + Gemini Live Sentiment,DMK+,ADMK+,11.32,False
Tamil Nadu,ARIYALUR,Ariyalur,2021,DMK,ADMK,TVK Candidate,1.44,10.18,84.54,5.06,46.16,11,LOW,1,50.0,50.0,75.0,20.0,2,"DMK, AIADMK","AIADMK+, SPA",0.94,2.63,SWING / FLIP,MODERATE,Historical TCPD + ML Risk Model + Gemini Live Sentiment,DMK+,ADMK+,7.93,True
Tamil Nadu,VIRUDHUNAGAR,Sattur,2021,DMK,ADMK,TVK Candidate,5.83,9.02,75.17,6.05,38.68,13,LOW,1,50.0,50.0,75.0,20.0,2,"DMK, BJP","AIADMK+, SPA",1.05,3.07,SWING / FLIP,MODERATE,Historical TCPD + ML Risk Model + Gemini Live Sentiment,DMK+,ADMK+,6.77,True
Tamil Nadu,,Gandarvakottai(SC),1971,DMK,NCO,BJP,18.89,18.89,78.17,0.0,57.59,1,LOW,1,50.0,50.0,75.0,20.0,2,"CPI(M), BJP","AIADMK+, SPA",0.52,0.52,SAFE HOLD,HIGH,Historical TCPD + ML Risk Model + Gemini Live Sentiment,DMK+,OTHER,16.64,False
Tamil Nadu,NAMAKKAL,Namakkal,2021,DMK,ADMK,DMK,13.48,16.97,78.57,8.51,51.51,12,LOW,1,50.0,50.0,75.0,20.0,2,"DMK, AIADMK","AIADMK+, SPA",0.57,3.41,SAFE HOLD,HIGH,Historical TCPD + ML Risk Model + Gemini Live Sentiment,DMK+,ADMK+,14.719999999999999,False
Tamil Nadu,,Attur(SC),2021,ADMK,DMK,ADMK,4.13,15.21,77.26,6.9,47.72,12,HIGH,3,50.0,50.0,75.0,20.0,2,"INC, AIADMK","AIADMK+, SPA",0.64,2.94,SAFE HOLD,HIGH,Historical TCPD + ML Risk Model + Gemini Live Sentiment,ADMK+,DMK+,12.96,False
Tamil Nadu,SALEM,Salem (North),2021,DMK,ADMK,TVK Candidate,3.75,8.96,72.14,1.11,46.17,3,LOW,1,50.0,50.0,75.0,20.0,2,"DMK, PMK","AIADMK+, SPA",1.06,1.43,SWING / FLIP,MODERATE,Historical TCPD + ML Risk Model + Gemini Live Sentiment,DMK+,ADMK+,6.710000000000001,True
Tamil Nadu,TIRUVANNAMALAI,Kilpennathur,2021,DMK,PMK,TVK Candidate,13.14,11.02,79.35,2.41,51.34,3,LOW,1,50.0,50.0,75.0,20.0,2,"DMK, AIADMK","AIADMK+, SPA",0.87,1.67,SWING / FLIP,MODERATE,Historical TCPD + ML Risk Model + Gemini Live Sentiment,DMK+,ADMK+,8.77,True
Tamil Nadu,COIMBATORE,Kinathukadavu,2021,ADMK,DMK,TVK Candidate,0.47,14.0,70.64,3.23,43.68,4,LOW,1,50.0,50.0,75.0,20.0,2,"DMK, AIADMK","AIADMK+, SPA",0.69,1.77,SWING / FLIP,MODERATE,Historical TCPD + ML Risk Model + Gemini Live Sentiment,ADMK+,DMK+,11.75,True
Tamil Nadu,KRISHNAGIRI,Krishnagiri,2021,ADMK,DMK,ADMK,0.38,16.59,78.5,9.37,45.38,12,LOW,1,50.0,50.0,75.0,20.0,2,"INC, AIADMK","AIADMK+, SPA",0.59,3.71,SAFE HOLD,HIGH,Historical TCPD + ML Risk Model + Gemini Live Sentiment,ADMK+,DMK+,14.34,False
Tamil Nadu,ERODE,Kangayam,2021,DMK,ADMK,DMK,3.67,22.55,77.19,6.38,47.14,13,LOW,1,50.0,50.0,75.0,20.0,2,"DMK, AIADMK","AIADMK+, SPA",0.43,2.56,SAFE HOLD,HIGH,Historical TCPD + ML Risk Model + Gemini Live Sentiment,DMK+,ADMK+,20.3,False
Tamil Nadu,,Periyakulam(SC),2021,DMK,ADMK,VCK,10.57,15.74,69.94,6.4,45.71,11,LOW,1,50.0,50.0,75.0,20.0,2,"VCK, AMMK","AIADMK+, SPA",0.62,2.75,SAFE HOLD,HIGH,Historical TCPD + ML Risk Model + Gemini Live Sentiment,DMK+,ADMK+,13.49,False
Tamil Nadu,PUDUKKOTTAI,Alangudi,2021,DMK,ADMK,DMK,15.04,12.98,78.47,4.32,51.17,11,LOW,1,50.0,50.0,75.0,20.0,2,"DMK, AIADMK","AIADMK+, SPA",0.74,2.18,LIKELY HOLD,MODERATE,Historical TCPD + ML Risk Model + Gemini Live Sentiment,DMK+,ADMK+,10.73,False
Tamil Nadu,,Colachal,2021,INC,BJP,INC,13.57,14.96,67.27,5.88,49.56,12,LOW,1,50.0,50.0,75.0,20.0,2,"INC, BJP","AIADMK+, SPA",0.65,2.61,LIKELY HOLD,MODERATE,Historical TCPD + ML Risk Model + Gemini Live Sentiment,DMK+,ADMK+,12.71,False
Tamil Nadu,,Thiyagarayanagar,1971,NCO,DMK,TVK Candidate,1.14,1.14,63.33,0.0,48.32,1,CRITICAL,4,50.0,50.0,75.0,20.0,2,"DMK, AIADMK","AIADMK+, SPA",6.1,6.1,SWING / FLIP,MODERATE,Historical TCPD + ML Risk Model + Gemini Live Sentiment,OTHER,DMK+,-1.11,True
Tamil Nadu,,Rishivandiyam,2021,DMK,ADMK,DMK,19.4,15.89,80.18,7.26,52.96,11,LOW,1,50.0,50.0,75.0,20.0,2,"DMK, PMK","AIADMK+, SPA",0.61,3.03,SAFE HOLD,HIGH,Historical TCPD + ML Risk Model + Gemini Live Sentiment,DMK+,ADMK+,13.64,False
Tamil Nadu,,Perambalur(SC),2021,DMK,ADMK,DMK,12.93,17.25,78.2,8.5,50.87,12,LOW,1,50.0,50.0,75.0,20.0,2,"DMK, AIADMK","AIADMK+, SPA",0.56,3.39,SAFE HOLD,HIGH,Historical TCPD + ML Risk Model + Gemini Live Sentiment,DMK+,ADMK+,15.0,False
Tamil Nadu,PUDUKKOTTAI,Thirumayam,2021,DMK,ADMK,TVK Candidate,0.79,10.39,75.85,6.3,41.0,11,LOW,1,50.0,50.0,75.0,20.0,2,"DMK, AIADMK","AIADMK+, SPA",0.92,3.02,SWING / FLIP,MODERATE,Historical TCPD + ML Risk Model + Gemini Live Sentiment,DMK+,ADMK+,8.14,True
Tamil Nadu,,Aranthangi,1971,DMK,NCO,BJP,13.62,13.62,79.08,0.0,55.81,1,MODERATE,2,50.0,50.0,75.0,20.0,2,"INC, BJP","AIADMK+, SPA",0.71,0.71,LIKELY HOLD,MODERATE,Historical TCPD + ML Risk Model + Gemini Live Sentiment,DMK+,OTHER,11.37,False
Tamil Nadu,THANJAVUR,Kumbakonam,2021,DMK,ADMK,DMK,10.82,13.94,71.45,5.64,48.62,12,LOW,1,50.0,50.0,75.0,20.0,2,"DMK, BJP","AIADMK+, SPA",0.69,2.57,LIKELY HOLD,MODERATE,Historical TCPD + ML Risk Model + Gemini Live Sentiment,DMK+,ADMK+,11.69,False
Tamil Nadu,,Sholinganallur,2021,DMK,ADMK,DMK,9.12,13.76,55.51,5.16,44.18,3,LOW,1,50.0,50.0,75.0,20.0,2,"DMK, AIADMK","AIADMK+, SPA",0.7,2.42,LIKELY HOLD,MODERATE,Historical TCPD + ML Risk Model + Gemini Live Sentiment,DMK+,ADMK+,11.51,False
Tamil Nadu,TIRUNELVELI,Tirunelveli,2021,BJP,DMK,TVK Candidate,11.69,14.08,66.91,6.32,46.7,13,LOW,1,50.0,50.0,75.0,20.0,2,"DMK, AIADMK","AIADMK+, SPA",0.69,2.8,SWING / FLIP,MODERATE,Historical TCPD + ML Risk Model + Gemini Live Sentiment,ADMK+,DMK+,11.83,True
Tamil Nadu,SIVAGANGA,Karaikudi,2021,INC,BJP,INC,10.16,14.73,66.23,4.55,35.75,12,LOW,1,50.0,50.0,75.0,20.0,2,"INC, AMMK","AIADMK+, SPA",0.66,2.18,LIKELY HOLD,MODERATE,Historical TCPD + ML Risk Model + Gemini Live Sentiment,DMK+,ADMK+,12.48,False
Tamil Nadu,,Gummidipoondi,2021,DMK,PMK,DMK,22.94,14.7,78.08,7.16,56.94,13,LOW,1,50.0,50.0,75.0,20.0,2,"DMK, AIADMK","AIADMK+, SPA",0.66,3.05,LIKELY HOLD,MODERATE,Historical TCPD + ML Risk Model + Gemini Live Sentiment,DMK+,ADMK+,12.45,False
Tamil Nadu,,Edappadi,1971,DMK,NCO,TVK Candidate,9.45,9.45,59.8,0.0,54.72,1,HIGH,3,50.0,50.0,75.0,20.0,2,"DMK, AIADMK","AIADMK+, SPA",1.01,1.01,SWING / FLIP,MODERATE,Historical TCPD + ML Risk Model + Gemini Live Sentiment,DMK+,OTHER,7.199999999999999,True
Tamil Nadu,THENI,Bodinayakanur,2021,ADMK,DMK,TVK Candidate,5.13,13.96,76.3,6.49,46.58,4,LOW,1,50.0,50.0,75.0,20.0,2,"DMK, AIADMK","AIADMK+, SPA",0.69,2.85,SWING / FLIP,MODERATE,Historical TCPD + ML Risk Model + Gemini Live Sentiment,ADMK+,DMK+,11.71,True
Tamil Nadu,NAGAPATTINAM,Mayiladuthurai,2021,INC,PMK,TVK Candidate,1.57,2.18,70.14,2.71,42.17,3,LOW,1,50.0,50.0,75.0,20.0,2,"INC, PMK","AIADMK+, SPA",3.73,4.63,SWING / FLIP,MODERATE,Historical TCPD + ML Risk Model + Gemini Live Sentiment,DMK+,ADMK+,-0.06999999999999984,True
Tamil Nadu,SALEM,Veerapandi,2021,ADMK,DMK,ADMK,8.89,16.88,85.64,10.31,49.92,11,LOW,1,50.0,50.0,75.0,20.0,2,"DMK, AIADMK","AIADMK+, SPA",0.58,4.02,SAFE HOLD,HIGH,Historical TCPD + ML Risk Model + Gemini Live Sentiment,ADMK+,DMK+,14.629999999999999,False
Tamil Nadu,,Gangavalli(SC),2021,ADMK,DMK,TVK Candidate,3.95,4.74,77.11,1.99,48.02,3,CRITICAL,4,50.0,50.0,75.0,20.0,2,"DMK, AIADMK","AIADMK+, SPA",1.91,2.57,SWING / FLIP,MODERATE,Historical TCPD + ML Risk Model + Gemini Live Sentiment,ADMK+,DMK+,2.49,True
Tamil Nadu,CHENNAI,Anna Nagar,2021,DMK,ADMK,DMK,16.62,14.97,57.33,7.13,48.49,11,HIGH,3,50.0,50.0,75.0,20.0,2,"DMK, AIADMK","AIADMK+, SPA",0.65,3.03,LIKELY HOLD,MODERATE,Historical TCPD + ML Risk Model + Gemini Live Sentiment,DMK+,ADMK+,12.72,False
Tamil Nadu,,Avanashi(SC),2021,ADMK,DMK,DMK,23.94,19.11,75.18,8.79,55.16,12,LOW,1,50.0,50.0,75.0,20.0,2,"DMK, BJP","AIADMK+, SPA",0.51,3.44,SAFE HOLD,HIGH,Historical TCPD + ML Risk Model + Gemini Live Sentiment,ADMK+,DMK+,16.86,False
Tamil Nadu,,Tirupattur,1971,DMK,NCO,TVK Candidate,11.07,11.07,73.63,0.0,55.54,1,MODERATE,2,50.0,50.0,75.0,20.0,2,"DMK, AMMK","AIADMK+, SPA",0.86,0.86,SWING / FLIP,MODERATE,Historical TCPD + ML Risk Model + Gemini Live Sentiment,DMK+,OTHER,8.82,True
Tamil Nadu,THANJAVUR,Papanasam,2021,DMK,ADMK,TVK Candidate,8.26,11.94,74.76,4.77,43.95,12,LOW,1,50.0,50.0,75.0,20.0,2,"IUML, AIADMK","AIADMK+, SPA",0.8,2.39,SWING / FLIP,MODERATE,Historical TCPD + ML Risk Model + Gemini Live Sentiment,DMK+,ADMK+,9.69,True
Tamil Nadu,,Aruppukkottai,1971,FBL,SWA,TVK Candidate,13.95,13.95,73.65,0.0,56.67,1,MODERATE,2,50.0,50.0,75.0,20.0,2,"DMK, AIADMK","AIADMK+, SPA",0.69,0.69,SWING / FLIP,MODERATE,Historical TCPD + ML Risk Model + Gemini Live Sentiment,OTHER,OTHER,11.7,True
Tamil Nadu,VILLUPURAM,Villupuram,2021,DMK,ADMK,TVK Candidate,7.26,11.67,76.97,6.61,49.92,12,LOW,1,50.0,50.0,75.0,20.0,2,"DMK, AIADMK","AIADMK+, SPA",0.82,3.02,SWING / FLIP,MODERATE,Historical TCPD + ML Risk Model + Gemini Live Sentiment,DMK+,ADMK+,9.42,True
Tamil Nadu,DHARMAPURI,Pennagaram,2021,PMK,DMK,TVK Candidate,10.07,10.79,85.0,12.57,50.46,13,LOW,1,50.0,50.0,75.0,20.0,2,"INC, PMK","AIADMK+, SPA",0.89,5.08,SWING / FLIP,MODERATE,Historical TCPD + ML Risk Model + Gemini Live Sentiment,ADMK+,DMK+,8.54,True
Tamil Nadu,,Srivilliputhur(SC),2021,ADMK,INC,TVK Candidate,6.88,10.52,73.14,5.15,38.09,12,LOW,1,50.0,50.0,75.0,20.0,2,"CPI, AIADMK","AIADMK+, SPA",0.91,2.63,SWING / FLIP,MODERATE,Historical TCPD + ML Risk Model + Gemini Live Sentiment,ADMK+,DMK+,8.27,True
Tamil Nadu,VELLORE,Tiruppattur,2021,DMK,DMK,DMK,15.19,15.85,76.97,5.95,51.91,25,LOW,1,50.0,50.0,75.0,20.0,2,"DMK, BJP","AIADMK+, SPA",0.61,2.59,SAFE HOLD,HIGH,Historical TCPD + ML Risk Model + Gemini Live Sentiment,DMK+,DMK+,13.6,False
Tamil Nadu,SALEM,Salem (West),2021,PMK,DMK,TVK Candidate,9.92,9.93,71.81,3.36,48.69,3,LOW,1,50.0,50.0,75.0,20.0,2,"DMDK, PMK","AIADMK+, SPA",0.96,2.08,SWING / FLIP,MODERATE,Historical TCPD + ML Risk Model + Gemini Live Sentiment,ADMK+,DMK+,7.68,True
Tamil Nadu,,Virudhachalam,2006,DMDK,PMK,TVK Candidate,9.08,10.75,76.98,4.99,40.42,9,LOW,1,50.0,50.0,75.0,20.0,2,"DMDK, PMK","AIADMK+, SPA",0.89,2.55,SWING / FLIP,MODERATE,Historical TCPD + ML Risk Model + Gemini Live Sentiment,ADMK+,ADMK+,8.5,True
Tamil Nadu,TIRUVALLUR,Avadi,2021,DMK,ADMK,DMK,18.37,13.52,67.37,1.98,49.94,3,LOW,1,50.0,50.0,75.0,20.0,2,"DMK, BJP","AIADMK+, SPA",0.71,1.37,LIKELY HOLD,MODERATE,Historical TCPD + ML Risk Model + Gemini Live Sentiment,DMK+,ADMK+,11.27,False
Tamil Nadu,KRISHNAGIRI,Thalli,2021,CPI,BJP,TVK Candidate,28.98,9.82,77.06,10.02,62.18,11,LOW,1,50.0,50.0,75.0,20.0,2,"CPI, BJP","AIADMK+, SPA",0.97,4.31,SWING / FLIP,MODERATE,Historical TCPD + ML Risk Model + Gemini Live Sentiment,DMK+,ADMK+,7.57,True
Tamil Nadu,VELLORE,Katpadi,2021,DMK,ADMK,DMK,0.4,14.94,74.0,6.2,45.71,12,LOW,1,50.0,50.0,75.0,20.0,2,"DMK, AIADMK","AIADMK+, SPA",0.65,2.72,LIKELY HOLD,MODERATE,Historical TCPD + ML Risk Model + Gemini Live Sentiment,DMK+,ADMK+,12.69,False
Tamil Nadu,,Thuraiyur(SC),2021,DMK,ADMK,TVK Candidate,12.55,8.23,76.63,2.26,49.91,3,LOW,1,50.0,50.0,75.0,20.0,2,"INC, AIADMK","AIADMK+, SPA",1.15,1.9,SWING / FLIP,MODERATE,Historical TCPD + ML Risk Model + Gemini Live Sentiment,DMK+,ADMK+,5.98,True
Tamil Nadu,,Virugambakkam,2021,DMK,ADMK,TVK Candidate,10.86,7.33,57.59,4.23,43.97,3,LOW,1,50.0,50.0,75.0,20.0,2,"DMK, AIADMK","AIADMK+, SPA",1.28,2.69,SWING / FLIP,MODERATE,Historical TCPD + ML Risk Model + Gemini Live Sentiment,DMK+,ADMK+,5.08,True
Tamil Nadu,,Thiruverumbur,2021,DMK,ADMK,DMK,25.23,14.06,66.59,6.83,53.51,11,LOW,1,50.0,50.0,75.0,20.0,2,"DMK, AIADMK","AIADMK+, SPA",0.69,2.97,LIKELY HOLD,MODERATE,Historical TCPD + ML Risk Model + Gemini Live Sentiment,DMK+,ADMK+,11.81,False
Tamil Nadu,,Kallakurichi(SC),2021,ADMK,INC,TVK Candidate,11.46,13.15,78.16,3.04,48.99,4,LOW,1,50.0,50.0,75.0,20.0,2,"VCK, AIADMK","AIADMK+, SPA",0.73,1.74,SWING / FLIP,MODERATE,Historical TCPD + ML Risk Model + Gemini Live Sentiment,ADMK+,DMK+,10.9,True
Tamil Nadu,ERODE,Erode (West),2021,DMK,ADMK,TVK Candidate,10.74,12.69,69.36,4.05,49.01,3,LOW,1,50.0,50.0,75.0,20.0,2,"DMK, BJP","AIADMK+, SPA",0.76,2.11,SWING / FLIP,MODERATE,Historical TCPD + ML Risk Model + Gemini Live Sentiment,DMK+,ADMK+,10.44,True
Tamil Nadu,KANNIYAKUMARI,Killiyoor,2021,INC,ADMK,INC,32.6,23.55,65.87,5.72,59.76,12,LOW,1,50.0,50.0,75.0,20.0,2,"INC, BJP","AIADMK+, SPA",0.42,2.33,SAFE HOLD,HIGH,Historical TCPD + ML Risk Model + Gemini Live Sentiment,DMK+,ADMK+,21.3,False
Tamil Nadu,,Thiru-Vi-Ka-Nagar(SC),2021,DMK,ADMK,DMK,41.15,22.43,60.62,3.17,61.13,3,LOW,1,50.0,50.0,75.0,20.0,2,"DMK, AIADMK","AIADMK+, SPA",0.44,1.5,SAFE HOLD,HIGH,Historical TCPD + ML Risk Model + Gemini Live Sentiment,DMK+,ADMK+,20.18,False
Tamil Nadu,DHARMAPURI,Dharmapuri,2021,PMK,DMK,TVK Candidate,12.36,13.68,79.69,10.78,48.6,11,HIGH,3,50.0,50.0,75.0,20.0,2,"DMDK, PMK","AIADMK+, SPA",0.71,4.3,SWING / FLIP,MODERATE,Historical TCPD + ML Risk Model + Gemini Live Sentiment,ADMK+,DMK+,11.43,True
Tamil Nadu,TIRUCHIRAPPALLI,Manachanallur,2021,DMK,ADMK,DMK,30.31,15.59,79.63,1.81,59.14,3,LOW,1,50.0,50.0,75.0,20.0,2,"DMK, AIADMK","AIADMK+, SPA",0.62,1.22,SAFE HOLD,HIGH,Historical TCPD + ML Risk Model + Gemini Live Sentiment,DMK+,ADMK+,13.34,False
Tamil Nadu,TIRUPUR,Udhagamandalam,2021,INC,BJP,TVK Candidate,3.79,5.79,67.82,1.43,46.44,3,LOW,1,50.0,50.0,75.0,20.0,2,"INC, BJP","AIADMK+, SPA",1.59,2.07,SWING / FLIP,MODERATE,Historical TCPD + ML Risk Model + Gemini Live Sentiment,DMK+,ADMK+,3.54,True
Tamil Nadu,,Tiruchengodu,2021,DMK,ADMK,DMK,1.55,17.89,78.71,8.53,44.23,12,LOW,1,50.0,50.0,75.0,20.0,2,"DMK, AIADMK","AIADMK+, SPA",0.54,3.38,SAFE HOLD,HIGH,Historical TCPD + ML Risk Model + Gemini Live Sentiment,DMK+,ADMK+,15.64,False
Tamil Nadu,KARUR,Karur,2021,DMK,ADMK,TVK Candidate,6.0,12.63,83.57,6.89,49.08,12,HIGH,3,50.0,50.0,75.0,20.0,2,"DMK, AIADMK","AIADMK+, SPA",0.76,3.06,SWING / FLIP,MODERATE,Historical TCPD + ML Risk Model + Gemini Live Sentiment,DMK+,ADMK+,10.38,True
Tamil Nadu,,Tiruchirappalli (West),2021,DMK,ADMK,DMK,46.48,19.62,67.01,4.78,64.52,4,LOW,1,50.0,50.0,75.0,20.0,2,"DMK, AMMK","AIADMK+, SPA",0.5,2.09,SAFE HOLD,HIGH,Historical TCPD + ML Risk Model + Gemini Live Sentiment,DMK+,ADMK+,17.37,False
Tamil Nadu,COIMBATORE,Thondamuthur,2021,ADMK,DMK,ADMK,18.06,20.68,70.22,7.11,53.89,12,LOW,1,50.0,50.0,75.0,20.0,2,"DMK, AIADMK","AIADMK+, SPA",0.47,2.84,SAFE HOLD,HIGH,Historical TCPD + ML Risk Model + Gemini Live Sentiment,ADMK+,DMK+,18.43,False
Tamil Nadu,DINDIGUL,Athoor,2021,DMK,PMK,DMK,58.96,24.66,77.96,9.75,72.11,12,LOW,1,50.0,50.0,75.0,20.0,2,"DMK, AIADMK","AIADMK+, SPA",0.4,3.65,SAFE HOLD,HIGH,Historical TCPD + ML Risk Model + Gemini Live Sentiment,DMK+,ADMK+,22.41,False
Tamil Nadu,TIRUVANNAMALAI,Polur,2021,ADMK,DMK,TVK Candidate,4.81,13.82,82.33,8.54,48.38,12,HIGH,3,50.0,50.0,75.0,20.0,2,"DMDK, PMK","AIADMK+, SPA",0.7,3.55,SWING / FLIP,MODERATE,Historical TCPD + ML Risk Model + Gemini Live Sentiment,ADMK+,DMK+,11.57,True
Tamil Nadu,MADURAI,Thiruparankundram,2021,ADMK,CPM,ADMK,12.5,15.25,72.73,1.9,43.96,5,LOW,1,50.0,50.0,75.0,20.0,2,"DMK, AIADMK","AIADMK+, SPA",0.63,1.26,SAFE HOLD,HIGH,Historical TCPD + ML Risk Model + Gemini Live Sentiment,ADMK+,DMK+,13.0,False
Tamil Nadu,,Mudhukulathur,2021,DMK,ADMK,TVK Candidate,9.37,9.05,70.29,5.52,46.06,12,LOW,1,50.0,50.0,75.0,20.0,2,"DMK, AIADMK","AIADMK+, SPA",1.05,2.89,SWING / FLIP,MODERATE,Historical TCPD + ML Risk Model + Gemini Live Sentiment,DMK+,ADMK+,6.800000000000001,True
Tamil Nadu,VILLUPURAM,Mailam,2021,PMK,DMK,TVK Candidate,1.26,7.24,79.5,1.21,45.79,3,LOW,1,50.0,50.0,75.0,20.0,2,"DMDK, AIADMK","AIADMK+, SPA",1.29,1.69,SWING / FLIP,MODERATE,Historical TCPD + ML Risk Model + Gemini Live Sentiment,ADMK+,DMK+,4.99,True
Tamil Nadu,,Coimbatore (North),2021,ADMK,DMK,TVK Candidate,1.97,10.63,59.21,4.56,40.16,3,LOW,1,50.0,50.0,75.0,20.0,2,"DMK, BJP","AIADMK+, SPA",0.9,2.42,SWING / FLIP,MODERATE,Historical TCPD + ML Risk Model + Gemini Live Sentiment,ADMK+,DMK+,8.38,True
Tamil Nadu,,Sirkazhi(SC),2021,DMK,ADMK,DMK,6.35,13.94,74.91,4.31,49.16,12,LOW,1,50.0,50.0,75.0,20.0,2,"DMK, AIADMK","AIADMK+, SPA",0.69,2.13,LIKELY HOLD,MODERATE,Historical TCPD + ML Risk Model + Gemini Live Sentiment,DMK+,ADMK+,11.69,False
Tamil Nadu,,Ottapidaram(SC),2021,DMK,ADMK,DMK,4.79,14.92,69.82,8.76,41.11,7,LOW,1,50.0,50.0,75.0,20.0,2,"DMK, AMMK","AIADMK+, SPA",0.65,3.57,LIKELY HOLD,MODERATE,Historical TCPD + ML Risk Model + Gemini Live Sentiment,DMK+,ADMK+,12.67,False
Tamil Nadu,MADURAI,Madurai Central,2021,DMK,ADMK,DMK,22.87,12.82,61.03,6.7,48.99,12,HIGH,3,50.0,50.0,75.0,20.0,2,"DMK, AIADMK","AIADMK+, SPA",0.75,2.98,LIKELY HOLD,MODERATE,Historical TCPD + ML Risk Model + Gemini Live Sentiment,DMK+,ADMK+,10.57,False
Tamil Nadu,VILLUPURAM,Tirukkoyilur,2021,DMK,BJP,DMK,30.42,19.25,76.27,1.74,56.56,3,LOW,1,50.0,50.0,75.0,20.0,2,"DMK, AIADMK","AIADMK+, SPA",0.51,1.09,SAFE HOLD,HIGH,Historical TCPD + ML Risk Model + Gemini Live Sentiment,DMK+,ADMK+,17.0,False
Tamil Nadu,MADURAI,Thirumangalam,2021,ADMK,DMK,TVK Candidate,6.39,12.51,78.13,6.78,45.51,12,LOW,1,50.0,50.0,75.0,20.0,2,"DMK, AIADMK","AIADMK+, SPA",0.77,3.03,SWING / FLIP,MODERATE,Historical TCPD + ML Risk Model + Gemini Live Sentiment,ADMK+,DMK+,10.26,True
Tamil Nadu,,Manamadurai(SC),2021,DMK,ADMK,DMK,6.94,13.2,72.05,6.31,44.01,13,LOW,1,50.0,50.0,75.0,20.0,2,"DMK, BJP","AIADMK+, SPA",0.73,2.83,LIKELY HOLD,MODERATE,Historical TCPD + ML Risk Model + Gemini Live Sentiment,DMK+,ADMK+,10.95,False
Tamil Nadu,CHENNAI,Royapuram,2021,DMK,ADMK,DMK,22.92,13.02,62.6,6.76,53.16,11,LOW,1,50.0,50.0,75.0,20.0,2,"DMK, AIADMK","AIADMK+, SPA",0.74,2.99,LIKELY HOLD,MODERATE,Historical TCPD + ML Risk Model + Gemini Live Sentiment,DMK+,ADMK+,10.77,False
Tamil Nadu,,Harur(SC),2021,ADMK,CPM,ADMK,15.29,17.52,78.46,10.53,49.89,13,LOW,1,50.0,50.0,75.0,20.0,2,"DMK, AIADMK","AIADMK+, SPA",0.55,4.06,SAFE HOLD,HIGH,Historical TCPD + ML Risk Model + Gemini Live Sentiment,ADMK+,DMK+,15.27,False
Tamil Nadu,TIRUVALLUR,Ambattur,2021,DMK,ADMK,TVK Candidate,17.54,12.45,62.01,3.56,47.67,3,LOW,1,50.0,50.0,75.0,20.0,2,"DMK, PMK","AIADMK+, SPA",0.77,1.96,SWING / FLIP,MODERATE,Historical TCPD + ML Risk Model + Gemini Live Sentiment,DMK+,ADMK+,10.2,True
Tamil Nadu,,Vanur(SC),2021,ADMK,VCK,ADMK,11.92,16.54,79.79,8.33,50.61,12,LOW,1,50.0,50.0,75.0,20.0,2,"DMK, AIADMK","AIADMK+, SPA",0.59,3.37,SAFE HOLD,HIGH,Historical TCPD + ML Risk Model + Gemini Live Sentiment,ADMK+,DMK+,14.29,False
Tamil Nadu,PUDUKKOTTAI,Viralimalai,2021,ADMK,DMK,ADMK,12.2,15.38,85.43,5.5,52.83,4,LOW,1,50.0,50.0,75.0,20.0,2,"DMK, AIADMK","AIADMK+, SPA",0.63,2.46,SAFE HOLD,HIGH,Historical TCPD + ML Risk Model + Gemini Live Sentiment,ADMK+,DMK+,13.13,False
Tamil Nadu,NAGAPATTINAM,Nagapattinam,2021,VCK,ADMK,TVK Candidate,5.04,8.57,71.97,3.67,46.17,12,MODERATE,2,50.0,50.0,75.0,20.0,2,"DMK, AIADMK","AIADMK+, SPA",1.1,2.32,SWING / FLIP,MODERATE,Historical TCPD + ML Risk Model + Gemini Live Sentiment,DMK+,ADMK+,6.32,True
Tamil Nadu,,Thiruthuraipoondi(SC),2021,CPI,ADMK,CPI,16.18,15.3,76.74,1.65,52.23,5,LOW,1,50.0,50.0,75.0,20.0,2,"CPI, AIADMK","AIADMK+, SPA",0.63,1.18,SAFE HOLD,HIGH,Historical TCPD + ML Risk Model + Gemini Live Sentiment,DMK+,ADMK+,13.05,False
Tamil Nadu,TIRUVALLUR,Tiruttani,2021,DMK,ADMK,ADMK,12.58,13.96,78.76,6.84,51.72,12,LOW,1,50.0,50.0,75.0,20.0,2,"DMDK, AIADMK","AIADMK+, SPA",0.69,2.97,LIKELY HOLD,MODERATE,Historical TCPD + ML Risk Model + Gemini Live Sentiment,DMK+,ADMK+,11.71,False
Tamil Nadu,,Orathanadu,2021,ADMK,DMK,TVK Candidate,15.03,13.4,78.29,3.92,46.95,12,LOW,1,50.0,50.0,75.0,20.0,2,"DMK, AIADMK","AIADMK+, SPA",0.72,2.03,SWING / FLIP,MODERATE,Historical TCPD + ML Risk Model + Gemini Live Sentiment,ADMK+,DMK+,11.15,True
Tamil Nadu,THOOTHUKUDI,Kovilpatti,2021,ADMK,AMMK,TVK Candidate,6.86,9.13,67.43,2.43,37.89,3,LOW,1,50.0,50.0,75.0,20.0,2,"DMK, AIADMK","AIADMK+, SPA",1.04,1.85,SWING / FLIP,MODERATE,Historical TCPD + ML Risk Model + Gemini Live Sentiment,ADMK+,OTHER,6.880000000000001,True
Tamil Nadu,,Sankarankovil(SC),2021,DMK,ADMK,ADMK,2.89,15.32,71.48,4.39,38.92,4,LOW,1,50.0,50.0,75.0,20.0,2,"INC, AIADMK","AIADMK+, SPA",0.63,2.09,SAFE HOLD,HIGH,Historical TCPD + ML Risk Model + Gemini Live Sentiment,DMK+,ADMK+,13.07,False
Tamil Nadu,,Vaniyambadi,1971,IND,NCO,TVK Candidate,17.74,17.74,61.64,0.0,56.13,1,LOW,1,50.0,50.0,75.0,20.0,2,"IUML, AIADMK","AIADMK+, SPA",0.55,0.55,SWING / FLIP,MODERATE,Historical TCPD + ML Risk Model + Gemini Live Sentiment,OTHER,OTHER,15.489999999999998,True
Tamil Nadu,SIVAGANGA,Sivaganga,2021,ADMK,CPI,TVK Candidate,5.57,14.42,66.29,4.63,40.66,12,LOW,1,50.0,50.0,75.0,20.0,2,"DMK, AIADMK","AIADMK+, SPA",0.67,2.21,SWING / FLIP,MODERATE,Historical TCPD + ML Risk Model + Gemini Live Sentiment,ADMK+,DMK+,12.17,True
Tamil Nadu,CHENNAI,Chepauk-Thiruvallikeni,2021,DMK,PMK,DMK,50.47,22.47,58.33,4.54,67.89,3,LOW,1,50.0,50.0,75.0,20.0,2,"DMK, AIADMK","AIADMK+, SPA",0.44,1.95,SAFE HOLD,HIGH,Historical TCPD + ML Risk Model + Gemini Live Sentiment,DMK+,ADMK+,20.22,False
Tamil Nadu,NAGAPATTINAM,Poompuhar,2021,DMK,ADMK,TVK Candidate,1.59,10.42,75.19,4.57,46.24,11,LOW,1,50.0,50.0,75.0,20.0,2,"DMK, AIADMK","AIADMK+, SPA",0.92,2.44,SWING / FLIP,MODERATE,Historical TCPD + ML Risk Model + Gemini Live Sentiment,DMK+,ADMK+,8.17,True
Tamil Nadu,ERODE,Anthiyur,2021,DMK,ADMK,TVK Candidate,0.72,7.17,79.69,1.11,44.84,3,MODERATE,2,50.0,50.0,75.0,20.0,2,"DMK, AIADMK","AIADMK+, SPA",1.3,1.67,SWING / FLIP,MODERATE,Historical TCPD + ML Risk Model + Gemini Live Sentiment,DMK+,ADMK+,4.92,True
Tamil Nadu,TIRUVANNAMALAI,Arani,2021,ADMK,DMK,TVK Candidate,1.41,3.13,79.84,1.07,46.5,3,CRITICAL,4,50.0,50.0,75.0,20.0,2,"DMK, AIADMK","AIADMK+, SPA",2.75,3.11,SWING / FLIP,MODERATE,Historical TCPD + ML Risk Model + Gemini Live Sentiment,ADMK+,DMK+,0.8799999999999999,True
Tamil Nadu,,Arakkonam(SC),1984,DMK,ADK,TVK Candidate,6.26,8.29,74.85,6.58,52.24,2,LOW,1,50.0,50.0,75.0,20.0,2,"VCK, AIADMK","AIADMK+, SPA",1.14,3.33,SWING / FLIP,MODERATE,Historical TCPD + ML Risk Model + Gemini Live Sentiment,DMK+,OTHER,6.039999999999999,True
Tamil Nadu,TIRUNELVELI,Kadayanallur,2021,ADMK,IUML,TVK Candidate,11.86,8.41,70.35,5.42,43.08,12,LOW,1,50.0,50.0,75.0,20.0,2,"DMK, AIADMK","AIADMK+, SPA",1.12,2.93,SWING / FLIP,MODERATE,Historical TCPD + ML Risk Model + Gemini Live Sentiment,ADMK+,DMK+,6.16,True
Tamil Nadu,TIRUVANNAMALAI,Cheyyar,2021,DMK,ADMK,DMK,5.72,15.64,81.69,5.82,47.78,13,LOW,1,50.0,50.0,75.0,20.0,2,"DMK, AIADMK","AIADMK+, SPA",0.62,2.56,SAFE HOLD,HIGH,Historical TCPD + ML Risk Model + Gemini Live Sentiment,DMK+,ADMK+,13.39,False
Tamil Nadu,DINDIGUL,Oddanchatram,2021,DMK,ADMK,DMK,14.25,16.18,83.08,9.68,54.51,11,LOW,1,50.0,50.0,75.0,20.0,2,"DMK, BJP","AIADMK+, SPA",0.6,3.83,SAFE HOLD,HIGH,Historical TCPD + ML Risk Model + Gemini Live Sentiment,DMK+,ADMK+,13.93,False
Tamil Nadu,CUDDALORE,Bhuvanagiri,2021,ADMK,DMK,TVK Candidate,4.19,10.6,78.57,6.18,48.92,12,HIGH,3,50.0,50.0,75.0,20.0,2,"DMK, AIADMK","AIADMK+, SPA",0.9,2.96,SWING / FLIP,MODERATE,Historical TCPD + ML Risk Model + Gemini Live Sentiment,ADMK+,DMK+,8.35,True
Tamil Nadu,DHARMAPURI,Pappireddippatti,2021,ADMK,DMK,TVK Candidate,16.72,9.4,82.15,1.96,51.81,4,LOW,1,50.0,50.0,75.0,20.0,2,"DMK, AIADMK","AIADMK+, SPA",1.01,1.66,SWING / FLIP,MODERATE,Historical TCPD + ML Risk Model + Gemini Live Sentiment,ADMK+,DMK+,7.15,True
Tamil Nadu,,Poonamallee(SC),2021,DMK,PMK,DMK,35.68,17.55,72.99,9.31,56.72,12,LOW,1,50.0,50.0,75.0,20.0,2,"DMK, AMMK","AIADMK+, SPA",0.55,3.65,SAFE HOLD,HIGH,Historical TCPD + ML Risk Model + Gemini Live Sentiment,DMK+,ADMK+,15.3,False
Tamil Nadu,ERODE,Bhavani,2021,ADMK,DMK,ADMK,11.18,20.29,83.5,8.25,50.11,12,LOW,1,50.0,50.0,75.0,20.0,2,"DMK, AIADMK","AIADMK+, SPA",0.48,3.23,SAFE HOLD,HIGH,Historical TCPD + ML Risk Model + Gemini Live Sentiment,ADMK+,DMK+,18.04,False
Tamil Nadu,,Dharapuram(SC),2021,DMK,BJP,DMK,0.72,13.75,74.15,7.59,46.39,12,LOW,1,50.0,50.0,75.0,20.0,2,"DMK, AIADMK","AIADMK+, SPA",0.7,3.23,LIKELY HOLD,MODERATE,Historical TCPD + ML Risk Model + Gemini Live Sentiment,DMK+,ADMK+,11.5,False
Tamil Nadu,VILLUPURAM,Tindivanam,2021,ADMK,DMK,TVK Candidate,5.34,11.89,78.43,6.95,47.74,12,HIGH,3,50.0,50.0,75.0,20.0,2,"VCK, AIADMK","AIADMK+, SPA",0.81,3.13,SWING / FLIP,MODERATE,Historical TCPD + ML Risk Model + Gemini Live Sentiment,ADMK+,DMK+,9.64,True
Tamil Nadu,TIRUVALLUR,Maduravoyal,2021,DMK,ADMK,TVK Candidate,11.58,9.29,60.3,3.79,44.29,3,LOW,1,50.0,50.0,75.0,20.0,2,"DMK, AIADMK","AIADMK+, SPA",1.02,2.28,SWING / FLIP,MODERATE,Historical TCPD + ML Risk Model + Gemini Live Sentiment,DMK+,ADMK+,7.039999999999999,True
Tamil Nadu,KANCHIPURAM,Chengalpattu,2021,DMK,ADMK,TVK Candidate,9.73,10.31,63.54,5.4,47.64,11,HIGH,3,50.0,50.0,75.0,20.0,2,"DMK, AIADMK","AIADMK+, SPA",0.93,2.73,SWING / FLIP,MODERATE,Historical TCPD + ML Risk Model + Gemini Live Sentiment,DMK+,ADMK+,8.06,True
Tamil Nadu,VIRUDHUNAGAR,Tiruchuli,2021,DMK,ADMK,DMK,35.29,21.47,77.46,2.87,59.15,3,LOW,1,50.0,50.0,75.0,20.0,2,"DMK, AIADMK","AIADMK+, SPA",0.46,1.42,SAFE HOLD,HIGH,Historical TCPD + ML Risk Model + Gemini Live Sentiment,DMK+,ADMK+,19.22,False
Tamil Nadu,KANNIYAKUMARI,Vilavancode,2021,INC,BJP,INC,17.08,17.77,66.83,5.27,52.12,13,LOW,1,50.0,50.0,75.0,20.0,2,"INC, BJP","AIADMK+, SPA",0.55,2.31,SAFE HOLD,HIGH,Historical TCPD + ML Risk Model + Gemini Live Sentiment,DMK+,ADMK+,15.52,False
Tamil Nadu,VILLUPURAM,Gingee,2021,DMK,PMK,DMK,17.31,15.16,78.21,6.39,52.99,12,LOW,1,50.0,50.0,75.0,20.0,2,"DMK, PMK","AIADMK+, SPA",0.64,2.77,SAFE HOLD,HIGH,Historical TCPD + ML Risk Model + Gemini Live Sentiment,DMK+,ADMK+,12.91,False
Tamil Nadu,SALEM,Salem (South),2021,ADMK,DMK,ADMK,11.31,20.47,76.0,1.58,48.76,3,LOW,1,50.0,50.0,75.0,20.0,2,"DMK, AIADMK","AIADMK+, SPA",0.48,1.01,SAFE HOLD,HIGH,Historical TCPD + ML Risk Model + Gemini Live Sentiment,ADMK+,DMK+,18.22,False
Tamil Nadu,,Uthangarai(SC),2021,ADMK,INC,TVK Candidate,15.08,14.02,78.37,1.89,52.96,3,LOW,1,50.0,50.0,75.0,20.0,2,"INC, AIADMK","AIADMK+, SPA",0.69,1.32,SWING / FLIP,MODERATE,Historical TCPD + ML Risk Model + Gemini Live Sentiment,ADMK+,DMK+,11.77,True
Tamil Nadu,KANCHIPURAM,Thiruporur,2021,VCK,PMK,TVK Candidate,0.86,5.63,76.36,2.25,41.44,4,LOW,1,50.0,50.0,75.0,20.0,2,"VCK, PMK","AIADMK+, SPA",1.63,2.38,SWING / FLIP,MODERATE,Historical TCPD + ML Risk Model + Gemini Live Sentiment,DMK+,ADMK+,3.38,True
Tamil Nadu,,Valparai(SC),2021,ADMK,CPI,ADMK,8.42,17.74,70.04,5.18,49.37,12,LOW,1,50.0,50.0,75.0,20.0,2,"DMK, AIADMK","AIADMK+, SPA",0.55,2.28,SAFE HOLD,HIGH,Historical TCPD + ML Risk Model + Gemini Live Sentiment,ADMK+,DMK+,15.489999999999998,False
Tamil Nadu,THOOTHUKUDI,Thoothukkudi,2021,DMK,ADMK,DMK,26.7,18.15,65.07,3.54,49.0,3,LOW,1,50.0,50.0,75.0,20.0,2,"DMK, AIADMK","AIADMK+, SPA",0.54,1.72,SAFE HOLD,HIGH,Historical TCPD + ML Risk Model + Gemini Live Sentiment,DMK+,ADMK+,15.899999999999999,False
Tamil Nadu,TIRUPUR,Mettupalayam,2021,ADMK,DMK,TVK Candidate,1.09,14.59,75.14,6.67,46.75,12,LOW,1,50.0,50.0,75.0,20.0,2,"DMK, AIADMK","AIADMK+, SPA",0.66,2.88,SWING / FLIP,MODERATE,Historical TCPD + ML Risk Model + Gemini Live Sentiment,ADMK+,DMK+,12.34,True
Tamil Nadu,CHENNAI,Kolathur,2021,DMK,ADMK,DMK,40.59,21.57,61.04,5.22,60.86,11,LOW,1,50.0,50.0,75.0,20.0,2,"DMK, AIADMK","AIADMK+, SPA",0.45,2.19,SAFE HOLD,HIGH,Historical TCPD + ML Risk Model + Gemini Live Sentiment,DMK+,ADMK+,19.32,False
Tamil Nadu,TIRUVARUR,Thiruvarur,2021,DMK,ADMK,DMK,24.57,27.66,73.25,3.02,52.29,5,LOW,1,50.0,50.0,75.0,20.0,2,"DMK, BJP","AIADMK+, SPA",0.36,1.37,SAFE HOLD,HIGH,Historical TCPD + ML Risk Model + Gemini Live Sentiment,DMK+,ADMK+,25.41,False
Tamil Nadu,,Manapaarai,2021,DMK,ADMK,TVK Candidate,5.52,10.24,76.02,1.66,44.23,3,LOW,1,50.0,50.0,75.0,20.0,2,"DMK, AIADMK","AIADMK+, SPA",0.93,1.48,SWING / FLIP,MODERATE,Historical TCPD + ML Risk Model + Gemini Live Sentiment,DMK+,ADMK+,7.99,True
Tamil Nadu,PERAMBALUR,Kunnam,2021,DMK,ADMK,TVK Candidate,2.88,8.41,80.05,0.85,47.26,3,LOW,1,50.0,50.0,75.0,20.0,2,"DMK, AIADMK","AIADMK+, SPA",1.12,1.4,SWING / FLIP,MODERATE,Historical TCPD + ML Risk Model + Gemini Live Sentiment,DMK+,ADMK+,6.16,True
Tamil Nadu,CUDDALORE,Panruti,2021,DMK,ADMK,TVK Candidate,2.38,11.01,79.6,4.87,47.6,12,HIGH,3,50.0,50.0,75.0,20.0,2,"VCK, AIADMK","AIADMK+, SPA",0.87,2.49,SWING / FLIP,MODERATE,Historical TCPD + ML Risk Model + Gemini Live Sentiment,DMK+,ADMK+,8.76,True
Tamil Nadu,ARIYALUR,Jayankondam,2021,DMK,PMK,TVK Candidate,2.52,12.55,80.38,7.48,46.0,12,MODERATE,2,50.0,50.0,75.0,20.0,2,"DMK, PMK","AIADMK+, SPA",0.77,3.26,SWING / FLIP,MODERATE,Historical TCPD + ML Risk Model + Gemini Live Sentiment,DMK+,ADMK+,10.3,True
Tamil Nadu,VELLORE,Ranipet,2021,DMK,ADMK,DMK,7.95,14.38,77.24,6.72,49.79,12,LOW,1,50.0,50.0,75.0,20.0,2,"DMK, BJP","AIADMK+, SPA",0.67,2.91,LIKELY HOLD,MODERATE,Historical TCPD + ML Risk Model + Gemini Live Sentiment,DMK+,ADMK+,12.13,False
Tamil Nadu,COIMBATORE,Kavundampalayam,2021,ADMK,DMK,TVK Candidate,3.15,12.68,66.13,3.45,43.78,3,LOW,1,50.0,50.0,75.0,20.0,2,"INC, AIADMK","AIADMK+, SPA",0.76,1.91,SWING / FLIP,MODERATE,Historical TCPD + ML Risk Model + Gemini Live Sentiment,ADMK+,DMK+,10.43,True
Tamil Nadu,CHENNAI,Villivakkam,2021,DMK,ADMK,DMK,25.84,14.62,55.92,7.67,52.83,11,LOW,1,50.0,50.0,75.0,20.0,2,"DMK, AIADMK","AIADMK+, SPA",0.66,3.22,LIKELY HOLD,MODERATE,Historical TCPD + ML Risk Model + Gemini Live Sentiment,DMK+,ADMK+,12.37,False
Tamil Nadu,TIRUVANNAMALAI,Tiruvannamalai,2021,DMK,BJP,DMK,45.33,19.69,71.69,5.66,66.02,12,LOW,1,50.0,50.0,75.0,20.0,2,"DMK, BJP","AIADMK+, SPA",0.5,2.39,SAFE HOLD,HIGH,Historical TCPD + ML Risk Model + Gemini Live Sentiment,DMK+,ADMK+,17.44,False
Tamil Nadu,CHENNAI,Dr. Radhakrishnan Nagar,2021,DMK,DMK,DMK,22.71,22.95,70.98,11.84,51.2,13,LOW,1,50.0,50.0,75.0,20.0,2,"DMK, AIADMK","AIADMK+, SPA",0.43,4.38,SAFE HOLD,HIGH,Historical TCPD + ML Risk Model + Gemini Live Sentiment,DMK+,DMK+,20.7,False
Tamil Nadu,VELLORE,Sholinghur,2021,INC,PMK,TVK Candidate,11.91,10.1,80.09,8.51,49.18,12,MODERATE,2,50.0,50.0,75.0,20.0,2,"INC, PMK","AIADMK+, SPA",0.94,3.78,SWING / FLIP,MODERATE,Historical TCPD + ML Risk Model + Gemini Live Sentiment,DMK+,ADMK+,7.85,True
Tamil Nadu,VIRUDHUNAGAR,Rajapalayam,2021,DMK,ADMK,TVK Candidate,2.18,8.32,73.89,6.31,41.5,12,LOW,1,50.0,50.0,75.0,20.0,2,"DMK, BJP","AIADMK+, SPA",1.13,3.23,SWING / FLIP,MODERATE,Historical TCPD + ML Risk Model + Gemini Live Sentiment,DMK+,ADMK+,6.07,True
Tamil Nadu,KRISHNAGIRI,Veppanahalli,2021,ADMK,DMK,TVK Candidate,1.49,3.0,81.31,1.77,45.87,3,CRITICAL,4,50.0,50.0,75.0,20.0,2,"DMK, AIADMK","AIADMK+, SPA",2.86,3.45,SWING / FLIP,MODERATE,Historical TCPD + ML Risk Model + Gemini Live Sentiment,ADMK+,DMK+,0.75,True
Tamil Nadu,NAMAKKAL,Kumarapalayam,2021,ADMK,DMK,ADMK,15.67,19.24,78.85,3.17,49.92,3,LOW,1,50.0,50.0,75.0,20.0,2,"DMK, AIADMK","AIADMK+, SPA",0.51,1.57,SAFE HOLD,HIGH,Historical TCPD + ML Risk Model + Gemini Live Sentiment,ADMK+,DMK+,16.99,False
Tamil Nadu,,Krishnarayapuram(SC),2021,DMK,ADMK,DMK,17.48,18.46,84.17,8.93,53.37,12,LOW,1,50.0,50.0,75.0,20.0,2,"DMK, AIADMK","AIADMK+, SPA",0.53,3.51,SAFE HOLD,HIGH,Historical TCPD + ML Risk Model + Gemini Live Sentiment,DMK+,ADMK+,16.21,False
Tamil Nadu,TIRUVALLUR,Thiruvallur,2021,DMK,ADMK,TVK Candidate,10.6,9.0,77.2,1.9,50.27,3,LOW,1,50.0,50.0,75.0,20.0,2,"DMK, AIADMK","AIADMK+, SPA",1.05,1.68,SWING / FLIP,MODERATE,Historical TCPD + ML Risk Model + Gemini Live Sentiment,DMK+,ADMK+,6.75,True
Tamil Nadu,PUDUKKOTTAI,Pudukkottai,2021,DMK,ADMK,DMK,7.23,17.1,72.94,4.46,47.7,13,LOW,1,50.0,50.0,75.0,20.0,2,"DMK, BJP","AIADMK+, SPA",0.57,2.06,SAFE HOLD,HIGH,Historical TCPD + ML Risk Model + Gemini Live Sentiment,DMK+,ADMK+,14.850000000000001,False
Tamil Nadu,CUDDALORE,Chidambaram,2021,ADMK,IUML,TVK Candidate,9.24,10.74,71.93,4.64,50.16,12,LOW,1,50.0,50.0,75.0,20.0,2,"DMK, AIADMK","AIADMK+, SPA",0.89,2.44,SWING / FLIP,MODERATE,Historical TCPD + ML Risk Model + Gemini Live Sentiment,ADMK+,DMK+,8.49,True
Tamil Nadu,,Kattumannarkoil(SC),2021,VCK,ADMK,TVK Candidate,6.02,11.22,75.87,5.59,49.02,12,LOW,1,50.0,50.0,75.0,20.0,2,"VCK, PMK","AIADMK+, SPA",0.85,2.71,SWING / FLIP,MODERATE,Historical TCPD + ML Risk Model + Gemini Live Sentiment,DMK+,ADMK+,8.97,True
Tamil Nadu,,Madurantakam(SC),1971,DMK,NCO,DMK,29.06,29.06,73.97,0.0,64.53,1,LOW,1,50.0,50.0,75.0,20.0,2,"DMK, AIADMK","AIADMK+, SPA",0.34,0.34,SAFE HOLD,HIGH,Historical TCPD + ML Risk Model + Gemini Live Sentiment,DMK+,OTHER,26.81,False
Tamil Nadu,COIMBATORE,Madathukulam,2021,ADMK,DMK,TVK Candidate,3.54,6.07,72.45,3.71,46.35,3,LOW,1,50.0,50.0,75.0,20.0,2,"DMK, AMMK","AIADMK+, SPA",1.52,2.76,SWING / FLIP,MODERATE,Historical TCPD + ML Risk Model + Gemini Live Sentiment,ADMK+,DMK+,3.8200000000000003,True
Tamil Nadu,VELLORE,Jolarpet,2021,DMK,ADMK,TVK Candidate,0.56,7.1,80.98,0.3,45.57,3,MODERATE,2,50.0,50.0,75.0,20.0,2,"DMK, AIADMK","AIADMK+, SPA",1.32,1.42,SWING / FLIP,MODERATE,Historical TCPD + ML Risk Model + Gemini Live Sentiment,DMK+,ADMK+,4.85,True
Tamil Nadu,,Coimbatore (South),2021,BJP,MNM,TVK Candidate,1.12,10.62,60.69,4.74,34.38,3,LOW,1,50.0,50.0,75.0,20.0,2,"DMK, AIADMK","AIADMK+, SPA",0.9,2.48,SWING / FLIP,MODERATE,Historical TCPD + ML Risk Model + Gemini Live Sentiment,ADMK+,DMK+,8.37,True
Tamil Nadu,TIRUVARUR,Nannilam,2021,ADMK,DMK,TVK Candidate,1.99,13.21,81.08,5.16,46.7,12,LOW,1,50.0,50.0,75.0,20.0,2,"DMK, AIADMK","AIADMK+, SPA",0.73,2.45,SWING / FLIP,MODERATE,Historical TCPD + ML Risk Model + Gemini Live Sentiment,ADMK+,DMK+,10.96,True
Tamil Nadu,RAMANATHAPURAM,Ramanathapuram,2021,DMK,BJP,DMK,23.58,19.86,68.81,3.3,51.88,12,LOW,1,50.0,50.0,75.0,20.0,2,"DMK, BJP","AIADMK+, SPA",0.49,1.59,SAFE HOLD,HIGH,Historical TCPD + ML Risk Model + Gemini Live Sentiment,DMK+,ADMK+,17.61,False
Tamil Nadu,,Senthamangalam(ST),2021,DMK,ADMK,DMK,5.27,18.03,80.93,10.95,45.51,12,LOW,1,50.0,50.0,75.0,20.0,2,"DMK, AIADMK","AIADMK+, SPA",0.54,4.19,SAFE HOLD,HIGH,Historical TCPD + ML Risk Model + Gemini Live Sentiment,DMK+,ADMK+,15.780000000000001,False
Tamil Nadu,RAMANATHAPURAM,Tiruvadanai,2021,INC,ADMK,TVK Candidate,6.86,10.87,68.72,4.34,39.33,12,LOW,1,50.0,50.0,75.0,20.0,2,"INC, AIADMK","AIADMK+, SPA",0.88,2.33,SWING / FLIP,MODERATE,Historical TCPD + ML Risk Model + Gemini Live Sentiment,DMK+,ADMK+,8.62,True
Tamil Nadu,MADURAI,Melur,2021,ADMK,INC,ADMK,19.24,18.39,74.23,4.38,45.6,11,LOW,1,50.0,50.0,75.0,20.0,2,"INC, AIADMK","AIADMK+, SPA",0.53,1.99,SAFE HOLD,HIGH,Historical TCPD + ML Risk Model + Gemini Live Sentiment,ADMK+,DMK+,16.14,False
Tamil Nadu,NILGIRIS,Tiruppur (South),2021,DMK,ADMK,DMK,2.7,14.57,62.74,4.2,43.31,3,LOW,1,50.0,50.0,75.0,20.0,2,"DMK, BJP","AIADMK+, SPA",0.66,2.06,LIKELY HOLD,MODERATE,Historical TCPD + ML Risk Model + Gemini Live Sentiment,DMK+,ADMK+,12.32,False
Tamil Nadu,,Tittakudi(SC),2021,DMK,BJP,TVK Candidate,12.82,7.76,76.3,1.2,49.78,3,LOW,1,50.0,50.0,75.0,20.0,2,"DMK, AIADMK","AIADMK+, SPA",1.21,1.61,SWING / FLIP,MODERATE,Historical TCPD + ML Risk Model + Gemini Live Sentiment,DMK+,ADMK+,5.51,True
Tamil Nadu,KANCHIPURAM,Alandur,2021,DMK,ADMK,TVK Candidate,17.06,12.08,60.82,8.88,49.12,12,LOW,1,50.0,50.0,75.0,20.0,2,"DMK, AIADMK","AIADMK+, SPA",0.79,3.75,SWING / FLIP,MODERATE,Historical TCPD + ML Risk Model + Gemini Live Sentiment,DMK+,ADMK+,9.83,True
Tamil Nadu,CUDDALORE,Cuddalore,2021,DMK,ADMK,TVK Candidate,2.83,12.61,74.77,6.45,46.46,12,LOW,1,50.0,50.0,75.0,20.0,2,"INC, AIADMK","AIADMK+, SPA",0.76,2.91,SWING / FLIP,MODERATE,Historical TCPD + ML Risk Model + Gemini Live Sentiment,DMK+,ADMK+,10.36,True
Tamil Nadu,KRISHNAGIRI,Bargur,2021,DMK,ADMK,DMK,6.38,19.58,79.08,7.42,49.17,12,LOW,1,50.0,50.0,75.0,20.0,2,"DMK, AIADMK","AIADMK+, SPA",0.5,2.97,SAFE HOLD,HIGH,Historical TCPD + ML Risk Model + Gemini Live Sentiment,DMK+,ADMK+,17.33,False
Tamil Nadu,KANCHIPURAM,Uthiramerur,2021,DMK,ADMK,DMK,0.77,13.53,80.1,7.84,44.38,11,LOW,1,50.0,50.0,75.0,20.0,2,"DMK, PMK","AIADMK+, SPA",0.71,3.32,LIKELY HOLD,MODERATE,Historical TCPD + ML Risk Model + Gemini Live Sentiment,DMK+,ADMK+,11.28,False
Tamil Nadu,MADURAI,Madurai North,2021,DMK,BJP,DMK,14.64,19.8,63.6,3.9,46.64,3,LOW,1,50.0,50.0,75.0,20.0,2,"DMK, AIADMK","AIADMK+, SPA",0.49,1.79,SAFE HOLD,HIGH,Historical TCPD + ML Risk Model + Gemini Live Sentiment,DMK+,ADMK+,17.55,False
Tamil Nadu,,Kilvaithinankuppam(SC),2021,ADMK,DMK,TVK Candidate,6.08,6.3,76.5,1.76,48.57,3,HIGH,3,50.0,50.0,75.0,20.0,2,"DMK, AIADMK","AIADMK+, SPA",1.47,2.06,SWING / FLIP,MODERATE,Historical TCPD + ML Risk Model + Gemini Live Sentiment,ADMK+,DMK+,4.05,True
Tamil Nadu,VELLORE,Ambur,2021,DMK,ADMK,DMK,11.37,14.72,74.01,5.89,50.86,5,LOW,1,50.0,50.0,75.0,20.0,2,"DMK, AIADMK","AIADMK+, SPA",0.66,2.62,LIKELY HOLD,MODERATE,Historical TCPD + ML Risk Model + Gemini Live Sentiment,DMK+,ADMK+,12.47,False
Tamil Nadu,THOOTHUKUDI,Tiruchendur,2021,DMK,ADMK,DMK,14.47,14.41,70.04,8.16,50.58,13,LOW,1,50.0,50.0,75.0,20.0,2,"DMK, BJP","AIADMK+, SPA",0.67,3.39,LIKELY HOLD,MODERATE,Historical TCPD + ML Risk Model + Gemini Live Sentiment,DMK+,ADMK+,12.16,False
Tamil Nadu,,Nilakottai(SC),2021,ADMK,DMK,ADMK,14.94,20.54,75.07,9.15,49.49,12,LOW,1,50.0,50.0,75.0,20.0,2,"DMK, AIADMK","AIADMK+, SPA",0.48,3.53,SAFE HOLD,HIGH,Historical TCPD + ML Risk Model + Gemini Live Sentiment,ADMK+,DMK+,18.29,False
Tamil Nadu,NILGIRIS,Sulur,2021,ADMK,DMK,TVK Candidate,13.21,13.07,75.57,1.87,49.23,4,LOW,1,50.0,50.0,75.0,20.0,2,"DMK, AIADMK","AIADMK+, SPA",0.74,1.36,SWING / FLIP,MODERATE,Historical TCPD + ML Risk Model + Gemini Live Sentiment,ADMK+,DMK+,10.82,True
Tamil Nadu,DINDIGUL,Vedasandur,2021,DMK,ADMK,DMK,8.24,18.2,80.16,9.2,49.97,12,LOW,1,50.0,50.0,75.0,20.0,2,"DMK, AIADMK","AIADMK+, SPA",0.53,3.6,SAFE HOLD,HIGH,Historical TCPD + ML Risk Model + Gemini Live Sentiment,DMK+,ADMK+,15.95,False
Tamil Nadu,VELLORE,Vellore,2021,DMK,ADMK,DMK,5.1,14.55,70.25,6.05,46.86,12,LOW,1,50.0,50.0,75.0,20.0,2,"DMK, AIADMK","AIADMK+, SPA",0.66,2.68,LIKELY HOLD,MODERATE,Historical TCPD + ML Risk Model + Gemini Live Sentiment,DMK+,ADMK+,12.3,False
Tamil Nadu,COIMBATORE,Singanallur,2021,ADMK,DMK,TVK Candidate,5.37,13.29,61.73,4.65,40.22,12,LOW,1,50.0,50.0,75.0,20.0,2,"INC, AIADMK","AIADMK+, SPA",0.73,2.28,SWING / FLIP,MODERATE,Historical TCPD + ML Risk Model + Gemini Live Sentiment,ADMK+,DMK+,11.04,True
Tamil Nadu,TIRUCHIRAPPALLI,Musiri,2021,DMK,ADMK,DMK,14.93,14.99,75.98,5.78,50.43,12,LOW,1,50.0,50.0,75.0,20.0,2,"DMK, AIADMK","AIADMK+, SPA",0.65,2.58,LIKELY HOLD,MODERATE,Historical TCPD + ML Risk Model + Gemini Live Sentiment,DMK+,ADMK+,12.74,False
Tamil Nadu,,Ponneri(SC),2021,INC,ADMK,INC,4.61,17.51,78.2,7.44,44.94,12,LOW,1,50.0,50.0,75.0,20.0,2,"INC, AIADMK","AIADMK+, SPA",0.56,3.04,SAFE HOLD,HIGH,Historical TCPD + ML Risk Model + Gemini Live Sentiment,DMK+,ADMK+,15.260000000000002,False
Tamil Nadu,TIRUPUR,Coonoor,2021,DMK,ADMK,DMK,3.02,15.68,69.79,7.39,45.49,13,LOW,1,50.0,50.0,75.0,20.0,2,"DMK, AIADMK","AIADMK+, SPA",0.62,3.08,SAFE HOLD,HIGH,Historical TCPD + ML Risk Model + Gemini Live Sentiment,DMK+,ADMK+,13.43,False
Tamil Nadu,THANJAVUR,Thiruvaiyaru,2021,DMK,BJP,DMK,25.37,13.09,78.11,3.95,48.82,5,LOW,1,50.0,50.0,75.0,20.0,2,"DMK, AMMK","AIADMK+, SPA",0.74,2.06,LIKELY HOLD,MODERATE,Historical TCPD + ML Risk Model + Gemini Live Sentiment,DMK+,ADMK+,10.84,False
Tamil Nadu,THENI,Andipatti,2021,DMK,ADMK,DMK,4.07,18.04,74.85,13.29,44.64,14,LOW,1,50.0,50.0,75.0,20.0,2,"DMK, AIADMK","AIADMK+, SPA",0.54,4.97,SAFE HOLD,HIGH,Historical TCPD + ML Risk Model + Gemini Live Sentiment,DMK+,ADMK+,15.79,False
Tamil Nadu,,Cheyyur(SC),2021,VCK,ADMK,TVK Candidate,2.26,7.1,77.88,1.31,46.2,3,LOW,1,50.0,50.0,75.0,20.0,2,"VCK, AIADMK","AIADMK+, SPA",1.32,1.76,SWING / FLIP,MODERATE,Historical TCPD + ML Risk Model + Gemini Live Sentiment,DMK+,ADMK+,4.85,True
Tamil Nadu,NAGAPATTINAM,Vedaranyam,2021,ADMK,DMK,TVK Candidate,7.8,12.7,80.6,3.58,49.8,12,LOW,1,50.0,50.0,75.0,20.0,2,"DMK, AIADMK","AIADMK+, SPA",0.76,1.95,SWING / FLIP,MODERATE,Historical TCPD + ML Risk Model + Gemini Live Sentiment,ADMK+,DMK+,10.45,True
Tamil Nadu,THANJAVUR,Thanjavur,2021,DMK,ADMK,DMK,24.2,14.17,65.72,6.99,53.25,13,LOW,1,50.0,50.0,75.0,20.0,2,"DMK, BJP","AIADMK+, SPA",0.68,3.01,LIKELY HOLD,MODERATE,Historical TCPD + ML Risk Model + Gemini Live Sentiment,DMK+,ADMK+,11.92,False
Tamil Nadu,VELLORE,Anaikattu,2021,DMK,ADMK,TVK Candidate,3.22,9.0,77.05,0.54,48.11,3,LOW,1,50.0,50.0,75.0,20.0,2,"DMK, AIADMK","AIADMK+, SPA",1.05,1.23,SWING / FLIP,MODERATE,Historical TCPD + ML Risk Model + Gemini Live Sentiment,DMK+,ADMK+,6.75,True
Tamil Nadu,DHARMAPURI,Palacode,2021,ADMK,DMK,ADMK,13.6,16.35,87.37,10.59,53.28,12,LOW,1,50.0,50.0,75.0,20.0,2,"DMK, AIADMK","AIADMK+, SPA",0.59,4.12,SAFE HOLD,HIGH,Historical TCPD + ML Risk Model + Gemini Live Sentiment,ADMK+,DMK+,14.100000000000001,False
Tamil Nadu,KANNIYAKUMARI,Nagercoil,2021,BJP,DMK,TVK Candidate,6.34,9.76,67.06,6.41,48.21,12,LOW,1,50.0,50.0,75.0,20.0,2,"DMK, BJP","AIADMK+, SPA",0.97,3.11,SWING / FLIP,MODERATE,Historical TCPD + ML Risk Model + Gemini Live Sentiment,ADMK+,DMK+,7.51,True
Tamil Nadu,,Yercaud(ST),2021,ADMK,DMK,ADMK,10.86,21.35,83.09,14.5,50.88,13,LOW,1,50.0,50.0,75.0,20.0,2,"DMK, AIADMK","AIADMK+, SPA",0.46,5.29,SAFE HOLD,HIGH,Historical TCPD + ML Risk Model + Gemini Live Sentiment,ADMK+,DMK+,19.1,False
Tamil Nadu,DINDIGUL,Dindigul,2021,ADMK,CPM,ADMK,9.1,18.83,69.27,7.16,46.43,12,LOW,1,50.0,50.0,75.0,20.0,2,"DMK, AIADMK","AIADMK+, SPA",0.52,2.91,SAFE HOLD,HIGH,Historical TCPD + ML Risk Model + Gemini Live Sentiment,ADMK+,DMK+,16.58,False
Tamil Nadu,,Ulundurpettai,2021,DMK,ADMK,DMK,2.15,16.92,82.62,9.45,47.15,12,LOW,1,50.0,50.0,75.0,20.0,2,"DMK, AIADMK","AIADMK+, SPA",0.57,3.72,SAFE HOLD,HIGH,Historical TCPD + ML Risk Model + Gemini Live Sentiment,DMK+,ADMK+,14.670000000000002,False
Tamil Nadu,TIRUNELVELI,Tenkasi,2021,INC,ADMK,TVK Candidate,0.17,12.81,72.4,5.28,41.71,12,LOW,1,50.0,50.0,75.0,20.0,2,"DMK, AIADMK","AIADMK+, SPA",0.75,2.51,SWING / FLIP,MODERATE,Historical TCPD + ML Risk Model + Gemini Live Sentiment,DMK+,ADMK+,10.56,True
Tamil Nadu,,Sriperumbudur(SC),2021,INC,ADMK,INC,4.12,14.69,73.94,6.27,43.65,12,LOW,1,50.0,50.0,75.0,20.0,2,"INC, AIADMK","AIADMK+, SPA",0.66,2.75,LIKELY HOLD,MODERATE,Historical TCPD + ML Risk Model + Gemini Live Sentiment,DMK+,ADMK+,12.44,False
Tamil Nadu,DINDIGUL,Natham,2021,ADMK,DMK,ADMK,5.3,17.29,78.95,8.65,47.84,12,HIGH,3,50.0,50.0,75.0,20.0,2,"DMK, AIADMK","AIADMK+, SPA",0.56,3.44,SAFE HOLD,HIGH,Historical TCPD + ML Risk Model + Gemini Live Sentiment,ADMK+,DMK+,15.04,False
Tamil Nadu,MADURAI,Madurai East,2021,DMK,ADMK,DMK,20.85,13.17,71.34,7.64,51.59,12,LOW,1,50.0,50.0,75.0,20.0,2,"DMK, AIADMK","AIADMK+, SPA",0.73,3.28,LIKELY HOLD,MODERATE,Historical TCPD + ML Risk Model + Gemini Live Sentiment,DMK+,ADMK+,10.92,False
Tamil Nadu,,Egmore(SC),2021,DMK,ADMK,DMK,32.5,14.81,61.13,9.69,57.71,12,LOW,1,50.0,50.0,75.0,20.0,2,"DMK, AIADMK","AIADMK+, SPA",0.65,3.88,LIKELY HOLD,MODERATE,Historical TCPD + ML Risk Model + Gemini Live Sentiment,DMK+,ADMK+,12.56,False
Tamil Nadu,,Chengam(SC),2021,DMK,ADMK,DMK,5.17,16.33,80.66,10.55,48.26,12,LOW,1,50.0,50.0,75.0,20.0,2,"DMK, AIADMK","AIADMK+, SPA",0.59,4.11,SAFE HOLD,HIGH,Historical TCPD + ML Risk Model + Gemini Live Sentiment,DMK+,ADMK+,14.079999999999998,False
Tamil Nadu,TIRUVALLUR,Thiruvottiyur,2021,DMK,ADMK,ADMK,18.83,13.18,65.15,7.45,44.09,11,LOW,1,50.0,50.0,75.0,20.0,2,"CPI(M), AIADMK","AIADMK+, SPA",0.73,3.21,LIKELY HOLD,MODERATE,Historical TCPD + ML Risk Model + Gemini Live Sentiment,DMK+,ADMK+,10.93,False
Tamil Nadu,CHENNAI,Harbour,2021,DMK,BJP,DMK,26.83,15.73,57.64,9.92,58.35,13,LOW,1,50.0,50.0,75.0,20.0,2,"DMK, AIADMK","AIADMK+, SPA",0.62,3.93,SAFE HOLD,HIGH,Historical TCPD + ML Risk Model + Gemini Live Sentiment,DMK+,ADMK+,13.48,False
Tamil Nadu,TIRUPUR,Tiruppur (North),2021,ADMK,CPI,ADMK,16.84,26.52,62.44,4.95,47.62,3,LOW,1,50.0,50.0,75.0,20.0,2,"CPI, AIADMK","AIADMK+, SPA",0.37,2.02,SAFE HOLD,HIGH,Historical TCPD + ML Risk Model + Gemini Live Sentiment,ADMK+,DMK+,24.27,False
Tamil Nadu,,Gudalur(SC),2021,ADMK,DMK,TVK Candidate,1.41,13.92,72.15,7.03,46.65,12,LOW,1,50.0,50.0,75.0,20.0,2,"DMK, AIADMK","AIADMK+, SPA",0.69,3.03,SWING / FLIP,MODERATE,Historical TCPD + ML Risk Model + Gemini Live Sentiment,ADMK+,DMK+,11.67,True
Tamil Nadu,ERODE,Perundurai,2021,ADMK,DMK,ADMK,7.64,18.42,82.6,8.53,44.84,11,LOW,1,50.0,50.0,75.0,20.0,2,"DMK, AIADMK","AIADMK+, SPA",0.53,3.37,SAFE HOLD,HIGH,Historical TCPD + ML Risk Model + Gemini Live Sentiment,ADMK+,DMK+,16.17,False
Tamil Nadu,VELLORE,Arcot,2021,DMK,PMK,DMK,9.51,15.28,79.62,6.21,49.52,12,LOW,1,50.0,50.0,75.0,20.0,2,"DMK, AIADMK","AIADMK+, SPA",0.63,2.7,SAFE HOLD,HIGH,Historical TCPD + ML Risk Model + Gemini Live Sentiment,DMK+,ADMK+,13.03,False
Tamil Nadu,,Palayamkottai,2021,DMK,ADMK,DMK,32.37,15.94,57.76,5.48,55.32,11,LOW,1,50.0,50.0,75.0,20.0,2,"DMK, AIADMK","AIADMK+, SPA",0.61,2.44,SAFE HOLD,HIGH,Historical TCPD + ML Risk Model + Gemini Live Sentiment,DMK+,ADMK+,13.69,False
Tamil Nadu,KANNIYAKUMARI,Padmanabhapuram,2021,DMK,ADMK,BJP,15.8,14.86,70.08,7.13,51.57,12,LOW,1,50.0,50.0,75.0,20.0,2,"CPI(M), BJP","AIADMK+, SPA",0.65,3.03,LIKELY HOLD,MODERATE,Historical TCPD + ML Risk Model + Gemini Live Sentiment,DMK+,ADMK+,12.61,False
Tamil Nadu,COIMBATORE,Pollachi,2021,ADMK,DMK,TVK Candidate,0.97,14.92,77.34,6.12,45.44,12,LOW,1,50.0,50.0,75.0,20.0,2,"DMK, AIADMK","AIADMK+, SPA",0.65,2.69,SWING / FLIP,MODERATE,Historical TCPD + ML Risk Model + Gemini Live Sentiment,ADMK+,DMK+,12.67,True
Tamil Nadu,TIRUNELVELI,Alangulam,2021,ADMK,DMK,TVK Candidate,1.74,8.45,77.4,5.94,36.44,12,LOW,1,50.0,50.0,75.0,20.0,2,"DMK, AIADMK","AIADMK+, SPA",1.12,3.1,SWING / FLIP,MODERATE,Historical TCPD + ML Risk Model + Gemini Live Sentiment,ADMK+,DMK+,6.199999999999999,True
Tamil Nadu,TIRUVARUR,Mannargudi,2021,DMK,ADMK,TVK Candidate,19.35,11.12,74.34,3.81,45.11,12,LOW,1,50.0,50.0,75.0,20.0,2,"DMK, AMMK","AIADMK+, SPA",0.86,2.13,SWING / FLIP,MODERATE,Historical TCPD + ML Risk Model + Gemini Live Sentiment,DMK+,ADMK+,8.87,True
Tamil Nadu,VILLUPURAM,Vikravandi,2021,DMK,ADMK,TVK Candidate,4.94,10.61,81.39,1.28,48.41,4,LOW,1,50.0,50.0,75.0,20.0,2,"DMK, PMK","AIADMK+, SPA",0.9,1.33,SWING / FLIP,MODERATE,Historical TCPD + ML Risk Model + Gemini Live Sentiment,DMK+,ADMK+,8.36,True
Tamil Nadu,TIRUVANNAMALAI,Kalasapakkam,2021,DMK,ADMK,DMK,4.69,17.07,80.36,6.18,47.92,11,LOW,1,50.0,50.0,75.0,20.0,2,"DMK, AIADMK","AIADMK+, SPA",0.57,2.63,SAFE HOLD,HIGH,Historical TCPD + ML Risk Model + Gemini Live Sentiment,DMK+,ADMK+,14.82,False
Tamil Nadu,,Kilvelur(SC),2021,CPM,PMK,TVK Candidate,11.88,6.62,79.43,2.76,47.55,3,HIGH,3,50.0,50.0,75.0,20.0,2,"CPI(M), PMK","AIADMK+, SPA",1.4,2.32,SWING / FLIP,MODERATE,Historical TCPD + ML Risk Model + Gemini Live Sentiment,DMK+,ADMK+,4.37,True
Tamil Nadu,,Paramakudi(SC),2021,DMK,ADMK,DMK,7.29,13.26,70.59,5.02,46.59,13,LOW,1,50.0,50.0,75.0,20.0,2,"DMK, AIADMK","AIADMK+, SPA",0.73,2.4,LIKELY HOLD,MODERATE,Historical TCPD + ML Risk Model + Gemini Live Sentiment,DMK+,ADMK+,11.01,False
Tamil Nadu,,Vasudevanallur(SC),2021,DMK,ADMK,TVK Candidate,1.35,10.48,71.87,7.37,39.08,12,LOW,1,50.0,50.0,75.0,20.0,2,"DMK, BJP","AIADMK+, SPA",0.91,3.37,SWING / FLIP,MODERATE,Historical TCPD + ML Risk Model + Gemini Live Sentiment,DMK+,ADMK+,8.23,True
Tamil Nadu,VIRUDHUNAGAR,Virudhunagar,2021,DMK,BJP,TVK Candidate,13.2,10.05,71.27,6.25,45.32,12,LOW,1,50.0,50.0,75.0,20.0,2,"DMDK, AIADMK","AIADMK+, SPA",0.95,3.03,SWING / FLIP,MODERATE,Historical TCPD + ML Risk Model + Gemini Live Sentiment,DMK+,ADMK+,7.800000000000001,True
Tamil Nadu,TIRUNELVELI,Radhapuram,2021,DMK,ADMK,DMK,3.16,13.29,68.08,6.3,43.95,12,LOW,1,50.0,50.0,75.0,20.0,2,"DMK, BJP","AIADMK+, SPA",0.73,2.83,LIKELY HOLD,MODERATE,Historical TCPD + ML Risk Model + Gemini Live Sentiment,DMK+,ADMK+,11.04,False
Tamil Nadu,,Madhavaram,2021,DMK,ADMK,DMK,18.85,13.77,66.37,3.77,50.04,3,LOW,1,50.0,50.0,75.0,20.0,2,"DMK, AIADMK","AIADMK+, SPA",0.7,1.96,LIKELY HOLD,MODERATE,Historical TCPD + ML Risk Model + Gemini Live Sentiment,DMK+,ADMK+,11.52,False
Tamil Nadu,THOOTHUKUDI,Srivaikuntam,2021,INC,ADMK,TVK Candidate,10.57,12.01,72.34,6.93,46.75,13,LOW,1,50.0,50.0,75.0,20.0,2,"INC, AIADMK","AIADMK+, SPA",0.8,3.11,SWING / FLIP,MODERATE,Historical TCPD + ML Risk Model + Gemini Live Sentiment,DMK+,ADMK+,9.76,True
Tamil Nadu,TIRUPUR,Gobichettipalayam,2021,ADMK,DMK,ADMK,13.33,18.54,82.52,7.35,50.68,12,LOW,1,50.0,50.0,75.0,20.0,2,"DMK, AIADMK","AIADMK+, SPA",0.53,2.98,SAFE HOLD,HIGH,Historical TCPD + ML Risk Model + Gemini Live Sentiment,ADMK+,DMK+,16.29,False
Tamil Nadu,CHENNAI,Saidapet,2021,DMK,ADMK,TVK Candidate,18.34,10.9,57.36,7.01,50.02,13,LOW,1,50.0,50.0,75.0,20.0,2,"DMK, AMMK","AIADMK+, SPA",0.88,3.22,SWING / FLIP,MODERATE,Historical TCPD + ML Risk Model + Gemini Live Sentiment,DMK+,ADMK+,8.65,True
Tamil Nadu,THANJAVUR,Peravurani,2021,DMK,ADMK,DMK,13.76,15.88,77.02,3.82,52.17,11,LOW,1,50.0,50.0,75.0,20.0,2,"DMK, AIADMK","AIADMK+, SPA",0.61,1.88,SAFE HOLD,HIGH,Historical TCPD + ML Risk Model + Gemini Live Sentiment,DMK+,ADMK+,13.63,False
Tamil Nadu,THANJAVUR,Pattukkottai,2021,DMK,ADMK,DMK,14.26,13.94,71.66,5.36,44.62,12,LOW,1,50.0,50.0,75.0,20.0,2,"DMK, AIADMK","AIADMK+, SPA",0.69,2.48,LIKELY HOLD,MODERATE,Historical TCPD + ML Risk Model + Gemini Live Sentiment,DMK+,ADMK+,11.69,False
Tamil Nadu,CHENNAI,Velachery,2021,INC,ADMK,TVK Candidate,2.46,9.44,56.18,4.7,38.76,3,LOW,1,50.0,50.0,75.0,20.0,2,"INC, AIADMK","AIADMK+, SPA",1.01,2.58,SWING / FLIP,MODERATE,Historical TCPD + ML Risk Model + Gemini Live Sentiment,DMK+,ADMK+,7.1899999999999995,True
Tamil Nadu,MADURAI,Madurai West,2021,ADMK,DMK,ADMK,4.52,15.92,65.12,7.36,41.59,12,LOW,1,50.0,50.0,75.0,20.0,2,"DMK, AIADMK","AIADMK+, SPA",0.61,3.06,SAFE HOLD,HIGH,Historical TCPD + ML Risk Model + Gemini Live Sentiment,ADMK+,DMK+,13.67,False
Tamil Nadu,KRISHNAGIRI,Hosur,2021,DMK,ADMK,TVK Candidate,4.98,11.98,70.09,7.77,47.65,13,LOW,1,50.0,50.0,75.0,20.0,2,"DMK, AIADMK","AIADMK+, SPA",0.8,3.39,SWING / FLIP,MODERATE,Historical TCPD + ML Risk Model + Gemini Live Sentiment,DMK+,ADMK+,9.73,True
Tamil Nadu,,Udumalaipettai,2021,ADMK,INC,TVK Candidate,11.27,14.1,71.31,3.41,49.85,12,LOW,1,50.0,50.0,75.0,20.0,2,"DMK, AIADMK","AIADMK+, SPA",0.68,1.82,SWING / FLIP,MODERATE,Historical TCPD + ML Risk Model + Gemini Live Sentiment,ADMK+,DMK+,11.85,True
Tamil Nadu,TIRUCHIRAPPALLI,Srirangam,2021,DMK,ADMK,DMK,8.29,15.93,76.15,9.74,47.41,13,LOW,1,50.0,50.0,75.0,20.0,2,"DMK, AIADMK","AIADMK+, SPA",0.61,3.86,SAFE HOLD,HIGH,Historical TCPD + ML Risk Model + Gemini Live Sentiment,DMK+,ADMK+,13.68,False
Tamil Nadu,TIRUCHIRAPPALLI,Lalgudi,2021,DMK,ADMK,TVK Candidate,9.7,12.12,79.23,4.44,48.59,12,LOW,1,50.0,50.0,75.0,20.0,2,"DMK, AIADMK","AIADMK+, SPA",0.79,2.27,SWING / FLIP,MODERATE,Historical TCPD + ML Risk Model + Gemini Live Sentiment,DMK+,ADMK+,9.87,True
Tamil Nadu,VIRUDHUNAGAR,Sivakasi,2021,INC,ADMK,INC,9.36,14.03,70.16,5.77,42.66,12,LOW,1,50.0,50.0,75.0,20.0,2,"INC, AIADMK","AIADMK+, SPA",0.69,2.61,LIKELY HOLD,MODERATE,Historical TCPD + ML Risk Model + Gemini Live Sentiment,DMK+,ADMK+,11.78,False
Tamil Nadu,TIRUNELVELI,Ambasamudram,2021,ADMK,DMK,TVK Candidate,9.52,11.4,72.03,4.83,47.96,12,LOW,1,50.0,50.0,75.0,20.0,2,"INC, AIADMK","AIADMK+, SPA",0.84,2.45,SWING / FLIP,MODERATE,Historical TCPD + ML Risk Model + Gemini Live Sentiment,ADMK+,DMK+,9.15,True
Tamil Nadu,,Sangagiri,2021,ADMK,DMK,ADMK,8.63,19.56,83.71,13.67,49.72,12,LOW,1,50.0,50.0,75.0,20.0,2,"DMK, AIADMK","AIADMK+, SPA",0.5,5.06,SAFE HOLD,HIGH,Historical TCPD + ML Risk Model + Gemini Live Sentiment,ADMK+,DMK+,17.31,False
West Bengal,BANKURA,Bankura,2021,BJP,AITC,BJP,0.67,10.07,80.18,11.64,43.79,16,LOW,1,50.0,50.0,75.0,20.0,1,Bharatiya Janata Party,N/A,0.95,4.83,LIKELY HOLD,MODERATE,Historical TCPD + ML Risk Model + Gemini Live Sentiment,BJP+,TMC,,False
West Bengal,UTTAR DINAJPUR,Karandighi,2021,AITC,BJP,BJP,17.18,8.12,80.67,14.58,54.7,15,LOW,1,50.0,50.0,75.0,20.0,1,,N/A,1.16,6.02,SWING / FLIP,MODERATE,Historical TCPD + ML Risk Model + Gemini Live Sentiment,TMC,BJP+,5.119999999999999,True
West Bengal,UTTAR DINAJPUR,Chakulia,2021,AITC,BJP,AITC,19.51,18.03,73.94,0.55,49.78,3,LOW,1,50.0,50.0,75.0,20.0,1,,N/A,0.54,0.72,SAFE HOLD,HIGH,Historical TCPD + ML Risk Model + Gemini Live Sentiment,TMC,BJP+,15.030000000000001,False
West Bengal,KOLKATA CORPORATION,Kolkata Port,2021,AITC,BJP,AITC,44.97,27.75,64.41,1.02,69.23,3,LOW,1,50.0,50.0,75.0,20.0,1,,N/A,0.35,0.69,SAFE HOLD,HIGH,Historical TCPD + ML Risk Model + Gemini Live Sentiment,TMC,BJP+,24.75,False
West Bengal,MURSHIDABAD,Raninagar,2021,AITC,INC,AITC,35.9,28.06,86.31,17.43,60.79,4,LOW,1,50.0,50.0,75.0,20.0,1,,N/A,0.35,6.16,SAFE HOLD,HIGH,Historical TCPD + ML Risk Model + Gemini Live Sentiment,TMC,LEFT+,25.06,False
West Bengal,PURULIA,Joypur,2021,BJP,INC,BJP,6.02,6.0,80.62,1.31,36.68,3,LOW,1,50.0,50.0,75.0,20.0,1,Bharatiya Janata Party,N/A,1.54,1.98,LEAN / TOSS-UP,LOW,Historical TCPD + ML Risk Model + Gemini Live Sentiment,BJP+,LEFT+,,False
West Bengal,NORTH 24 PARGANAS,Baduria,2021,AITC,BJP,BJP,26.51,11.61,87.12,11.31,51.53,15,MODERATE,2,50.0,50.0,75.0,20.0,1,Indian National Congress,N/A,0.83,4.6,SWING / FLIP,MODERATE,Historical TCPD + ML Risk Model + Gemini Live Sentiment,TMC,BJP+,8.61,True
West Bengal,,Manikchak,2006,CPM,INC,BJP+ Candidate,5.3,8.51,76.04,10.91,44.29,12,MODERATE,2,50.0,50.0,75.0,20.0,1,,N/A,1.11,4.75,SWING / FLIP,MODERATE,Historical TCPD + ML Risk Model + Gemini Live Sentiment,LEFT+,LEFT+,5.51,True
West Bengal,KOLKATA CORPORATION,Ballygunge,2021,AITC,BJP,AITC,49.92,13.5,60.71,5.6,70.6,15,LOW,1,50.0,50.0,75.0,20.0,1,,N/A,0.71,2.58,LIKELY HOLD,MODERATE,Historical TCPD + ML Risk Model + Gemini Live Sentiment,TMC,BJP+,10.5,False
West Bengal,,Ranibandh,2006,CPM,JKP(N),BJP+ Candidate,9.35,24.51,80.12,12.51,45.35,12,LOW,1,50.0,50.0,75.0,20.0,1,Trinamool Congress,N/A,0.4,4.57,SWING / FLIP,MODERATE,Historical TCPD + ML Risk Model + Gemini Live Sentiment,LEFT+,OTHER,21.51,True
West Bengal,BARDHAMAN,Ketugram,2021,AITC,BJP,AITC,5.89,16.3,83.25,13.22,46.55,15,MODERATE,2,50.0,50.0,75.0,20.0,1,,N/A,0.6,5.01,SAFE HOLD,HIGH,Historical TCPD + ML Risk Model + Gemini Live Sentiment,TMC,BJP+,13.3,False
West Bengal,PURBA MEDINIPUR,Khejuri,2021,BJP,AITC,BJP,8.45,13.49,88.65,1.95,51.93,3,LOW,1,50.0,50.0,75.0,20.0,1,,N/A,0.71,1.36,LIKELY HOLD,MODERATE,Historical TCPD + ML Risk Model + Gemini Live Sentiment,BJP+,TMC,,False
West Bengal,HOOGHLY,Uttarpara,2021,AITC,BJP,BJP,18.0,12.64,76.57,6.22,46.96,15,LOW,1,50.0,50.0,75.0,20.0,1,,N/A,0.76,2.83,SWING / FLIP,MODERATE,Historical TCPD + ML Risk Model + Gemini Live Sentiment,TMC,BJP+,9.64,True
West Bengal,HOWRAH,Uluberia Dakshin,2021,AITC,BJP,AITC,14.06,13.98,85.05,0.14,50.37,3,LOW,1,50.0,50.0,75.0,20.0,1,,N/A,0.69,0.74,LIKELY HOLD,MODERATE,Historical TCPD + ML Risk Model + Gemini Live Sentiment,TMC,BJP+,10.98,False
West Bengal,PASCHIM MEDINIPUR,Medinipur,2021,AITC,BJP,AITC,10.21,13.53,84.22,1.63,50.72,3,LOW,1,50.0,50.0,75.0,20.0,1,,N/A,0.71,1.25,LIKELY HOLD,MODERATE,Historical TCPD + ML Risk Model + Gemini Live Sentiment,TMC,BJP+,10.53,False
West Bengal,BANKURA,Barjora,2021,AITC,BJP,TMC,1.49,14.0,87.25,12.08,42.51,15,LOW,1,50.0,50.0,75.0,20.0,1,Trinamool Congress,N/A,0.69,4.72,LIKELY HOLD,MODERATE,Historical TCPD + ML Risk Model + Gemini Live Sentiment,TMC,BJP+,11.0,False
West Bengal,HOWRAH,Howrah Dakshin,2021,AITC,BJP,AITC,23.31,16.33,73.65,1.55,53.86,3,LOW,1,50.0,50.0,75.0,20.0,1,,N/A,0.59,1.11,SAFE HOLD,HIGH,Historical TCPD + ML Risk Model + Gemini Live Sentiment,TMC,BJP+,13.329999999999998,False
West Bengal,PURBA MEDINIPUR,Mahisadal,2021,AITC,BJP,BJP,1.09,8.62,88.58,38.8,46.49,4,LOW,1,50.0,50.0,75.0,20.0,1,,N/A,1.1,10.0,SWING / FLIP,MODERATE,Historical TCPD + ML Risk Model + Gemini Live Sentiment,TMC,BJP+,5.619999999999999,True
West Bengal,NORTH 24 PARGANAS,Dum Dum Uttar,2021,AITC,BJP,BJP,13.37,9.14,77.77,3.67,44.79,3,LOW,1,50.0,50.0,75.0,20.0,1,,N/A,1.04,2.26,SWING / FLIP,MODERATE,Historical TCPD + ML Risk Model + Gemini Live Sentiment,TMC,BJP+,6.140000000000001,True
West Bengal,PASCHIM MEDINIPUR,Keshpur,2021,AITC,BJP,AITC,9.0,25.46,87.71,10.23,50.81,15,LOW,1,50.0,50.0,75.0,20.0,1,,N/A,0.39,3.8,SAFE HOLD,HIGH,Historical TCPD + ML Risk Model + Gemini Live Sentiment,TMC,BJP+,22.46,False
West Bengal,PASCHIM MEDINIPUR,Kharagpur Sadar,2021,BJP,AITC,BJP,2.2,10.87,72.68,1.69,46.45,4,LOW,1,50.0,50.0,75.0,20.0,1,Bharatiya Janata Party,N/A,0.88,1.44,LIKELY HOLD,MODERATE,Historical TCPD + ML Risk Model + Gemini Live Sentiment,BJP+,TMC,,False
West Bengal,BARDHAMAN,Monteswar,2021,AITC,BJP,AITC,15.22,21.21,85.95,1.74,50.45,4,LOW,1,50.0,50.0,75.0,20.0,1,,N/A,0.46,1.04,SAFE HOLD,HIGH,Historical TCPD + ML Risk Model + Gemini Live Sentiment,TMC,BJP+,18.21,False
West Bengal,NORTH 24 PARGANAS,Baranagar,2021,AITC,BJP,AITC,21.93,15.66,72.97,8.61,53.42,15,LOW,1,50.0,50.0,75.0,20.0,1,,N/A,0.62,3.49,SAFE HOLD,HIGH,Historical TCPD + ML Risk Model + Gemini Live Sentiment,TMC,BJP+,12.66,False
West Bengal,PASCHIM MEDINIPUR,Binpur,2021,AITC,BJP,BJP,20.92,12.91,83.89,16.09,53.11,15,LOW,1,50.0,50.0,75.0,20.0,1,,N/A,0.75,6.11,SWING / FLIP,MODERATE,Historical TCPD + ML Risk Model + Gemini Live Sentiment,TMC,BJP+,9.91,True
West Bengal,NADIA,Palashipara,2021,AITC,BJP,BJP,25.24,11.47,82.39,5.26,54.22,10,LOW,1,50.0,50.0,75.0,20.0,1,Trinamool Congress,N/A,0.84,2.59,SWING / FLIP,MODERATE,Historical TCPD + ML Risk Model + Gemini Live Sentiment,TMC,BJP+,8.47,True
West Bengal,HOOGHLY,Chunchura,2021,AITC,BJP,AITC,7.23,13.16,80.92,1.61,45.97,3,LOW,1,50.0,50.0,75.0,20.0,1,,N/A,0.73,1.27,LIKELY HOLD,MODERATE,Historical TCPD + ML Risk Model + Gemini Live Sentiment,TMC,BJP+,10.16,False
West Bengal,MURSHIDABAD,Beldanga,2021,AITC,BJP,BJP,26.32,11.87,80.49,9.6,55.19,15,LOW,1,50.0,50.0,75.0,20.0,1,,N/A,0.81,4.01,SWING / FLIP,MODERATE,Historical TCPD + ML Risk Model + Gemini Live Sentiment,TMC,BJP+,8.87,True
West Bengal,BARDHAMAN,Raniganj,2021,AITC,BJP,TMC,1.95,25.43,72.18,13.2,42.9,15,LOW,1,50.0,50.0,75.0,20.0,1,Trinamool Congress,N/A,0.39,4.79,SAFE HOLD,HIGH,Historical TCPD + ML Risk Model + Gemini Live Sentiment,TMC,BJP+,22.43,False
West Bengal,KOLKATA CORPORATION,Jorasanko,2021,AITC,BJP,AITC,12.88,13.41,49.84,6.73,52.67,13,LOW,1,50.0,50.0,75.0,20.0,1,,N/A,0.72,2.96,LIKELY HOLD,MODERATE,Historical TCPD + ML Risk Model + Gemini Live Sentiment,TMC,BJP+,10.41,False
West Bengal,BARDHAMAN,Asansol Dakshin,2021,BJP,AITC,BJP,2.3,9.25,70.36,3.4,45.13,3,LOW,1,50.0,50.0,75.0,20.0,1,Bharatiya Janata Party,N/A,1.03,2.16,LIKELY HOLD,MODERATE,Historical TCPD + ML Risk Model + Gemini Live Sentiment,BJP+,TMC,,False
West Bengal,NADIA,Santipur,2021,BJP,AITC,BJP,7.23,11.72,85.64,13.13,49.94,17,LOW,1,50.0,50.0,75.0,20.0,1,Bharatiya Janata Party,N/A,0.82,5.2,LIKELY HOLD,MODERATE,Historical TCPD + ML Risk Model + Gemini Live Sentiment,BJP+,TMC,,False
West Bengal,DAKSHIN DINAJPUR,Gangarampur,2021,BJP,AITC,BJP,2.42,10.31,83.59,13.63,46.82,15,LOW,1,50.0,50.0,75.0,20.0,1,,N/A,0.93,5.47,LIKELY HOLD,MODERATE,Historical TCPD + ML Risk Model + Gemini Live Sentiment,BJP+,TMC,,False
West Bengal,PURBA MEDINIPUR,Bhagabanpur,2021,BJP,AITC,BJP,12.37,11.61,87.14,10.04,54.56,14,MODERATE,2,50.0,50.0,75.0,20.0,1,,N/A,0.83,4.18,LIKELY HOLD,MODERATE,Historical TCPD + ML Risk Model + Gemini Live Sentiment,BJP+,TMC,,False
West Bengal,MURSHIDABAD,Bharatpur,2021,AITC,BJP,Aam Janata Unnayan Party,22.79,13.49,77.73,12.68,50.9,15,LOW,1,50.0,50.0,75.0,20.0,1,Aam Janata Unnayan Party,N/A,0.71,4.94,LIKELY HOLD,MODERATE,Historical TCPD + ML Risk Model + Gemini Live Sentiment,TMC,BJP+,10.49,False
West Bengal,HOOGHLY,Pandua,2021,AITC,BJP,AITC,14.24,17.52,82.39,10.28,45.99,15,LOW,1,50.0,50.0,75.0,20.0,1,,N/A,0.55,3.98,SAFE HOLD,HIGH,Historical TCPD + ML Risk Model + Gemini Live Sentiment,TMC,BJP+,14.52,False
West Bengal,HOWRAH,Udaynarayanpur,2021,AITC,BJP,AITC,7.06,14.42,83.94,8.88,51.21,15,MODERATE,2,50.0,50.0,75.0,20.0,1,,N/A,0.67,3.63,LIKELY HOLD,MODERATE,Historical TCPD + ML Risk Model + Gemini Live Sentiment,TMC,BJP+,11.42,False
West Bengal,PURBA MEDINIPUR,Nandakumar,2021,AITC,BJP,BJP,2.38,4.81,89.27,1.05,47.6,3,HIGH,3,50.0,50.0,75.0,20.0,1,Trinamool Congress,N/A,1.88,2.23,SWING / FLIP,MODERATE,Historical TCPD + ML Risk Model + Gemini Live Sentiment,TMC,BJP+,1.8099999999999996,True
West Bengal,JALPAIGURI,Dhupguri,2021,BJP,AITC,BJP,1.9,11.65,86.38,14.78,45.65,14,LOW,1,50.0,50.0,75.0,20.0,1,Bharatiya Janata Party,N/A,0.82,5.75,LIKELY HOLD,MODERATE,Historical TCPD + ML Risk Model + Gemini Live Sentiment,BJP+,TMC,,False
West Bengal,NORTH 24 PARGANAS,Rajarhat Gopalpur,2021,AITC,BJP,AITC,14.15,14.03,69.1,3.73,49.04,3,LOW,1,50.0,50.0,75.0,20.0,1,,N/A,0.69,1.93,LIKELY HOLD,MODERATE,Historical TCPD + ML Risk Model + Gemini Live Sentiment,TMC,BJP+,11.03,False
West Bengal,,Tollygunge,2006,AITC,CPM,AITC,0.53,14.01,69.29,6.54,46.67,11,LOW,1,50.0,50.0,75.0,20.0,1,,N/A,0.69,2.87,LIKELY HOLD,MODERATE,Historical TCPD + ML Risk Model + Gemini Live Sentiment,TMC,LEFT+,11.01,False
West Bengal,KOLKATA CORPORATION,Rashbehari,2021,AITC,BJP,AITC,17.21,24.19,59.71,5.73,52.79,4,LOW,1,50.0,50.0,75.0,20.0,1,,N/A,0.41,2.32,SAFE HOLD,HIGH,Historical TCPD + ML Risk Model + Gemini Live Sentiment,TMC,BJP+,21.19,False
West Bengal,MURSHIDABAD,Kandi,2021,AITC,BJP,AITC,20.42,14.13,77.83,9.48,51.16,17,LOW,1,50.0,50.0,75.0,20.0,1,,N/A,0.68,3.84,LIKELY HOLD,MODERATE,Historical TCPD + ML Risk Model + Gemini Live Sentiment,TMC,BJP+,11.13,False
West Bengal,SOUTH 24 PARGANAS,Satgachia,2021,AITC,BJP,AITC,9.9,18.88,86.94,6.65,50.37,10,LOW,1,50.0,50.0,75.0,20.0,1,,N/A,0.52,2.74,SAFE HOLD,HIGH,Historical TCPD + ML Risk Model + Gemini Live Sentiment,TMC,BJP+,15.879999999999999,False
West Bengal,MURSHIDABAD,Naoda,2021,AITC,BJP,BJP,36.65,11.09,81.43,7.77,58.16,16,LOW,1,50.0,50.0,75.0,20.0,1,,N/A,0.86,3.45,SWING / FLIP,MODERATE,Historical TCPD + ML Risk Model + Gemini Live Sentiment,TMC,BJP+,8.09,True
West Bengal,JALPAIGURI,Mal,2021,AITC,BJP,TMC,2.56,16.96,83.25,12.0,46.46,15,LOW,1,50.0,50.0,75.0,20.0,1,Trinamool Congress,N/A,0.57,4.57,SAFE HOLD,HIGH,Historical TCPD + ML Risk Model + Gemini Live Sentiment,TMC,BJP+,13.96,False
West Bengal,PURBA MEDINIPUR,Egra,2021,AITC,BJP,AITC,7.68,14.76,84.02,11.33,52.22,14,LOW,1,50.0,50.0,75.0,20.0,1,,N/A,0.66,4.44,LIKELY HOLD,MODERATE,Historical TCPD + ML Risk Model + Gemini Live Sentiment,TMC,BJP+,11.76,False
West Bengal,DARJEELING,Kalimpong,2021,IND,BJP,BGPM,2.5,29.29,72.57,19.14,37.59,14,LOW,1,50.0,50.0,75.0,20.0,1,Bharatiya Gorkha Prajatantrik Morcha,N/A,0.34,6.72,SAFE HOLD,HIGH,Historical TCPD + ML Risk Model + Gemini Live Sentiment,OTHER,BJP+,,False
West Bengal,HOOGHLY,Tarakeswar,2021,AITC,BJP,AITC,3.63,16.56,85.27,8.3,46.96,15,LOW,1,50.0,50.0,75.0,20.0,1,,N/A,0.59,3.36,SAFE HOLD,HIGH,Historical TCPD + ML Risk Model + Gemini Live Sentiment,TMC,BJP+,13.559999999999999,False
West Bengal,BIRBHUM,Mayureswar,2021,AITC,BJP,AITC,6.05,19.35,85.57,17.28,50.36,14,LOW,1,50.0,50.0,75.0,20.0,1,,N/A,0.5,6.26,SAFE HOLD,HIGH,Historical TCPD + ML Risk Model + Gemini Live Sentiment,TMC,BJP+,16.35,False
West Bengal,,Harishchandrapur,2006,AIFB,INC,BJP+ Candidate,1.51,7.0,83.47,5.84,46.68,10,MODERATE,2,50.0,50.0,75.0,20.0,1,,N/A,1.33,3.28,SWING / FLIP,MODERATE,Historical TCPD + ML Risk Model + Gemini Live Sentiment,LEFT+,LEFT+,4.0,True
West Bengal,NADIA,Kalyani,2021,BJP,AITC,BJP,1.0,7.84,85.39,3.42,44.04,3,LOW,1,50.0,50.0,75.0,20.0,1,,N/A,1.2,2.34,LIKELY HOLD,MODERATE,Historical TCPD + ML Risk Model + Gemini Live Sentiment,BJP+,TMC,,False
West Bengal,PASCHIM MEDINIPUR,Kharagpur,2021,AITC,BJP,AITC,18.11,19.26,87.7,18.21,54.85,8,LOW,1,50.0,50.0,75.0,20.0,1,,N/A,0.51,6.58,SAFE HOLD,HIGH,Historical TCPD + ML Risk Model + Gemini Live Sentiment,TMC,BJP+,16.26,False
West Bengal,HOOGHLY,Haripal,2021,AITC,BJP,AITC,10.45,12.93,81.47,6.33,49.92,14,LOW,1,50.0,50.0,75.0,20.0,1,,N/A,0.74,2.85,LIKELY HOLD,MODERATE,Historical TCPD + ML Risk Model + Gemini Live Sentiment,TMC,BJP+,9.93,False
West Bengal,BIRBHUM,Bolpur,2021,AITC,BJP,AITC,9.68,16.29,82.99,15.03,50.57,16,LOW,1,50.0,50.0,75.0,20.0,1,,N/A,0.6,5.61,SAFE HOLD,HIGH,Historical TCPD + ML Risk Model + Gemini Live Sentiment,TMC,BJP+,13.29,False
West Bengal,BANKURA,Onda,2021,BJP,AITC,BJP,5.12,17.09,87.55,14.27,46.48,16,LOW,1,50.0,50.0,75.0,20.0,1,Bharatiya Janata Party,N/A,0.57,5.33,SAFE HOLD,HIGH,Historical TCPD + ML Risk Model + Gemini Live Sentiment,BJP+,TMC,,False
West Bengal,NORTH 24 PARGANAS,Panihati,2021,AITC,BJP,AITC,14.44,17.33,75.0,7.55,49.61,14,LOW,1,50.0,50.0,75.0,20.0,1,,N/A,0.56,3.08,SAFE HOLD,HIGH,Historical TCPD + ML Risk Model + Gemini Live Sentiment,TMC,BJP+,14.329999999999998,False
West Bengal,COOCH BEHAR,Tufanganj,2021,BJP,AITC,BJP,14.9,20.25,88.3,11.02,54.69,15,LOW,1,50.0,50.0,75.0,20.0,1,,N/A,0.48,4.15,SAFE HOLD,HIGH,Historical TCPD + ML Risk Model + Gemini Live Sentiment,BJP+,TMC,,False
West Bengal,UTTAR DINAJPUR,Hemtabad,2021,AITC,BJP,AITC,12.19,13.85,84.5,0.23,52.14,3,LOW,1,50.0,50.0,75.0,20.0,1,,N/A,0.7,0.78,LIKELY HOLD,MODERATE,Historical TCPD + ML Risk Model + Gemini Live Sentiment,TMC,BJP+,10.85,False
West Bengal,,Baisnabnagar,2021,AITC,BJP,BJP,1.18,2.36,84.25,1.13,39.81,3,LOW,1,50.0,50.0,75.0,20.0,1,,N/A,3.5,3.88,SWING / FLIP,MODERATE,Historical TCPD + ML Risk Model + Gemini Live Sentiment,TMC,BJP+,-0.6400000000000001,True
West Bengal,HOOGHLY,Singur,2021,AITC,BJP,BJP,12.35,10.81,84.16,4.49,48.15,15,LOW,1,50.0,50.0,75.0,20.0,1,,N/A,0.88,2.38,SWING / FLIP,MODERATE,Historical TCPD + ML Risk Model + Gemini Live Sentiment,TMC,BJP+,7.8100000000000005,True
West Bengal,BANKURA,Sonamukhi,2021,BJP,AITC,BJP,5.24,16.11,88.49,12.02,47.25,14,LOW,1,50.0,50.0,75.0,20.0,1,,N/A,0.6,4.61,SAFE HOLD,HIGH,Historical TCPD + ML Risk Model + Gemini Live Sentiment,BJP+,TMC,,False
West Bengal,BANKURA,Chhatna,2021,BJP,AITC,BJP,3.64,12.62,80.9,16.7,45.84,15,LOW,1,50.0,50.0,75.0,20.0,1,,N/A,0.76,6.33,LIKELY HOLD,MODERATE,Historical TCPD + ML Risk Model + Gemini Live Sentiment,BJP+,TMC,,False
West Bengal,MURSHIDABAD,Domkal,2021,AITC,CPM,BJP+ Candidate,20.88,10.88,84.63,12.53,56.45,14,LOW,1,50.0,50.0,75.0,20.0,1,,N/A,0.88,5.06,SWING / FLIP,MODERATE,Historical TCPD + ML Risk Model + Gemini Live Sentiment,TMC,LEFT+,7.880000000000001,True
West Bengal,BARDHAMAN,Durgapur Paschim,2021,BJP,AITC,BJP,7.45,13.16,72.6,5.12,46.31,3,LOW,1,50.0,50.0,75.0,20.0,1,Bharatiya Janata Party,N/A,0.73,2.44,LIKELY HOLD,MODERATE,Historical TCPD + ML Risk Model + Gemini Live Sentiment,BJP+,TMC,,False
West Bengal,SOUTH 24 PARGANAS,Basanti,2021,AITC,BJP,AITC,23.67,16.54,81.44,12.27,52.1,15,LOW,1,50.0,50.0,75.0,20.0,1,,N/A,0.59,4.68,SAFE HOLD,HIGH,Historical TCPD + ML Risk Model + Gemini Live Sentiment,TMC,BJP+,13.54,False
West Bengal,UTTAR DINAJPUR,Goalpokhar,2021,AITC,BJP,AITC,45.51,14.59,71.6,14.41,65.4,14,LOW,1,50.0,50.0,75.0,20.0,1,,N/A,0.66,5.46,LIKELY HOLD,MODERATE,Historical TCPD + ML Risk Model + Gemini Live Sentiment,TMC,BJP+,11.59,False
West Bengal,SOUTH 24 PARGANAS,Sonarpur Dakshin,2021,AITC,BJP,AITC,11.25,13.62,80.21,1.48,46.92,3,LOW,1,50.0,50.0,75.0,20.0,1,,N/A,0.71,1.2,LIKELY HOLD,MODERATE,Historical TCPD + ML Risk Model + Gemini Live Sentiment,TMC,BJP+,10.62,False
West Bengal,NORTH 24 PARGANAS,Jagatdal,2021,AITC,BJP,TMC,10.13,15.83,76.94,9.58,48.01,10,HIGH,3,50.0,50.0,75.0,20.0,1,Trinamool Congress,N/A,0.61,3.8,SAFE HOLD,HIGH,Historical TCPD + ML Risk Model + Gemini Live Sentiment,TMC,BJP+,12.83,False
West Bengal,DARJEELING,Kurseong,2021,BJP,IND,TMC,8.84,29.19,73.93,20.13,41.86,10,LOW,1,50.0,50.0,75.0,20.0,1,Trinamool Congress,N/A,0.34,7.05,SAFE HOLD,HIGH,Historical TCPD + ML Risk Model + Gemini Live Sentiment,BJP+,OTHER,,False
West Bengal,BANKURA,Raipur,2021,AITC,BJP,AITC,9.97,16.1,86.04,15.47,51.96,15,LOW,1,50.0,50.0,75.0,20.0,1,,N/A,0.6,5.76,SAFE HOLD,HIGH,Historical TCPD + ML Risk Model + Gemini Live Sentiment,TMC,BJP+,13.100000000000001,False
West Bengal,COOCH BEHAR,Cooch Behar Uttar,2021,BJP,AITC,BJP,5.99,4.22,85.39,0.45,49.4,3,HIGH,3,50.0,50.0,75.0,20.0,1,,N/A,2.12,2.27,LEAN / TOSS-UP,LOW,Historical TCPD + ML Risk Model + Gemini Live Sentiment,BJP+,TMC,,False
West Bengal,COOCH BEHAR,Mekliganj,2021,AITC,BJP,TMC,7.39,13.71,87.31,12.32,49.98,14,LOW,1,50.0,50.0,75.0,20.0,1,Trinamool Congress,N/A,0.7,4.81,LIKELY HOLD,MODERATE,Historical TCPD + ML Risk Model + Gemini Live Sentiment,TMC,BJP+,10.71,False
West Bengal,COOCH BEHAR,Natabari,2021,BJP,AITC,BJP,10.79,10.63,87.48,6.02,51.45,10,LOW,1,50.0,50.0,75.0,20.0,1,Bharatiya Janata Party,N/A,0.9,2.91,LIKELY HOLD,MODERATE,Historical TCPD + ML Risk Model + Gemini Live Sentiment,BJP+,TMC,,False
West Bengal,NORTH 24 PARGANAS,Rajarhat New Town,2021,AITC,BJP,BJP,24.02,11.12,81.15,3.27,54.22,3,LOW,1,50.0,50.0,75.0,20.0,1,,N/A,0.86,1.95,SWING / FLIP,MODERATE,Historical TCPD + ML Risk Model + Gemini Live Sentiment,TMC,BJP+,8.12,True
West Bengal,HOWRAH,Sankrail,2021,AITC,BJP,BJP,18.2,11.83,80.06,5.65,50.37,15,LOW,1,50.0,50.0,75.0,20.0,1,,N/A,0.81,2.69,SWING / FLIP,MODERATE,Historical TCPD + ML Risk Model + Gemini Live Sentiment,TMC,BJP+,8.83,True
West Bengal,MURSHIDABAD,Raghunathganj,2021,AITC,BJP,AITC,51.61,25.51,76.14,4.4,66.59,3,LOW,1,50.0,50.0,75.0,20.0,1,,N/A,0.38,1.85,SAFE HOLD,HIGH,Historical TCPD + ML Risk Model + Gemini Live Sentiment,TMC,BJP+,22.51,False
West Bengal,HOWRAH,Uluberia Purba,2021,AITC,BJP,BJP,8.87,10.11,82.36,1.09,44.83,4,LOW,1,50.0,50.0,75.0,20.0,1,,N/A,0.94,1.3,SWING / FLIP,MODERATE,Historical TCPD + ML Risk Model + Gemini Live Sentiment,TMC,BJP+,7.109999999999999,True
West Bengal,NADIA,Krishnaganj,2021,BJP,AITC,BJP,9.17,11.55,84.29,6.82,50.73,12,LOW,1,50.0,50.0,75.0,20.0,1,,N/A,0.83,3.1,LIKELY HOLD,MODERATE,Historical TCPD + ML Risk Model + Gemini Live Sentiment,BJP+,TMC,,False
West Bengal,DAKSHIN DINAJPUR,Balurghat,2021,BJP,AITC,BJP,8.83,10.06,82.7,9.29,47.42,15,LOW,1,50.0,50.0,75.0,20.0,1,Bharatiya Janata Party,N/A,0.95,4.05,LIKELY HOLD,MODERATE,Historical TCPD + ML Risk Model + Gemini Live Sentiment,BJP+,TMC,,False
West Bengal,PURBA MEDINIPUR,Patashpur,2021,AITC,BJP,BJP,4.79,8.15,87.65,2.11,50.42,3,LOW,1,50.0,50.0,75.0,20.0,1,,N/A,1.16,1.86,SWING / FLIP,MODERATE,Historical TCPD + ML Risk Model + Gemini Live Sentiment,TMC,BJP+,5.15,True
West Bengal,SOUTH 24 PARGANAS,Baruipur Purba,2021,AITC,BJP,AITC,22.05,14.73,84.38,0.8,54.75,3,LOW,1,50.0,50.0,75.0,20.0,1,,N/A,0.66,0.93,LIKELY HOLD,MODERATE,Historical TCPD + ML Risk Model + Gemini Live Sentiment,TMC,BJP+,11.73,False
West Bengal,PURBA MEDINIPUR,Panskura Purba,2021,AITC,BJP,BJP,4.87,5.18,83.77,1.78,45.97,3,CRITICAL,4,50.0,50.0,75.0,20.0,1,,N/A,1.76,2.35,SWING / FLIP,MODERATE,Historical TCPD + ML Risk Model + Gemini Live Sentiment,TMC,BJP+,2.1799999999999997,True
West Bengal,HOWRAH,Howrah Uttar,2021,AITC,BJP,AITC,3.69,13.14,68.4,2.05,47.81,3,LOW,1,50.0,50.0,75.0,20.0,1,,N/A,0.73,1.41,LIKELY HOLD,MODERATE,Historical TCPD + ML Risk Model + Gemini Live Sentiment,TMC,BJP+,10.14,False
West Bengal,PASCHIM MEDINIPUR,Pingla,2021,AITC,BJP,AITC,2.91,13.87,89.02,8.61,49.17,14,LOW,1,50.0,50.0,75.0,20.0,1,,N/A,0.7,3.57,LIKELY HOLD,MODERATE,Historical TCPD + ML Risk Model + Gemini Live Sentiment,TMC,BJP+,10.87,False
West Bengal,MURSHIDABAD,Suti,2021,AITC,BJP,BJP,32.68,7.37,81.18,7.99,58.87,15,LOW,1,50.0,50.0,75.0,20.0,1,,N/A,1.27,3.93,SWING / FLIP,MODERATE,Historical TCPD + ML Risk Model + Gemini Live Sentiment,TMC,BJP+,4.37,True
West Bengal,PASCHIM MEDINIPUR,Jhargram,2021,AITC,BJP,AITC,18.95,20.46,84.43,11.36,54.26,15,LOW,1,50.0,50.0,75.0,20.0,1,,N/A,0.48,4.27,SAFE HOLD,HIGH,Historical TCPD + ML Risk Model + Gemini Live Sentiment,TMC,BJP+,17.46,False
West Bengal,COOCH BEHAR,Sitalkuchi,2021,BJP,AITC,BJP,7.24,16.63,85.57,10.12,50.8,10,LOW,1,50.0,50.0,75.0,20.0,1,,N/A,0.58,3.95,SAFE HOLD,HIGH,Historical TCPD + ML Risk Model + Gemini Live Sentiment,BJP+,TMC,,False
West Bengal,DAKSHIN DINAJPUR,Harirampur,2021,AITC,BJP,BJP,12.08,6.64,81.62,1.45,51.23,3,HIGH,3,50.0,50.0,75.0,20.0,1,Trinamool Congress,N/A,1.4,1.88,SWING / FLIP,MODERATE,Historical TCPD + ML Risk Model + Gemini Live Sentiment,TMC,BJP+,3.6399999999999997,True
West Bengal,BARDHAMAN,Asansol Uttar,2021,AITC,BJP,TMC,10.94,18.29,69.21,3.12,52.32,3,LOW,1,50.0,50.0,75.0,20.0,1,Trinamool Congress,N/A,0.53,1.57,SAFE HOLD,HIGH,Historical TCPD + ML Risk Model + Gemini Live Sentiment,TMC,BJP+,15.29,False
West Bengal,NORTH 24 PARGANAS,Minakhan,2021,AITC,BJP,AITC,26.29,18.01,89.54,1.37,51.72,3,LOW,1,50.0,50.0,75.0,20.0,1,,N/A,0.54,1.0,SAFE HOLD,HIGH,Historical TCPD + ML Risk Model + Gemini Live Sentiment,TMC,BJP+,15.010000000000002,False
West Bengal,MURSHIDABAD,Nabagram,2021,AITC,BJP,BJP,17.04,12.54,82.57,10.86,48.18,15,LOW,1,50.0,50.0,75.0,20.0,1,,N/A,0.77,4.39,SWING / FLIP,MODERATE,Historical TCPD + ML Risk Model + Gemini Live Sentiment,TMC,BJP+,9.54,True
West Bengal,BARDHAMAN,Galsi,2021,AITC,BJP,AITC,8.66,23.88,86.42,15.77,49.21,17,LOW,1,50.0,50.0,75.0,20.0,1,,N/A,0.41,5.67,SAFE HOLD,HIGH,Historical TCPD + ML Risk Model + Gemini Live Sentiment,TMC,BJP+,20.88,False
West Bengal,,Bangaon Dakshin,2021,BJP,AITC,BJP,0.96,9.57,83.05,1.47,47.07,3,LOW,1,50.0,50.0,75.0,20.0,1,,N/A,0.99,1.48,LIKELY HOLD,MODERATE,Historical TCPD + ML Risk Model + Gemini Live Sentiment,BJP+,TMC,,False
West Bengal,UTTAR DINAJPUR,Itahar,2021,AITC,BJP,TMC,22.67,15.2,83.94,8.18,59.1,15,LOW,1,50.0,50.0,75.0,20.0,1,Trinamool Congress,N/A,0.64,3.37,SAFE HOLD,HIGH,Historical TCPD + ML Risk Model + Gemini Live Sentiment,TMC,BJP+,12.2,False
West Bengal,MALDAH,Gazole,2021,BJP,AITC,BJP,0.81,4.88,82.33,1.76,45.5,3,CRITICAL,4,50.0,50.0,75.0,20.0,1,,N/A,1.86,2.45,LEAN / TOSS-UP,LOW,Historical TCPD + ML Risk Model + Gemini Live Sentiment,BJP+,TMC,,False
West Bengal,JALPAIGURI,Alipurduars,2021,BJP,AITC,TMC,7.19,15.85,84.44,8.28,48.19,11,HIGH,3,50.0,50.0,75.0,20.0,1,Trinamool Congress,N/A,0.61,3.37,SAFE HOLD,HIGH,Historical TCPD + ML Risk Model + Gemini Live Sentiment,BJP+,TMC,,False
West Bengal,UTTAR DINAJPUR,Islampur,2021,AITC,BJP,BJP,22.03,9.11,76.69,7.85,58.91,12,LOW,1,50.0,50.0,75.0,20.0,1,,N/A,1.04,3.66,SWING / FLIP,MODERATE,Historical TCPD + ML Risk Model + Gemini Live Sentiment,TMC,BJP+,6.109999999999999,True
West Bengal,JALPAIGURI,Falakata,2021,BJP,AITC,BJP,1.81,11.39,85.9,14.1,46.71,15,LOW,1,50.0,50.0,75.0,20.0,1,Bharatiya Janata Party,N/A,0.84,5.54,LIKELY HOLD,MODERATE,Historical TCPD + ML Risk Model + Gemini Live Sentiment,BJP+,TMC,,False
West Bengal,JALPAIGURI,Rajganj,2021,AITC,BJP,AITC,7.31,14.53,88.11,15.63,48.5,13,LOW,1,50.0,50.0,75.0,20.0,1,,N/A,0.67,5.88,LIKELY HOLD,MODERATE,Historical TCPD + ML Risk Model + Gemini Live Sentiment,TMC,BJP+,11.53,False
West Bengal,NORTH 24 PARGANAS,Basirhat Uttar,2021,AITC,RSSCMJP,AITC,37.48,15.03,88.69,3.8,57.55,4,LOW,1,50.0,50.0,75.0,20.0,1,,N/A,0.64,1.91,SAFE HOLD,HIGH,Historical TCPD + ML Risk Model + Gemini Live Sentiment,TMC,LEFT+,12.03,False
West Bengal,SOUTH 24 PARGANAS,Baruipur Paschim,2021,AITC,BJP,AITC,29.3,23.37,82.8,1.21,57.27,3,LOW,1,50.0,50.0,75.0,20.0,1,,N/A,0.42,0.82,SAFE HOLD,HIGH,Historical TCPD + ML Risk Model + Gemini Live Sentiment,TMC,BJP+,20.37,False
West Bengal,SOUTH 24 PARGANAS,Falta,2021,AITC,BJP,AITC,19.61,15.59,87.2,8.46,56.35,15,LOW,1,50.0,50.0,75.0,20.0,1,,N/A,0.62,3.44,SAFE HOLD,HIGH,Historical TCPD + ML Risk Model + Gemini Live Sentiment,TMC,BJP+,12.59,False
West Bengal,KOLKATA CORPORATION,Chowrangee,2021,AITC,BJP,AITC,40.67,29.82,53.32,3.46,62.87,4,LOW,1,50.0,50.0,75.0,20.0,1,,N/A,0.33,1.48,SAFE HOLD,HIGH,Historical TCPD + ML Risk Model + Gemini Live Sentiment,TMC,BJP+,26.82,False
West Bengal,COOCH BEHAR,Cooch Behar Dakshin,2021,BJP,AITC,BJP,2.52,4.85,82.48,0.67,46.83,3,CRITICAL,4,50.0,50.0,75.0,20.0,1,,N/A,1.87,2.09,LEAN / TOSS-UP,LOW,Historical TCPD + ML Risk Model + Gemini Live Sentiment,BJP+,TMC,,False
West Bengal,SOUTH 24 PARGANAS,Canning Purba,2021,AITC,RSSCMJP,AITC,22.77,21.56,88.3,1.25,52.54,3,LOW,1,50.0,50.0,75.0,20.0,1,,N/A,0.45,0.87,SAFE HOLD,HIGH,Historical TCPD + ML Risk Model + Gemini Live Sentiment,TMC,LEFT+,18.56,False
West Bengal,BARDHAMAN,Kalna,2021,AITC,BJP,AITC,3.58,20.76,86.47,9.93,45.98,15,LOW,1,50.0,50.0,75.0,20.0,1,,N/A,0.47,3.78,SAFE HOLD,HIGH,Historical TCPD + ML Risk Model + Gemini Live Sentiment,TMC,BJP+,17.76,False
West Bengal,HOOGHLY,Saptagram,2021,AITC,BJP,BJP,5.08,11.57,81.76,1.53,48.56,3,LOW,1,50.0,50.0,75.0,20.0,1,,N/A,0.83,1.34,SWING / FLIP,MODERATE,Historical TCPD + ML Risk Model + Gemini Live Sentiment,TMC,BJP+,8.57,True
West Bengal,JALPAIGURI,Nagrakata,2021,BJP,AITC,BJP,12.28,18.27,80.53,11.72,49.55,15,LOW,1,50.0,50.0,75.0,20.0,1,Bharatiya Janata Party,N/A,0.53,4.44,SAFE HOLD,HIGH,Historical TCPD + ML Risk Model + Gemini Live Sentiment,BJP+,TMC,,False
West Bengal,MURSHIDABAD,Sagardighi,2021,AITC,BJP,BJP,26.87,11.18,78.82,21.56,50.95,15,LOW,1,50.0,50.0,75.0,20.0,1,,N/A,0.86,8.05,SWING / FLIP,MODERATE,Historical TCPD + ML Risk Model + Gemini Live Sentiment,TMC,BJP+,8.18,True
West Bengal,NORTH 24 PARGANAS,Gaighata,2021,BJP,AITC,BJP,4.49,9.4,83.94,7.92,47.27,14,LOW,1,50.0,50.0,75.0,20.0,1,,N/A,1.01,3.65,LIKELY HOLD,MODERATE,Historical TCPD + ML Risk Model + Gemini Live Sentiment,BJP+,TMC,,False
West Bengal,NADIA,Ranaghat Dakshin,2021,BJP,AITC,BJP,6.83,8.27,84.27,1.27,49.34,3,LOW,1,50.0,50.0,75.0,20.0,1,Bharatiya Janata Party,N/A,1.14,1.56,LIKELY HOLD,MODERATE,Historical TCPD + ML Risk Model + Gemini Live Sentiment,BJP+,TMC,,False
West Bengal,,Bangaon Uttar,2021,BJP,AITC,BJP,5.11,12.36,81.82,2.01,47.65,3,LOW,1,50.0,50.0,75.0,20.0,1,Bharatiya Janata Party,N/A,0.78,1.45,LIKELY HOLD,MODERATE,Historical TCPD + ML Risk Model + Gemini Live Sentiment,BJP+,TMC,,False
West Bengal,BANKURA,Saltora,2021,BJP,AITC,BJP,2.05,12.47,86.67,25.38,45.28,4,LOW,1,50.0,50.0,75.0,20.0,1,,N/A,0.77,9.23,LIKELY HOLD,MODERATE,Historical TCPD + ML Risk Model + Gemini Live Sentiment,BJP+,TMC,,False
West Bengal,JALPAIGURI,Kumargram,2021,BJP,AITC,BJP,4.73,16.29,84.52,12.32,48.16,15,LOW,1,50.0,50.0,75.0,20.0,1,,N/A,0.6,4.71,SAFE HOLD,HIGH,Historical TCPD + ML Risk Model + Gemini Live Sentiment,BJP+,TMC,,False
West Bengal,KOLKATA CORPORATION,Maniktala,2021,AITC,BJP,AITC,15.22,19.13,62.85,4.22,50.82,3,LOW,1,50.0,50.0,75.0,20.0,1,,N/A,0.51,1.92,SAFE HOLD,HIGH,Historical TCPD + ML Risk Model + Gemini Live Sentiment,TMC,BJP+,16.13,False
West Bengal,BIRBHUM,Sainthia,2021,AITC,BJP,BJP,6.87,9.65,85.76,0.55,49.84,3,LOW,1,50.0,50.0,75.0,20.0,1,,N/A,0.99,1.17,SWING / FLIP,MODERATE,Historical TCPD + ML Risk Model + Gemini Live Sentiment,TMC,BJP+,6.65,True
West Bengal,,Ashokenagar,2006,CPM,AITC,BJP+ Candidate,1.13,11.15,86.53,10.13,46.08,12,MODERATE,2,50.0,50.0,75.0,20.0,1,,N/A,0.86,4.24,SWING / FLIP,MODERATE,Historical TCPD + ML Risk Model + Gemini Live Sentiment,LEFT+,TMC,8.15,True
West Bengal,HOWRAH,Jagatballavpur,2021,AITC,BJP,AITC,12.39,14.86,81.5,7.86,49.45,15,LOW,1,50.0,50.0,75.0,20.0,1,,N/A,0.65,3.27,LIKELY HOLD,MODERATE,Historical TCPD + ML Risk Model + Gemini Live Sentiment,TMC,BJP+,11.86,False
West Bengal,NORTH 24 PARGANAS,Habra,2021,AITC,BJP,TMC,1.88,13.14,83.96,9.06,44.34,14,MODERATE,2,50.0,50.0,75.0,20.0,1,Trinamool Congress,N/A,0.73,3.75,LIKELY HOLD,MODERATE,Historical TCPD + ML Risk Model + Gemini Live Sentiment,TMC,BJP+,10.14,False
West Bengal,NORTH 24 PARGANAS,Hingalganj,2021,AITC,BJP,BJP,12.8,11.87,84.39,9.24,53.78,14,MODERATE,2,50.0,50.0,75.0,20.0,1,,N/A,0.81,3.89,SWING / FLIP,MODERATE,Historical TCPD + ML Risk Model + Gemini Live Sentiment,TMC,BJP+,8.87,True
West Bengal,NADIA,Krishnanagar Dakshin,2021,AITC,BJP,BJP,4.76,6.39,86.36,0.84,46.88,3,LOW,1,50.0,50.0,75.0,20.0,1,,N/A,1.45,1.73,SWING / FLIP,MODERATE,Historical TCPD + ML Risk Model + Gemini Live Sentiment,TMC,BJP+,3.3899999999999997,True
West Bengal,NADIA,Kaliganj,2021,AITC,BJP,BJP,22.44,6.11,83.39,10.64,53.35,15,MODERATE,2,50.0,50.0,75.0,20.0,1,,N/A,1.51,5.06,SWING / FLIP,MODERATE,Historical TCPD + ML Risk Model + Gemini Live Sentiment,TMC,BJP+,3.1100000000000003,True
West Bengal,BIRBHUM,Dubrajpur,2021,BJP,AITC,BJP,1.89,17.44,83.89,16.91,47.94,15,LOW,1,50.0,50.0,75.0,20.0,1,Bharatiya Janata Party,N/A,0.56,6.2,SAFE HOLD,HIGH,Historical TCPD + ML Risk Model + Gemini Live Sentiment,BJP+,TMC,,False
West Bengal,HOOGHLY,Champdani,2021,AITC,BJP,AITC,14.95,13.83,76.12,6.33,50.2,14,LOW,1,50.0,50.0,75.0,20.0,1,,N/A,0.7,2.81,LIKELY HOLD,MODERATE,Historical TCPD + ML Risk Model + Gemini Live Sentiment,TMC,BJP+,10.83,False
West Bengal,NADIA,Chapra,2021,AITC,IND,AITC,5.68,14.36,85.28,12.33,34.65,15,LOW,1,50.0,50.0,75.0,20.0,1,,N/A,0.67,4.78,LIKELY HOLD,MODERATE,Historical TCPD + ML Risk Model + Gemini Live Sentiment,TMC,OTHER,11.36,False
West Bengal,HOOGHLY,Khanakul,2021,BJP,AITC,BJP,5.91,17.23,78.25,10.87,49.27,15,LOW,1,50.0,50.0,75.0,20.0,1,,N/A,0.56,4.18,SAFE HOLD,HIGH,Historical TCPD + ML Risk Model + Gemini Live Sentiment,BJP+,TMC,,False
West Bengal,PASCHIM MEDINIPUR,Daspur,2021,AITC,BJP,BJP,12.07,11.67,74.02,7.81,51.58,16,LOW,1,50.0,50.0,75.0,20.0,1,,N/A,0.82,3.42,SWING / FLIP,MODERATE,Historical TCPD + ML Risk Model + Gemini Live Sentiment,TMC,BJP+,8.67,True
West Bengal,BIRBHUM,Murarai,2021,AITC,BJP,BJP,45.08,11.64,82.27,16.19,67.23,15,LOW,1,50.0,50.0,75.0,20.0,1,,N/A,0.82,6.22,SWING / FLIP,MODERATE,Historical TCPD + ML Risk Model + Gemini Live Sentiment,TMC,BJP+,8.64,True
West Bengal,COOCH BEHAR,Dinhata,2021,BJP,AITC,BJP,0.02,17.74,80.69,11.24,47.6,16,LOW,1,50.0,50.0,75.0,20.0,1,Bharatiya Janata Party,N/A,0.55,4.3,SAFE HOLD,HIGH,Historical TCPD + ML Risk Model + Gemini Live Sentiment,BJP+,TMC,,False
West Bengal,PASCHIM MEDINIPUR,Keshiary,2021,AITC,BJP,BJP,7.21,9.6,88.5,1.36,50.01,3,LOW,1,50.0,50.0,75.0,20.0,1,,N/A,0.99,1.44,SWING / FLIP,MODERATE,Historical TCPD + ML Risk Model + Gemini Live Sentiment,TMC,BJP+,6.6,True
West Bengal,NORTH 24 PARGANAS,Sandeshkhali,2021,AITC,BJP,AITC,19.28,17.3,85.88,11.09,54.64,15,LOW,1,50.0,50.0,75.0,20.0,1,,N/A,0.56,4.26,SAFE HOLD,HIGH,Historical TCPD + ML Risk Model + Gemini Live Sentiment,TMC,BJP+,14.3,False
West Bengal,DAKSHIN DINAJPUR,Kushmandi,2021,AITC,BJP,BJP,6.84,12.53,82.98,16.43,48.88,15,LOW,1,50.0,50.0,75.0,20.0,1,,N/A,0.77,6.25,SWING / FLIP,MODERATE,Historical TCPD + ML Risk Model + Gemini Live Sentiment,TMC,BJP+,9.53,True
West Bengal,KOLKATA CORPORATION,Beleghata,2021,AITC,BJP,AITC,42.36,26.07,62.83,3.15,65.1,3,LOW,1,50.0,50.0,75.0,20.0,1,,N/A,0.38,1.43,SAFE HOLD,HIGH,Historical TCPD + ML Risk Model + Gemini Live Sentiment,TMC,BJP+,23.07,False
West Bengal,PURBA MEDINIPUR,Tamluk,2021,AITC,BJP,TMC,0.34,17.24,87.87,10.59,45.86,15,LOW,1,50.0,50.0,75.0,20.0,1,Trinamool Congress,N/A,0.56,4.09,SAFE HOLD,HIGH,Historical TCPD + ML Risk Model + Gemini Live Sentiment,TMC,BJP+,14.239999999999998,False
West Bengal,,Barrackpore,2021,AITC,BJP,BJP,6.22,12.85,68.49,3.86,46.47,3,LOW,1,50.0,50.0,75.0,20.0,1,,N/A,0.75,2.04,SWING / FLIP,MODERATE,Historical TCPD + ML Risk Model + Gemini Live Sentiment,TMC,BJP+,9.85,True
West Bengal,PURULIA,Purulia,2021,BJP,AITC,BJP,3.39,13.31,79.58,14.14,43.38,15,LOW,1,50.0,50.0,75.0,20.0,1,,N/A,0.72,5.43,LIKELY HOLD,MODERATE,Historical TCPD + ML Risk Model + Gemini Live Sentiment,BJP+,TMC,,False
West Bengal,SOUTH 24 PARGANAS,Magrahat Purba,2021,AITC,BJP,BJP,26.23,12.41,85.09,0.7,53.82,3,LOW,1,50.0,50.0,75.0,20.0,1,,N/A,0.77,1.0,SWING / FLIP,MODERATE,Historical TCPD + ML Risk Model + Gemini Live Sentiment,TMC,BJP+,9.41,True
West Bengal,MURSHIDABAD,Farakka,2021,AITC,BJP,BJP,32.16,12.23,81.64,18.62,54.89,16,LOW,1,50.0,50.0,75.0,20.0,1,,N/A,0.79,7.0,SWING / FLIP,MODERATE,Historical TCPD + ML Risk Model + Gemini Live Sentiment,TMC,BJP+,9.23,True
West Bengal,NADIA,Karimpur,2021,AITC,BJP,TMC,10.64,14.27,87.06,11.37,50.07,16,LOW,1,50.0,50.0,75.0,20.0,1,Trinamool Congress,N/A,0.68,4.47,LIKELY HOLD,MODERATE,Historical TCPD + ML Risk Model + Gemini Live Sentiment,TMC,BJP+,11.27,False
West Bengal,SOUTH 24 PARGANAS,Behala Paschim,2021,AITC,BJP,Independent,21.95,18.34,73.49,1.78,49.51,3,LOW,1,50.0,50.0,75.0,20.0,1,Independent,N/A,0.53,1.12,SAFE HOLD,HIGH,Historical TCPD + ML Risk Model + Gemini Live Sentiment,TMC,BJP+,15.34,False
West Bengal,PURULIA,Balarampur,2021,BJP,AITC,BJP,0.21,7.48,82.66,20.8,45.22,8,LOW,1,50.0,50.0,75.0,20.0,1,Bharatiya Janata Party,N/A,1.25,8.18,LIKELY HOLD,MODERATE,Historical TCPD + ML Risk Model + Gemini Live Sentiment,BJP+,TMC,,False
West Bengal,JALPAIGURI,Maynaguri,2021,BJP,AITC,BJP,5.05,11.88,88.54,3.54,48.84,4,LOW,1,50.0,50.0,75.0,20.0,1,Bharatiya Janata Party,N/A,0.81,1.99,LIKELY HOLD,MODERATE,Historical TCPD + ML Risk Model + Gemini Live Sentiment,BJP+,TMC,,False
West Bengal,PURBA MEDINIPUR,Kanthi Dakshin,2021,BJP,AITC,BJP,5.29,17.18,85.94,1.54,50.58,4,LOW,1,50.0,50.0,75.0,20.0,1,,N/A,0.57,1.08,SAFE HOLD,HIGH,Historical TCPD + ML Risk Model + Gemini Live Sentiment,BJP+,TMC,,False
West Bengal,BARDHAMAN,Ausgram,2021,AITC,BJP,AITC,5.44,25.04,87.55,15.75,46.25,15,LOW,1,50.0,50.0,75.0,20.0,1,,N/A,0.39,5.64,SAFE HOLD,HIGH,Historical TCPD + ML Risk Model + Gemini Live Sentiment,TMC,BJP+,22.04,False
West Bengal,BIRBHUM,Nanoor,2021,AITC,BJP,BJP,2.83,6.1,84.2,1.12,47.64,3,HIGH,3,50.0,50.0,75.0,20.0,1,,N/A,1.52,1.89,SWING / FLIP,MODERATE,Historical TCPD + ML Risk Model + Gemini Live Sentiment,TMC,BJP+,3.0999999999999996,True
West Bengal,PASCHIM MEDINIPUR,Dantan,2021,AITC,BJP,AITC,0.31,20.0,84.02,10.18,48.13,15,LOW,1,50.0,50.0,75.0,20.0,1,,N/A,0.49,3.88,SAFE HOLD,HIGH,Historical TCPD + ML Risk Model + Gemini Live Sentiment,TMC,BJP+,17.0,False
West Bengal,BANKURA,Katulpur,2021,BJP,AITC,BJP,5.26,9.52,90.0,3.47,47.31,4,LOW,1,50.0,50.0,75.0,20.0,1,,N/A,1.0,2.16,LIKELY HOLD,MODERATE,Historical TCPD + ML Risk Model + Gemini Live Sentiment,BJP+,TMC,,False
West Bengal,MALDAH,Ratua,2021,AITC,BJP,BJP,34.52,12.43,76.9,13.06,59.63,13,LOW,1,50.0,50.0,75.0,20.0,1,,N/A,0.77,5.12,SWING / FLIP,MODERATE,Historical TCPD + ML Risk Model + Gemini Live Sentiment,TMC,BJP+,9.43,True
West Bengal,SOUTH 24 PARGANAS,Raidighi,2021,AITC,BJP,BJP,14.9,6.14,86.92,1.47,48.47,3,HIGH,3,50.0,50.0,75.0,20.0,1,,N/A,1.51,2.0,SWING / FLIP,MODERATE,Historical TCPD + ML Risk Model + Gemini Live Sentiment,TMC,BJP+,3.1399999999999997,True
West Bengal,SOUTH 24 PARGANAS,Gosaba,2021,AITC,AITC,AITC,12.11,15.25,84.4,7.26,53.99,15,LOW,1,50.0,50.0,75.0,20.0,1,,N/A,0.63,3.05,SAFE HOLD,HIGH,Historical TCPD + ML Risk Model + Gemini Live Sentiment,TMC,TMC,12.25,False
West Bengal,SOUTH 24 PARGANAS,Kasba,2021,AITC,BJP,TMC,28.51,15.37,72.61,1.58,54.39,3,LOW,1,50.0,50.0,75.0,20.0,1,Trinamool Congress,N/A,0.63,1.16,SAFE HOLD,HIGH,Historical TCPD + ML Risk Model + Gemini Live Sentiment,TMC,BJP+,12.37,False
West Bengal,BIRBHUM,Rampurhat,2021,AITC,BJP,BJP,3.9,10.93,82.51,14.78,47.52,15,LOW,1,50.0,50.0,75.0,20.0,1,,N/A,0.87,5.8,SWING / FLIP,MODERATE,Historical TCPD + ML Risk Model + Gemini Live Sentiment,TMC,BJP+,7.93,True
West Bengal,DARJEELING,Siliguri,2021,BJP,AITC,BJP,19.92,16.57,77.37,16.05,50.03,16,LOW,1,50.0,50.0,75.0,20.0,1,,N/A,0.59,5.94,SAFE HOLD,HIGH,Historical TCPD + ML Risk Model + Gemini Live Sentiment,BJP+,TMC,,False
West Bengal,PURBA MEDINIPUR,Moyna,2021,BJP,AITC,BJP,0.56,11.37,87.44,9.39,48.17,15,LOW,1,50.0,50.0,75.0,20.0,1,Bharatiya Janata Party,N/A,0.84,3.97,LIKELY HOLD,MODERATE,Historical TCPD + ML Risk Model + Gemini Live Sentiment,BJP+,TMC,,False
West Bengal,BIRBHUM,Hansan,2021,AITC,BJP,AITC,24.03,13.9,84.28,19.56,51.42,14,LOW,1,50.0,50.0,75.0,20.0,1,,N/A,0.69,7.21,LIKELY HOLD,MODERATE,Historical TCPD + ML Risk Model + Gemini Live Sentiment,TMC,BJP+,10.9,False
West Bengal,SOUTH 24 PARGANAS,Canning Paschim,2021,AITC,BJP,AITC,16.14,12.92,84.34,0.76,50.86,3,LOW,1,50.0,50.0,75.0,20.0,1,,N/A,0.75,1.0,LIKELY HOLD,MODERATE,Historical TCPD + ML Risk Model + Gemini Live Sentiment,TMC,BJP+,9.92,False
West Bengal,BIRBHUM,Suri,2021,AITC,BJP,BJP,3.35,9.64,81.78,12.44,48.43,16,LOW,1,50.0,50.0,75.0,20.0,1,Trinamool Congress,N/A,0.99,5.14,SWING / FLIP,MODERATE,Historical TCPD + ML Risk Model + Gemini Live Sentiment,TMC,BJP+,6.640000000000001,True
West Bengal,HOWRAH,Shyampur,2021,AITC,BJP,BJP,14.2,7.24,86.23,6.45,51.74,14,LOW,1,50.0,50.0,75.0,20.0,1,,N/A,1.29,3.44,SWING / FLIP,MODERATE,Historical TCPD + ML Risk Model + Gemini Live Sentiment,TMC,BJP+,4.24,True
West Bengal,,Bhangar,2006,AITC,CPM,ISF,2.0,18.47,89.15,13.2,48.07,11,LOW,1,50.0,50.0,75.0,20.0,1,Indian Secular Front,N/A,0.53,4.93,SAFE HOLD,HIGH,Historical TCPD + ML Risk Model + Gemini Live Sentiment,TMC,LEFT+,15.469999999999999,False
West Bengal,BANKURA,Bishnupur,2021,BJP,AITC,TMC,5.96,4.28,86.99,1.23,46.84,3,CRITICAL,4,50.0,50.0,75.0,20.0,2,", Trinamool Congress",N/A,2.09,2.5,LEAN / TOSS-UP,LOW,Historical TCPD + ML Risk Model + Gemini Live Sentiment,BJP+,TMC,,False
West Bengal,MALDAH,Sujapur,2021,AITC,INC,AITC,62.7,29.34,82.24,16.33,73.44,5,LOW,1,50.0,50.0,75.0,20.0,1,,N/A,0.34,5.78,SAFE HOLD,HIGH,Historical TCPD + ML Risk Model + Gemini Live Sentiment,TMC,LEFT+,26.34,False
West Bengal,MURSHIDABAD,Bhagabangola,2021,AITC,CPM,AITC,46.91,13.34,85.46,12.54,68.05,13,LOW,1,50.0,50.0,75.0,20.0,1,,N/A,0.72,4.9,LIKELY HOLD,MODERATE,Historical TCPD + ML Risk Model + Gemini Live Sentiment,TMC,LEFT+,10.34,False
West Bengal,COOCH BEHAR,Sitai,2021,AITC,BJP,TMC,4.24,13.15,81.38,10.45,49.42,14,LOW,1,50.0,50.0,75.0,20.0,1,Trinamool Congress,N/A,0.73,4.21,LIKELY HOLD,MODERATE,Historical TCPD + ML Risk Model + Gemini Live Sentiment,TMC,BJP+,10.15,False
West Bengal,NORTH 24 PARGANAS,Haroa,2021,AITC,RSSCMJP,AITC,35.61,18.63,87.41,14.42,57.34,15,LOW,1,50.0,50.0,75.0,20.0,1,,N/A,0.52,5.33,SAFE HOLD,HIGH,Historical TCPD + ML Risk Model + Gemini Live Sentiment,TMC,LEFT+,15.629999999999999,False
West Bengal,MURSHIDABAD,Rejinagar,2021,AITC,BJP,TMC,32.44,13.69,80.66,0.8,56.31,3,LOW,1,50.0,50.0,75.0,20.0,1,Trinamool Congress,N/A,0.7,0.97,LIKELY HOLD,MODERATE,Historical TCPD + ML Risk Model + Gemini Live Sentiment,TMC,BJP+,10.69,False
West Bengal,PURULIA,Raghunathpur,2021,BJP,AITC,BJP,2.53,14.05,82.21,15.97,44.61,14,LOW,1,50.0,50.0,75.0,20.0,1,,N/A,0.69,6.01,LIKELY HOLD,MODERATE,Historical TCPD + ML Risk Model + Gemini Live Sentiment,BJP+,TMC,,False
West Bengal,NORTH 24 PARGANAS,Swarupnagar,2021,AITC,BJP,BJP,16.43,11.37,86.01,9.01,47.11,15,LOW,1,50.0,50.0,75.0,20.0,1,Trinamool Congress,N/A,0.84,3.84,SWING / FLIP,MODERATE,Historical TCPD + ML Risk Model + Gemini Live Sentiment,TMC,BJP+,8.37,True
West Bengal,BARDHAMAN,Durgapur Purba,2021,AITC,BJP,BJP,1.94,3.9,74.48,4.53,41.16,3,LOW,1,50.0,50.0,75.0,20.0,1,,N/A,2.27,3.78,SWING / FLIP,MODERATE,Historical TCPD + ML Risk Model + Gemini Live Sentiment,TMC,BJP+,0.8999999999999999,True
West Bengal,SOUTH 24 PARGANAS,Patharpratima,2021,AITC,BJP,BJP,9.55,6.38,87.58,8.28,51.85,13,MODERATE,2,50.0,50.0,75.0,20.0,1,,N/A,1.45,4.21,SWING / FLIP,MODERATE,Historical TCPD + ML Risk Model + Gemini Live Sentiment,TMC,BJP+,3.38,True
West Bengal,PURULIA,Baghmundi,2021,AITC,AJSUP,BJP+ Candidate,6.77,7.54,82.08,1.14,36.79,3,LOW,1,50.0,50.0,75.0,20.0,1,Trinamool Congress,N/A,1.24,1.62,SWING / FLIP,MODERATE,Historical TCPD + ML Risk Model + Gemini Live Sentiment,TMC,OTHER,4.54,True
West Bengal,SOUTH 24 PARGANAS,Behala Purba,2021,AITC,BJP,AITC,16.87,17.88,71.51,3.43,50.01,3,LOW,1,50.0,50.0,75.0,20.0,1,,N/A,0.54,1.68,SAFE HOLD,HIGH,Historical TCPD + ML Risk Model + Gemini Live Sentiment,TMC,BJP+,14.879999999999999,False
West Bengal,BIRBHUM,Nalhati,2021,AITC,BJP,AITC,27.4,13.75,84.4,18.64,56.54,16,LOW,1,50.0,50.0,75.0,20.0,1,,N/A,0.7,6.91,LIKELY HOLD,MODERATE,Historical TCPD + ML Risk Model + Gemini Live Sentiment,TMC,BJP+,10.75,False
West Bengal,PASCHIM MEDINIPUR,Ghatal,2021,BJP,AITC,BJP,0.43,16.42,79.83,11.12,46.95,15,LOW,1,50.0,50.0,75.0,20.0,1,Bharatiya Janata Party,N/A,0.59,4.3,SAFE HOLD,HIGH,Historical TCPD + ML Risk Model + Gemini Live Sentiment,BJP+,TMC,,False
West Bengal,,Jaynagar,2021,AITC,BJP,AITC,19.11,15.3,84.02,0.64,51.85,3,LOW,1,50.0,50.0,75.0,20.0,1,,N/A,0.63,0.84,SAFE HOLD,HIGH,Historical TCPD + ML Risk Model + Gemini Live Sentiment,TMC,BJP+,12.3,False
West Bengal,,Arambagh,2006,CPM,AITC,OTHER Candidate,32.15,24.86,85.33,9.11,62.26,11,LOW,1,50.0,50.0,75.0,20.0,1,,N/A,0.39,3.43,SWING / FLIP,MODERATE,Historical TCPD + ML Risk Model + Gemini Live Sentiment,LEFT+,TMC,21.86,True
West Bengal,BARDHAMAN,Kulti,2021,BJP,AITC,BJP,0.39,11.47,69.14,11.0,46.41,15,LOW,1,50.0,50.0,75.0,20.0,1,Bharatiya Janata Party,N/A,0.84,4.51,LIKELY HOLD,MODERATE,Historical TCPD + ML Risk Model + Gemini Live Sentiment,BJP+,TMC,,False
West Bengal,NORTH 24 PARGANAS,Bhatpara,2021,BJP,AITC,BJP,12.77,18.75,69.41,8.06,53.4,15,LOW,1,50.0,50.0,75.0,20.0,1,Bharatiya Janata Party,N/A,0.52,3.21,SAFE HOLD,HIGH,Historical TCPD + ML Risk Model + Gemini Live Sentiment,BJP+,TMC,,False
West Bengal,DAKSHIN DINAJPUR,Tapan,2021,BJP,AITC,BJP,0.89,15.32,83.63,12.25,45.29,15,LOW,1,50.0,50.0,75.0,20.0,1,,N/A,0.63,4.71,SAFE HOLD,HIGH,Historical TCPD + ML Risk Model + Gemini Live Sentiment,BJP+,TMC,,False
West Bengal,NORTH 24 PARGANAS,Bagdah,2021,BJP,AITC,BJP,4.48,11.03,78.33,8.63,49.41,4,LOW,1,50.0,50.0,75.0,20.0,1,Bharatiya Janata Party,N/A,0.87,3.75,LIKELY HOLD,MODERATE,Historical TCPD + ML Risk Model + Gemini Live Sentiment,BJP+,TMC,,False
West Bengal,BARDHAMAN,Khandaghosh,2021,AITC,BJP,TMC,9.59,24.77,89.08,16.48,47.85,15,LOW,1,50.0,50.0,75.0,20.0,1,Trinamool Congress,N/A,0.4,5.89,SAFE HOLD,HIGH,Historical TCPD + ML Risk Model + Gemini Live Sentiment,TMC,BJP+,21.77,False
West Bengal,NORTH 24 PARGANAS,Barasat,2021,AITC,BJP,AITC,10.54,13.26,80.38,10.54,46.27,15,LOW,1,50.0,50.0,75.0,20.0,1,,N/A,0.73,4.24,LIKELY HOLD,MODERATE,Historical TCPD + ML Risk Model + Gemini Live Sentiment,TMC,BJP+,10.26,False
West Bengal,UTTAR DINAJPUR,Chopra,2021,AITC,BJP,BJP,31.8,12.16,81.8,18.63,61.2,15,LOW,1,50.0,50.0,75.0,20.0,1,Trinamool Congress,N/A,0.79,7.0,SWING / FLIP,MODERATE,Historical TCPD + ML Risk Model + Gemini Live Sentiment,TMC,BJP+,9.16,True
West Bengal,NORTH 24 PARGANAS,Basirhat Dakshin,2021,AITC,BJP,BJP,10.38,7.25,85.07,1.36,49.15,4,LOW,1,50.0,50.0,75.0,20.0,1,,N/A,1.29,1.74,SWING / FLIP,MODERATE,Historical TCPD + ML Risk Model + Gemini Live Sentiment,TMC,BJP+,4.25,True
West Bengal,BARDHAMAN,Purbasthali Dakshin,2021,AITC,BJP,BJP,8.08,12.1,86.38,1.68,49.08,3,LOW,1,50.0,50.0,75.0,20.0,1,,N/A,0.79,1.35,SWING / FLIP,MODERATE,Historical TCPD + ML Risk Model + Gemini Live Sentiment,TMC,BJP+,9.1,True
West Bengal,PASCHIM MEDINIPUR,Salboni,2021,AITC,BJP,AITC,13.1,13.01,89.47,1.45,50.57,3,LOW,1,50.0,50.0,75.0,20.0,1,,N/A,0.74,1.22,LIKELY HOLD,MODERATE,Historical TCPD + ML Risk Model + Gemini Live Sentiment,TMC,BJP+,10.01,False
West Bengal,HOWRAH,Bagnan,2021,AITC,BJP,BJP,15.06,10.07,86.37,7.29,53.04,13,LOW,1,50.0,50.0,75.0,20.0,1,,N/A,0.95,3.38,SWING / FLIP,MODERATE,Historical TCPD + ML Risk Model + Gemini Live Sentiment,TMC,BJP+,7.07,True
West Bengal,MURSHIDABAD,Hariharpara,2021,AITC,INC,BJP+ Candidate,6.51,9.14,86.82,11.92,47.51,15,LOW,1,50.0,50.0,75.0,20.0,1,Trinamool Congress,N/A,1.04,5.01,SWING / FLIP,MODERATE,Historical TCPD + ML Risk Model + Gemini Live Sentiment,TMC,LEFT+,6.140000000000001,True
West Bengal,KOLKATA CORPORATION,Shyampukur,2021,AITC,BJP,AITC,21.87,15.13,57.79,5.61,54.18,13,LOW,1,50.0,50.0,75.0,20.0,1,,N/A,0.64,2.51,SAFE HOLD,HIGH,Historical TCPD + ML Risk Model + Gemini Live Sentiment,TMC,BJP+,12.13,False
West Bengal,MALDAH,Maldaha,2021,BJP,AITC,BJP,7.49,11.03,83.16,1.51,45.23,3,LOW,1,50.0,50.0,75.0,20.0,1,Bharatiya Janata Party,N/A,0.87,1.37,LIKELY HOLD,MODERATE,Historical TCPD + ML Risk Model + Gemini Live Sentiment,BJP+,TMC,,False
West Bengal,BARDHAMAN,Jamuria,2021,AITC,BJP,AITC,4.83,21.73,74.84,14.25,42.59,15,LOW,1,50.0,50.0,75.0,20.0,1,,N/A,0.45,5.2,SAFE HOLD,HIGH,Historical TCPD + ML Risk Model + Gemini Live Sentiment,TMC,BJP+,18.73,False
West Bengal,PASCHIM MEDINIPUR,Chandrakona,2021,AITC,BJP,TMC,4.52,15.74,88.68,12.23,48.87,15,LOW,1,50.0,50.0,75.0,20.0,1,Trinamool Congress,N/A,0.62,4.7,SAFE HOLD,HIGH,Historical TCPD + ML Risk Model + Gemini Live Sentiment,TMC,BJP+,12.74,False
West Bengal,PURBA MEDINIPUR,Haldia,2021,BJP,AITC,BJP,6.8,8.09,87.52,2.03,47.15,3,LOW,1,50.0,50.0,75.0,20.0,1,,N/A,1.16,1.84,LIKELY HOLD,MODERATE,Historical TCPD + ML Risk Model + Gemini Live Sentiment,BJP+,TMC,,False
West Bengal,NADIA,Nabadwip,2021,AITC,BJP,TMC,8.82,16.46,85.77,12.06,48.52,15,LOW,1,50.0,50.0,75.0,20.0,1,Trinamool Congress,N/A,0.59,4.61,SAFE HOLD,HIGH,Historical TCPD + ML Risk Model + Gemini Live Sentiment,TMC,BJP+,13.46,False
West Bengal,JALPAIGURI,Kalchini,2021,BJP,AITC,BJP,14.59,10.13,78.69,10.91,52.65,15,LOW,1,50.0,50.0,75.0,20.0,1,,N/A,0.94,4.58,LIKELY HOLD,MODERATE,Historical TCPD + ML Risk Model + Gemini Live Sentiment,BJP+,TMC,,False
West Bengal,NORTH 24 PARGANAS,Amdanga,2021,AITC,BJP,BJP,12.03,12.87,87.2,7.06,42.0,10,LOW,1,50.0,50.0,75.0,20.0,1,,N/A,0.75,3.1,SWING / FLIP,MODERATE,Historical TCPD + ML Risk Model + Gemini Live Sentiment,TMC,BJP+,9.87,True
West Bengal,PURBA MEDINIPUR,Nandigram,2021,BJP,AITC,BJP,0.86,13.59,88.01,8.3,48.49,15,LOW,1,50.0,50.0,75.0,20.0,1,Bharatiya Janata Party,N/A,0.71,3.48,LIKELY HOLD,MODERATE,Historical TCPD + ML Risk Model + Gemini Live Sentiment,BJP+,TMC,,False
West Bengal,BARDHAMAN,Katwa,2021,AITC,BJP,BJP,4.08,10.46,83.61,10.91,48.07,15,LOW,1,50.0,50.0,75.0,20.0,1,,N/A,0.91,4.55,SWING / FLIP,MODERATE,Historical TCPD + ML Risk Model + Gemini Live Sentiment,TMC,BJP+,7.460000000000001,True
West Bengal,SOUTH 24 PARGANAS,Kultali,2021,AITC,BJP,BJP,20.75,9.79,85.16,10.08,51.57,14,MODERATE,2,50.0,50.0,75.0,20.0,1,,N/A,0.97,4.33,SWING / FLIP,MODERATE,Historical TCPD + ML Risk Model + Gemini Live Sentiment,TMC,BJP+,6.789999999999999,True
West Bengal,NADIA,Ranaghat Uttar Paschim,2021,BJP,AITC,BJP,10.36,12.05,83.6,1.86,50.91,3,LOW,1,50.0,50.0,75.0,20.0,1,Bharatiya Janata Party,N/A,0.8,1.42,LIKELY HOLD,MODERATE,Historical TCPD + ML Risk Model + Gemini Live Sentiment,BJP+,TMC,,False
West Bengal,NORTH 24 PARGANAS,Dum Dum,2021,AITC,BJP,AITC,14.42,22.48,74.44,8.04,47.48,16,LOW,1,50.0,50.0,75.0,20.0,1,,N/A,0.44,3.12,SAFE HOLD,HIGH,Historical TCPD + ML Risk Model + Gemini Live Sentiment,TMC,BJP+,19.48,False
West Bengal,HOOGHLY,Jangipara,2021,AITC,BJP,AITC,8.52,13.34,81.39,9.98,48.42,15,LOW,1,50.0,50.0,75.0,20.0,1,,N/A,0.72,4.05,LIKELY HOLD,MODERATE,Historical TCPD + ML Risk Model + Gemini Live Sentiment,TMC,BJP+,10.34,False
West Bengal,PURBA MEDINIPUR,Kanthi Uttar,2021,BJP,AITC,BJP,4.08,5.79,88.05,1.4,49.7,3,HIGH,3,50.0,50.0,75.0,20.0,1,Bharatiya Janata Party,N/A,1.59,2.06,LEAN / TOSS-UP,LOW,Historical TCPD + ML Risk Model + Gemini Live Sentiment,BJP+,TMC,,False
West Bengal,BARDHAMAN,Jamalpur,2021,AITC,BJP,AITC,8.69,20.56,87.19,14.2,46.93,14,LOW,1,50.0,50.0,75.0,20.0,1,,N/A,0.47,5.2,SAFE HOLD,HIGH,Historical TCPD + ML Risk Model + Gemini Live Sentiment,TMC,BJP+,17.56,False
West Bengal,DAKSHIN DINAJPUR,Kumarganj,2021,AITC,BJP,BJP,17.18,10.54,83.13,9.54,52.52,15,MODERATE,2,50.0,50.0,75.0,20.0,1,,N/A,0.91,4.09,SWING / FLIP,MODERATE,Historical TCPD + ML Risk Model + Gemini Live Sentiment,TMC,BJP+,7.539999999999999,True
West Bengal,MURSHIDABAD,Murshidabad,2021,BJP,AITC,BJP,1.09,9.6,85.15,15.37,41.86,15,LOW,1,50.0,50.0,75.0,20.0,1,Bharatiya Janata Party,N/A,0.99,6.11,LIKELY HOLD,MODERATE,Historical TCPD + ML Risk Model + Gemini Live Sentiment,BJP+,TMC,,False
West Bengal,NADIA,Chakdaha,2021,BJP,AITC,BJP,5.51,15.68,85.23,9.2,46.86,11,LOW,1,50.0,50.0,75.0,20.0,1,Bharatiya Janata Party,N/A,0.62,3.69,SAFE HOLD,HIGH,Historical TCPD + ML Risk Model + Gemini Live Sentiment,BJP+,TMC,,False
West Bengal,NORTH 24 PARGANAS,Bijpur,2021,AITC,BJP,AITC,9.6,16.73,71.78,8.46,47.9,15,LOW,1,50.0,50.0,75.0,20.0,1,,N/A,0.58,3.4,SAFE HOLD,HIGH,Historical TCPD + ML Risk Model + Gemini Live Sentiment,TMC,BJP+,13.73,False
West Bengal,HOWRAH,Bally,2021,AITC,BJP,AITC,4.96,14.87,71.32,8.29,42.38,14,LOW,1,50.0,50.0,75.0,20.0,1,,N/A,0.65,3.41,LIKELY HOLD,MODERATE,Historical TCPD + ML Risk Model + Gemini Live Sentiment,TMC,BJP+,11.87,False
West Bengal,HOWRAH,Shibpur,2021,AITC,BJP,BJP,17.89,12.42,77.71,9.04,50.69,14,MODERATE,2,50.0,50.0,75.0,20.0,1,,N/A,0.77,3.78,SWING / FLIP,MODERATE,Historical TCPD + ML Risk Model + Gemini Live Sentiment,TMC,BJP+,9.42,True
West Bengal,SOUTH 24 PARGANAS,Diamond Harbour,2021,AITC,BJP,BJP,7.54,12.37,88.04,8.71,43.69,15,LOW,1,50.0,50.0,75.0,20.0,1,,N/A,0.78,3.68,SWING / FLIP,MODERATE,Historical TCPD + ML Risk Model + Gemini Live Sentiment,TMC,BJP+,9.37,True
West Bengal,PASCHIM MEDINIPUR,Nayagram,2021,AITC,BJP,AITC,11.83,20.19,83.88,18.21,52.46,14,LOW,1,50.0,50.0,75.0,20.0,1,,N/A,0.48,6.55,SAFE HOLD,HIGH,Historical TCPD + ML Risk Model + Gemini Live Sentiment,TMC,BJP+,17.19,False
West Bengal,NADIA,Krishnanagar Uttar,2021,BJP,AITC,BJP,17.39,14.95,83.77,0.74,54.19,3,LOW,1,50.0,50.0,75.0,20.0,1,,N/A,0.65,0.9,LIKELY HOLD,MODERATE,Historical TCPD + ML Risk Model + Gemini Live Sentiment,BJP+,TMC,,False
West Bengal,PURBA MEDINIPUR,Chandipur,2021,AITC,BJP,BJP,6.11,5.92,89.28,1.4,49.82,3,HIGH,3,50.0,50.0,75.0,20.0,1,Trinamool Congress,N/A,1.56,2.03,SWING / FLIP,MODERATE,Historical TCPD + ML Risk Model + Gemini Live Sentiment,TMC,BJP+,2.92,True
West Bengal,SOUTH 24 PARGANAS,Kakdwip,2021,AITC,BJP,AITC,11.52,13.9,88.33,7.98,52.14,15,LOW,1,50.0,50.0,75.0,20.0,1,,N/A,0.69,3.35,LIKELY HOLD,MODERATE,Historical TCPD + ML Risk Model + Gemini Live Sentiment,TMC,BJP+,10.9,False
West Bengal,NADIA,Tehatta,2021,AITC,BJP,BJP,3.17,12.55,85.52,11.24,44.86,8,MODERATE,2,50.0,50.0,75.0,20.0,1,,N/A,0.77,4.52,SWING / FLIP,MODERATE,Historical TCPD + ML Risk Model + Gemini Live Sentiment,TMC,BJP+,9.55,True
West Bengal,KOLKATA CORPORATION,Entally,2021,AITC,BJP,AITC,37.14,18.58,67.65,6.5,64.83,16,LOW,1,50.0,50.0,75.0,20.0,1,,N/A,0.52,2.69,SAFE HOLD,HIGH,Historical TCPD + ML Risk Model + Gemini Live Sentiment,TMC,BJP+,15.579999999999998,False
West Bengal,PURBA MEDINIPUR,Panskura Paschim,2021,AITC,BJP,BJP,3.8,3.4,85.03,1.58,47.71,3,HIGH,3,50.0,50.0,75.0,20.0,1,,N/A,2.56,3.09,SWING / FLIP,MODERATE,Historical TCPD + ML Risk Model + Gemini Live Sentiment,TMC,BJP+,0.3999999999999999,True
West Bengal,MALDAH,Chanchal,2021,AITC,BJP,TMC,33.72,24.74,79.69,1.35,58.08,3,LOW,1,50.0,50.0,75.0,20.0,1,Trinamool Congress,N/A,0.4,0.85,SAFE HOLD,HIGH,Historical TCPD + ML Risk Model + Gemini Live Sentiment,TMC,BJP+,21.74,False
West Bengal,SOUTH 24 PARGANAS,Budge Budge,2021,AITC,BJP,AITC,20.62,19.16,84.13,10.16,56.41,15,LOW,1,50.0,50.0,75.0,20.0,1,,N/A,0.51,3.9,SAFE HOLD,HIGH,Historical TCPD + ML Risk Model + Gemini Live Sentiment,TMC,BJP+,16.16,False
West Bengal,PURULIA,Para,2021,BJP,AITC,BJP,2.07,16.1,79.26,20.66,45.02,15,LOW,1,50.0,50.0,75.0,20.0,1,,N/A,0.6,7.49,SAFE HOLD,HIGH,Historical TCPD + ML Risk Model + Gemini Live Sentiment,BJP+,TMC,,False
West Bengal,DARJEELING,Darjeeling,2021,BJP,IND,BJP,12.62,26.64,68.09,13.92,40.88,17,LOW,1,50.0,50.0,75.0,20.0,1,Bharatiya Janata Party,N/A,0.37,5.01,SAFE HOLD,HIGH,Historical TCPD + ML Risk Model + Gemini Live Sentiment,BJP+,OTHER,,False
West Bengal,BARDHAMAN,Memari,2021,AITC,BJP,AITC,10.55,23.29,85.78,12.27,47.92,15,LOW,1,50.0,50.0,75.0,20.0,1,,N/A,0.42,4.51,SAFE HOLD,HIGH,Historical TCPD + ML Risk Model + Gemini Live Sentiment,TMC,BJP+,20.29,False
West Bengal,,Chandannagar,2021,AITC,BJP,AITC,17.03,15.13,78.45,0.31,47.63,3,LOW,1,50.0,50.0,75.0,20.0,1,,N/A,0.64,0.74,SAFE HOLD,HIGH,Historical TCPD + ML Risk Model + Gemini Live Sentiment,TMC,BJP+,12.13,False
West Bengal,SOUTH 24 PARGANAS,Sagar,2021,AITC,BJP,BJP,12.48,10.27,86.47,8.65,53.96,14,MODERATE,2,50.0,50.0,75.0,20.0,1,,N/A,0.93,3.81,SWING / FLIP,MODERATE,Historical TCPD + ML Risk Model + Gemini Live Sentiment,TMC,BJP+,7.27,True
West Bengal,HOOGHLY,Goghat,2021,BJP,AITC,BJP,1.89,23.21,88.67,15.59,46.56,14,LOW,1,50.0,50.0,75.0,20.0,1,,N/A,0.42,5.62,SAFE HOLD,HIGH,Historical TCPD + ML Risk Model + Gemini Live Sentiment,BJP+,TMC,,False
West Bengal,HOOGHLY,Sreerampur,2021,AITC,BJP,AITC,12.46,17.36,74.12,0.28,49.46,3,LOW,1,50.0,50.0,75.0,20.0,1,,N/A,0.56,0.65,SAFE HOLD,HIGH,Historical TCPD + ML Risk Model + Gemini Live Sentiment,TMC,BJP+,14.36,False
West Bengal,SOUTH 24 PARGANAS,Jadavpur,2021,AITC,CPM,AITC,18.04,23.88,71.25,6.77,45.54,14,LOW,1,50.0,50.0,75.0,20.0,1,,N/A,0.41,2.67,SAFE HOLD,HIGH,Historical TCPD + ML Risk Model + Gemini Live Sentiment,TMC,LEFT+,20.88,False
West Bengal,HOOGHLY,Balagarh,2021,AITC,BJP,AITC,2.63,13.82,84.46,8.75,45.63,15,LOW,1,50.0,50.0,75.0,20.0,1,,N/A,0.7,3.62,LIKELY HOLD,MODERATE,Historical TCPD + ML Risk Model + Gemini Live Sentiment,TMC,BJP+,10.82,False
West Bengal,BARDHAMAN,Bardhaman Uttar,2021,AITC,BJP,BJP,7.14,6.6,86.83,1.9,45.97,3,LOW,1,50.0,50.0,75.0,20.0,1,,N/A,1.41,2.04,SWING / FLIP,MODERATE,Historical TCPD + ML Risk Model + Gemini Live Sentiment,TMC,BJP+,3.5999999999999996,True
West Bengal,BARDHAMAN,Purbasthali Uttar,2021,AITC,BJP,BJP,3.16,1.96,83.64,1.83,43.52,3,LOW,1,50.0,50.0,75.0,20.0,1,,N/A,4.07,4.68,SWING / FLIP,MODERATE,Historical TCPD + ML Risk Model + Gemini Live Sentiment,TMC,BJP+,-1.04,True
West Bengal,COOCH BEHAR,Mathabhanga,2021,BJP,AITC,BJP,12.2,14.78,85.75,14.54,52.87,15,LOW,1,50.0,50.0,75.0,20.0,1,Bharatiya Janata Party,N/A,0.65,5.5,LIKELY HOLD,MODERATE,Historical TCPD + ML Risk Model + Gemini Live Sentiment,BJP+,TMC,,False
West Bengal,SOUTH 24 PARGANAS,Kulpi,2021,AITC,BJP,BJP,17.51,9.37,87.32,9.11,50.01,15,LOW,1,50.0,50.0,75.0,20.0,1,,N/A,1.01,4.05,SWING / FLIP,MODERATE,Historical TCPD + ML Risk Model + Gemini Live Sentiment,TMC,BJP+,6.369999999999999,True
West Bengal,DARJEELING,Phansidewa,2021,BJP,AITC,BJP,13.35,12.07,86.02,14.61,50.89,15,LOW,1,50.0,50.0,75.0,20.0,1,,N/A,0.8,5.67,LIKELY HOLD,MODERATE,Historical TCPD + ML Risk Model + Gemini Live Sentiment,BJP+,TMC,,False
West Bengal,MALDAH,Mothabari,2021,AITC,BJP,TMC,34.68,22.96,82.35,1.16,59.7,3,LOW,1,50.0,50.0,75.0,20.0,1,Trinamool Congress,N/A,0.43,0.82,SAFE HOLD,HIGH,Historical TCPD + ML Risk Model + Gemini Live Sentiment,TMC,BJP+,19.96,False
West Bengal,PASCHIM MEDINIPUR,Narayangarh,2021,AITC,BJP,TMC,1.11,17.88,88.87,13.14,46.33,15,MODERATE,2,50.0,50.0,75.0,20.0,1,Trinamool Congress,N/A,0.54,4.92,SAFE HOLD,HIGH,Historical TCPD + ML Risk Model + Gemini Live Sentiment,TMC,BJP+,14.879999999999999,False
West Bengal,NADIA,Ranaghat Uttar Purba,2021,BJP,AITC,BJP,14.8,13.61,80.63,1.84,54.39,3,LOW,1,50.0,50.0,75.0,20.0,1,,N/A,0.71,1.32,LIKELY HOLD,MODERATE,Historical TCPD + ML Risk Model + Gemini Live Sentiment,BJP+,TMC,,False
West Bengal,,Indas,2006,CPM,AITC,OTHER Candidate,38.38,28.95,87.44,13.01,64.05,11,LOW,1,50.0,50.0,75.0,20.0,1,Bharatiya Janata Party,N/A,0.34,4.68,SWING / FLIP,MODERATE,Historical TCPD + ML Risk Model + Gemini Live Sentiment,LEFT+,TMC,25.95,True
West Bengal,MALDAH,Malatipur,2021,AITC,BJP,AITC,49.57,18.85,79.62,1.48,68.02,3,LOW,1,50.0,50.0,75.0,20.0,1,,N/A,0.52,1.01,SAFE HOLD,HIGH,Historical TCPD + ML Risk Model + Gemini Live Sentiment,TMC,BJP+,15.850000000000001,False
West Bengal,SOUTH 24 PARGANAS,Magrahat Paschim,2021,AITC,BJP,AITC,24.16,13.93,84.27,0.79,49.93,3,LOW,1,50.0,50.0,75.0,20.0,1,,N/A,0.69,0.95,LIKELY HOLD,MODERATE,Historical TCPD + ML Risk Model + Gemini Live Sentiment,TMC,BJP+,10.93,False
West Bengal,PURULIA,Kashipur,2021,BJP,AITC,BJP,3.79,16.06,81.39,16.54,47.69,14,LOW,1,50.0,50.0,75.0,20.0,1,Bharatiya Janata Party,N/A,0.6,6.11,SAFE HOLD,HIGH,Historical TCPD + ML Risk Model + Gemini Live Sentiment,BJP+,TMC,,False
West Bengal,JALPAIGURI,Dabgram-Phulbari,2021,BJP,AITC,BJP,10.65,9.25,83.0,1.04,49.85,3,LOW,1,50.0,50.0,75.0,20.0,1,Bharatiya Janata Party,N/A,1.03,1.38,LIKELY HOLD,MODERATE,Historical TCPD + ML Risk Model + Gemini Live Sentiment,BJP+,TMC,,False
West Bengal,MURSHIDABAD,Baharampur,2021,BJP,AITC,BJP,13.59,29.53,74.88,2.58,45.21,3,LOW,1,50.0,50.0,75.0,20.0,1,Bharatiya Janata Party,N/A,0.33,1.19,SAFE HOLD,HIGH,Historical TCPD + ML Risk Model + Gemini Live Sentiment,BJP+,TMC,,False
West Bengal,SOUTH 24 PARGANAS,Metiaburuz,2021,AITC,BJP,AITC,60.84,25.68,76.54,2.11,76.85,3,LOW,1,50.0,50.0,75.0,20.0,1,,N/A,0.38,1.08,SAFE HOLD,HIGH,Historical TCPD + ML Risk Model + Gemini Live Sentiment,TMC,BJP+,22.68,False
West Bengal,KOLKATA CORPORATION,Bhabanipur,2021,AITC,AITC,AITC,22.55,36.88,61.36,7.71,57.71,5,LOW,1,50.0,50.0,75.0,20.0,1,,N/A,0.27,2.84,SAFE HOLD,HIGH,Historical TCPD + ML Risk Model + Gemini Live Sentiment,TMC,TMC,33.88,False
West Bengal,NADIA,Nakashipara,2021,AITC,BJP,BJP,10.15,11.2,83.8,12.38,50.01,15,LOW,1,50.0,50.0,75.0,20.0,1,,N/A,0.85,4.98,SWING / FLIP,MODERATE,Historical TCPD + ML Risk Model + Gemini Live Sentiment,TMC,BJP+,8.2,True
West Bengal,MURSHIDABAD,Samserganj,2021,AITC,INC,BJP+ Candidate,13.99,7.01,80.05,2.64,51.13,3,HIGH,3,50.0,50.0,75.0,20.0,1,,N/A,1.33,2.21,SWING / FLIP,MODERATE,Historical TCPD + ML Risk Model + Gemini Live Sentiment,TMC,LEFT+,4.01,True
West Bengal,PURULIA,Bandwan,2021,AITC,BJP,BJP,7.81,9.78,84.15,1.99,47.02,3,LOW,1,50.0,50.0,75.0,20.0,1,,N/A,0.97,1.63,SWING / FLIP,MODERATE,Historical TCPD + ML Risk Model + Gemini Live Sentiment,TMC,BJP+,6.779999999999999,True
West Bengal,PURULIA,Manbazar,2021,AITC,BJP,BJP,7.26,9.62,83.61,18.65,48.33,15,LOW,1,50.0,50.0,75.0,20.0,1,Trinamool Congress,N/A,0.99,7.21,SWING / FLIP,MODERATE,Historical TCPD + ML Risk Model + Gemini Live Sentiment,TMC,BJP+,6.619999999999999,True
West Bengal,HOOGHLY,Chanditala,2021,AITC,BJP,AITC,19.96,14.1,78.42,7.87,49.79,15,LOW,1,50.0,50.0,75.0,20.0,1,,N/A,0.68,3.3,LIKELY HOLD,MODERATE,Historical TCPD + ML Risk Model + Gemini Live Sentiment,TMC,BJP+,11.1,False
West Bengal,PASCHIM MEDINIPUR,Debra,2021,AITC,BJP,BJP,5.48,10.55,86.57,11.46,46.79,15,LOW,1,50.0,50.0,75.0,20.0,1,,N/A,0.9,4.72,SWING / FLIP,MODERATE,Historical TCPD + ML Risk Model + Gemini Live Sentiment,TMC,BJP+,7.550000000000001,True
West Bengal,HOWRAH,Amta,2021,AITC,BJP,AITC,12.55,14.53,79.71,8.9,49.06,15,LOW,1,50.0,50.0,75.0,20.0,1,,N/A,0.67,3.64,LIKELY HOLD,MODERATE,Historical TCPD + ML Risk Model + Gemini Live Sentiment,TMC,BJP+,11.53,False
West Bengal,NORTH 24 PARGANAS,Naihati,2021,AITC,BJP,BJP,12.05,12.9,80.18,8.57,49.69,15,LOW,1,50.0,50.0,75.0,20.0,1,,N/A,0.75,3.61,SWING / FLIP,MODERATE,Historical TCPD + ML Risk Model + Gemini Live Sentiment,TMC,BJP+,9.9,True
West Bengal,PASCHIM MEDINIPUR,Gopiballavpur,2021,AITC,BJP,AITC,11.94,22.57,86.74,12.97,52.3,15,LOW,1,50.0,50.0,75.0,20.0,1,,N/A,0.43,4.75,SAFE HOLD,HIGH,Historical TCPD + ML Risk Model + Gemini Live Sentiment,TMC,BJP+,19.57,False
West Bengal,MALDAH,Habibpur,2021,BJP,AITC,BJP,9.86,10.7,79.04,10.49,47.52,15,LOW,1,50.0,50.0,75.0,20.0,1,Bharatiya Janata Party,N/A,0.89,4.39,LIKELY HOLD,MODERATE,Historical TCPD + ML Risk Model + Gemini Live Sentiment,BJP+,TMC,,False
West Bengal,HOWRAH,Uluberia Uttar,2021,AITC,BJP,BJP,11.31,10.85,82.65,1.28,49.25,3,LOW,1,50.0,50.0,75.0,20.0,1,,N/A,0.88,1.31,SWING / FLIP,MODERATE,Historical TCPD + ML Risk Model + Gemini Live Sentiment,TMC,BJP+,7.85,True
West Bengal,BARDHAMAN,Raina,2021,AITC,BJP,AITC,7.94,23.58,88.03,12.23,47.46,15,LOW,1,50.0,50.0,75.0,20.0,1,,N/A,0.42,4.5,SAFE HOLD,HIGH,Historical TCPD + ML Risk Model + Gemini Live Sentiment,TMC,BJP+,20.58,False
West Bengal,NORTH 24 PARGANAS,Madhyamgram,2021,AITC,BJP,AITC,20.89,19.33,83.96,1.87,48.93,3,LOW,1,50.0,50.0,75.0,20.0,1,,N/A,0.5,1.12,SAFE HOLD,HIGH,Historical TCPD + ML Risk Model + Gemini Live Sentiment,TMC,BJP+,16.33,False
West Bengal,BARDHAMAN,Mangalkot,2021,AITC,BJP,AITC,10.28,18.79,86.1,13.08,49.51,15,LOW,1,50.0,50.0,75.0,20.0,1,,N/A,0.52,4.88,SAFE HOLD,HIGH,Historical TCPD + ML Risk Model + Gemini Live Sentiment,TMC,BJP+,15.79,False
West Bengal,BARDHAMAN,Bardhaman Dakshin,2021,AITC,BJP,AITC,3.95,12.98,79.2,3.17,44.32,3,LOW,1,50.0,50.0,75.0,20.0,1,,N/A,0.74,1.8,LIKELY HOLD,MODERATE,Historical TCPD + ML Risk Model + Gemini Live Sentiment,TMC,BJP+,9.98,False
West Bengal,UTTAR DINAJPUR,Raiganj,2021,BJP,AITC,BJP,12.86,10.97,79.67,11.9,49.44,15,LOW,1,50.0,50.0,75.0,20.0,1,Bharatiya Janata Party,N/A,0.87,4.84,LIKELY HOLD,MODERATE,Historical TCPD + ML Risk Model + Gemini Live Sentiment,BJP+,TMC,,False
West Bengal,PASCHIM MEDINIPUR,Sabang,2021,AITC,BJP,BJP,4.18,6.47,88.03,9.63,47.46,11,CRITICAL,4,50.0,50.0,75.0,20.0,1,,N/A,1.43,4.64,SWING / FLIP,MODERATE,Historical TCPD + ML Risk Model + Gemini Live Sentiment,TMC,BJP+,3.4699999999999998,True
West Bengal,HOOGHLY,Dhanekhali,2021,AITC,BJP,AITC,12.9,16.04,85.37,1.19,53.36,3,LOW,1,50.0,50.0,75.0,20.0,1,,N/A,0.6,1.0,SAFE HOLD,HIGH,Historical TCPD + ML Risk Model + Gemini Live Sentiment,TMC,BJP+,13.04,False
West Bengal,UTTAR DINAJPUR,Kaliaganj,2021,BJP,AITC,BJP,9.1,9.18,83.94,13.76,48.71,15,LOW,1,50.0,50.0,75.0,20.0,1,Bharatiya Janata Party,N/A,1.03,5.62,LIKELY HOLD,MODERATE,Historical TCPD + ML Risk Model + Gemini Live Sentiment,BJP+,TMC,,False
West Bengal,,Barabani,2006,CPM,AITC,BJP+ Candidate,13.38,11.9,72.01,12.09,52.02,13,LOW,1,50.0,50.0,75.0,20.0,1,Trinamool Congress,N/A,0.81,4.84,SWING / FLIP,MODERATE,Historical TCPD + ML Risk Model + Gemini Live Sentiment,LEFT+,TMC,8.9,True
West Bengal,SOUTH 24 PARGANAS,Maheshtala,2021,AITC,BJP,TMC,26.34,19.75,80.91,8.5,56.38,11,LOW,1,50.0,50.0,75.0,20.0,1,Trinamool Congress,N/A,0.49,3.32,SAFE HOLD,HIGH,Historical TCPD + ML Risk Model + Gemini Live Sentiment,TMC,BJP+,16.75,False
West Bengal,MURSHIDABAD,Lalgola,2021,AITC,INC,AITC,31.88,19.19,81.07,14.03,56.64,15,LOW,1,50.0,50.0,75.0,20.0,1,,N/A,0.51,5.19,SAFE HOLD,HIGH,Historical TCPD + ML Risk Model + Gemini Live Sentiment,TMC,LEFT+,16.19,False
West Bengal,NORTH 24 PARGANAS,Kamarhati,2021,AITC,BJP,AITC,24.54,21.4,72.88,9.19,51.17,14,LOW,1,50.0,50.0,75.0,20.0,1,,N/A,0.46,3.52,SAFE HOLD,HIGH,Historical TCPD + ML Risk Model + Gemini Live Sentiment,TMC,BJP+,18.4,False
West Bengal,HOWRAH,Howrah Madhya,2021,AITC,BJP,AITC,23.85,28.15,73.09,0.94,57.16,3,LOW,1,50.0,50.0,75.0,20.0,1,,N/A,0.35,0.66,SAFE HOLD,HIGH,Historical TCPD + ML Risk Model + Gemini Live Sentiment,TMC,BJP+,25.15,False
West Bengal,PASCHIM MEDINIPUR,Garbeta,2021,AITC,BJP,AITC,5.09,15.61,89.23,1.65,45.71,3,LOW,1,50.0,50.0,75.0,20.0,1,,N/A,0.62,1.17,SAFE HOLD,HIGH,Historical TCPD + ML Risk Model + Gemini Live Sentiment,TMC,BJP+,12.61,False
West Bengal,NORTH 24 PARGANAS,Deganga,2021,AITC,RSSCMJP,AITC,15.18,16.31,88.13,12.9,46.7,15,LOW,1,50.0,50.0,75.0,20.0,1,,N/A,0.59,4.89,SAFE HOLD,HIGH,Historical TCPD + ML Risk Model + Gemini Live Sentiment,TMC,LEFT+,13.309999999999999,False
West Bengal,HOWRAH,Domjur,2021,AITC,BJP,AITC,16.98,16.86,83.75,7.63,52.0,15,LOW,1,50.0,50.0,75.0,20.0,1,,N/A,0.58,3.12,SAFE HOLD,HIGH,Historical TCPD + ML Risk Model + Gemini Live Sentiment,TMC,BJP+,13.86,False
West Bengal,,Labpur,1967,INC,CPM,BJP+ Candidate,18.48,18.48,53.74,0.0,59.24,1,LOW,1,50.0,50.0,75.0,20.0,1,,N/A,0.53,0.53,SWING / FLIP,MODERATE,Historical TCPD + ML Risk Model + Gemini Live Sentiment,LEFT+,LEFT+,15.48,True
West Bengal,BANKURA,Taldangra,2021,AITC,BJP,AITC,6.09,19.19,86.73,9.62,45.29,14,LOW,1,50.0,50.0,75.0,20.0,1,,N/A,0.51,3.72,SAFE HOLD,HIGH,Historical TCPD + ML Risk Model + Gemini Live Sentiment,TMC,BJP+,16.19,False
West Bengal,MURSHIDABAD,Jalangi,2021,AITC,CPM,Independent politician,35.68,14.45,84.55,15.81,55.74,15,LOW,1,50.0,50.0,75.0,20.0,1,Independent politician,N/A,0.67,5.94,LIKELY HOLD,MODERATE,Historical TCPD + ML Risk Model + Gemini Live Sentiment,TMC,LEFT+,11.45,False
West Bengal,SOUTH 24 PARGANAS,Sonarpur Uttar,2021,AITC,BJP,AITC,15.01,14.45,79.88,1.02,49.88,3,LOW,1,50.0,50.0,75.0,20.0,1,,N/A,0.67,1.01,LIKELY HOLD,MODERATE,Historical TCPD + ML Risk Model + Gemini Live Sentiment,TMC,BJP+,11.45,False
West Bengal,NADIA,Haringhata,2021,BJP,AITC,BJP,7.21,10.79,87.13,10.64,46.31,15,LOW,1,50.0,50.0,75.0,20.0,1,,N/A,0.89,4.44,LIKELY HOLD,MODERATE,Historical TCPD + ML Risk Model + Gemini Live Sentiment,BJP+,TMC,,False
West Bengal,MURSHIDABAD,Khargram,2021,AITC,BJP,BJP,17.52,11.03,81.02,15.61,50.15,15,LOW,1,50.0,50.0,75.0,20.0,1,Trinamool Congress,N/A,0.87,6.07,SWING / FLIP,MODERATE,Historical TCPD + ML Risk Model + Gemini Live Sentiment,TMC,BJP+,8.03,True
West Bengal,BARDHAMAN,Bhatar,2021,AITC,BJP,AITC,14.82,16.92,86.63,14.69,50.44,15,LOW,1,50.0,50.0,75.0,20.0,1,,N/A,0.57,5.47,SAFE HOLD,HIGH,Historical TCPD + ML Risk Model + Gemini Live Sentiment,TMC,BJP+,13.920000000000002,False
West Bengal,NORTH 24 PARGANAS,Noapara,2021,AITC,BJP,AITC,13.87,15.09,73.07,7.97,48.9,16,LOW,1,50.0,50.0,75.0,20.0,1,,N/A,0.64,3.3,SAFE HOLD,HIGH,Historical TCPD + ML Risk Model + Gemini Live Sentiment,TMC,BJP+,12.09,False
West Bengal,JALPAIGURI,Jalpaiguri,2021,AITC,BJP,BJP,0.42,8.35,84.24,11.62,42.34,15,LOW,1,50.0,50.0,75.0,20.0,1,Trinamool Congress,N/A,1.13,5.0,SWING / FLIP,MODERATE,Historical TCPD + ML Risk Model + Gemini Live Sentiment,TMC,BJP+,5.35,True
West Bengal,BARDHAMAN,Pandabeswar,2021,AITC,BJP,BJP,2.31,3.89,76.47,1.76,44.99,3,MODERATE,2,50.0,50.0,75.0,20.0,1,,N/A,2.28,2.87,SWING / FLIP,MODERATE,Historical TCPD + ML Risk Model + Gemini Live Sentiment,TMC,BJP+,0.8900000000000001,True
West Bengal,,English Bazar,2021,BJP,AITC,BJP,9.32,9.66,77.53,11.61,49.96,16,LOW,1,50.0,50.0,75.0,20.0,1,,N/A,0.98,4.85,LIKELY HOLD,MODERATE,Historical TCPD + ML Risk Model + Gemini Live Sentiment,BJP+,TMC,,False
West Bengal,DARJEELING,Matigara-Naxalbari,2021,BJP,AITC,BJP,29.45,14.17,83.43,0.55,58.1,3,LOW,1,50.0,50.0,75.0,20.0,1,Bharatiya Janata Party,N/A,0.68,0.86,LIKELY HOLD,MODERATE,Historical TCPD + ML Risk Model + Gemini Live Sentiment,BJP+,TMC,,False
West Bengal,MURSHIDABAD,Burwan,2021,AITC,BJP,BJP,1.55,3.96,81.12,2.17,46.32,3,MODERATE,2,50.0,50.0,75.0,20.0,1,,N/A,2.24,2.96,SWING / FLIP,MODERATE,Historical TCPD + ML Risk Model + Gemini Live Sentiment,TMC,BJP+,0.96,True
West Bengal,,Kashipur-Belgachhia,2021,BJP,AITC,BJP,3.79,16.06,81.39,16.54,47.69,14,LOW,1,50.0,50.0,75.0,20.0,1,,N/A,0.6,6.11,SAFE HOLD,HIGH,Historical TCPD + ML Risk Model + Gemini Live Sentiment,BJP+,TMC,,False
West Bengal,JALPAIGURI,Madarihat,2021,BJP,AITC,BJP,17.78,14.98,78.14,11.7,54.35,15,LOW,1,50.0,50.0,75.0,20.0,1,Bharatiya Janata Party,N/A,0.65,4.55,LIKELY HOLD,MODERATE,Historical TCPD + ML Risk Model + Gemini Live Sentiment,BJP+,TMC,,False
West Bengal,NORTH 24 PARGANAS,Bidhannagar,2021,AITC,BJP,BJP,4.94,11.2,66.47,3.41,46.85,3,LOW,1,50.0,50.0,75.0,20.0,1,,N/A,0.85,1.99,SWING / FLIP,MODERATE,Historical TCPD + ML Risk Model + Gemini Live Sentiment,TMC,BJP+,8.2,True
West Bengal,HOWRAH,Panchla,2021,AITC,BJP,BJP,15.09,12.8,81.38,8.51,48.19,16,LOW,1,50.0,50.0,75.0,20.0,1,,N/A,0.75,3.59,SWING / FLIP,MODERATE,Historical TCPD + ML Risk Model + Gemini Live Sentiment,TMC,BJP+,9.8,True
West Bengal,MURSHIDABAD,Jangipur,2021,AITC,BJP,BJP,46.65,11.83,77.73,13.71,68.82,15,LOW,1,50.0,50.0,75.0,20.0,1,,N/A,0.81,5.38,SWING / FLIP,MODERATE,Historical TCPD + ML Risk Model + Gemini Live Sentiment,TMC,BJP+,8.83,True
West Bengal,PURBA MEDINIPUR,Ramnagar,2021,AITC,BJP,BJP,5.64,9.82,83.39,14.35,50.72,16,LOW,1,50.0,50.0,75.0,20.0,1,Trinamool Congress,N/A,0.97,5.75,SWING / FLIP,MODERATE,Historical TCPD + ML Risk Model + Gemini Live Sentiment,TMC,BJP+,6.82,True
West Bengal,NORTH 24 PARGANAS,Khardaha,2021,AITC,AITC,AITC,15.36,26.54,79.13,7.58,49.04,4,LOW,1,50.0,50.0,75.0,20.0,1,,N/A,0.37,2.9,SAFE HOLD,HIGH,Historical TCPD + ML Risk Model + Gemini Live Sentiment,TMC,TMC,23.54,False
West Bengal,HOOGHLY,Pursurah,2021,BJP,AITC,BJP,12.63,16.33,85.32,10.18,53.5,14,LOW,1,50.0,50.0,75.0,20.0,1,Bharatiya Janata Party,N/A,0.59,3.98,SAFE HOLD,HIGH,Historical TCPD + ML Risk Model + Gemini Live Sentiment,BJP+,TMC,,False
West Bengal,SOUTH 24 PARGANAS,Mandirbazar,2021,AITC,BJP,BJP,11.78,8.21,86.92,7.74,48.04,10,CRITICAL,4,50.0,50.0,75.0,20.0,1,,N/A,1.15,3.73,SWING / FLIP,MODERATE,Historical TCPD + ML Risk Model + Gemini Live Sentiment,TMC,BJP+,5.210000000000001,True
